﻿<?xml version="1.0" encoding="UTF-8"?>
<book name="Marcos" abbrev="mc" chapters="16">
	<chapter number="1">
		<verse number="1">Princípio do evangelho de Jesus Cristo, o Filho de Deus.</verse>
		<verse number="2">Conforme está escrito no profeta Isaías: &quot;Enviarei à tua frente o meu mensageiro; ele preparará o teu caminho&quot;—</verse>
		<verse number="3">&quot;voz do que clama no deserto: ‘Preparem o caminho para o Senhor, façam veredas retas para ele’ &quot;.</verse>
		<verse number="4">Assim surgiu João, batizando no deserto e pregando um batismo de arrependimento para o perdão dos pecados.</verse>
		<verse number="5">A ele vinha toda a região da Judéia e todo o povo de Jerusalém. Confessando os seus pecados, eram batizados por ele no rio Jordão.</verse>
		<verse number="6">João vestia roupas feitas de pêlos de camelo, usava um cinto de couro e comia gafanhotos e mel silvestre.</verse>
		<verse number="7">E esta era a sua mensagem: &quot;Depois de mim vem alguém mais poderoso do que eu, tanto que não sou digno nem de curvar-me e desamarrar as correias das suas sandálias.</verse>
		<verse number="8">Eu os batizo com água, mas ele os batizará com o Espírito Santo&quot;.</verse>
		<verse number="9">Naquela ocasião Jesus veio de Nazaré da Galiléia e foi batizado por João no Jordão.</verse>
		<verse number="10">Assim que saiu da água, Jesus viu os céus se abrindo, e o Espírito descendo como pomba sobre ele.</verse>
		<verse number="11">Então veio dos céus uma voz: &quot;Tu és o meu Filho amado; em ti me agrado&quot;.</verse>
		<verse number="12">Logo após, o Espírito o impeliu para o deserto.</verse>
		<verse number="13">Ali esteve quarenta dias, sendo tentado por Satanás. Estava com os animais selvagens, e os anjos o serviam.</verse>
		<verse number="14">Depois que João foi preso, Jesus foi para a Galiléia, proclamando as boas novas de Deus.</verse>
		<verse number="15">&quot;O tempo é chegado&quot;, dizia ele. &quot;O Reino de Deus está próximo. Arrependam-se e creiam nas boas novas! &quot;</verse>
		<verse number="16">Andando à beira do mar da Galiléia, Jesus viu Simão e seu irmão André lançando redes ao mar, pois eram pescadores.</verse>
		<verse number="17">E disse Jesus: &quot;Sigam-me, e eu os farei pescadores de homens&quot;.</verse>
		<verse number="18">No mesmo instante eles deixaram as suas redes e o seguiram.</verse>
		<verse number="19">Indo um pouco mais adiante, viu num barco Tiago, filho de Zebedeu, e João, seu irmão, preparando as suas redes.</verse>
		<verse number="20">Logo os chamou, e eles o seguiram, deixando Zebedeu, seu pai, com os empregados no barco.</verse>
		<verse number="21">Eles foram para Cafarnaum e, assim que chegou o sábado, Jesus entrou na sinagoga e começou a ensinar.</verse>
		<verse number="22">Todos ficavam maravilhados com o seu ensino, porque lhes ensinava como alguém que tem autoridade e não como os mestres da lei.</verse>
		<verse number="23">Justamente naquela hora, na sinagoga, um homem possesso de um espírito imundo gritou:</verse>
		<verse number="24">&quot;O que queres conosco, Jesus de Nazaré? Vieste para nos destruir? Sei quem tu és: o Santo de Deus! &quot;</verse>
		<verse number="25">&quot;Cale-se e saia dele! &quot;, repreendeu-o Jesus.</verse>
		<verse number="26">O espírito imundo sacudiu o homem violentamente e saiu dele gritando.</verse>
		<verse number="27">Todos ficaram tão admirados que perguntavam uns aos outros: &quot;O que é isto? Um novo ensino — e com autoridade! Até aos espíritos imundos ele dá ordens, e eles lhe obedecem! &quot;</verse>
		<verse number="28">As notícias a seu respeito se espalharam rapidamente por toda a região da Galiléia.</verse>
		<verse number="29">Logo que saíram da sinagoga, foram com Tiago e João à casa de Simão e André.</verse>
		<verse number="30">A sogra de Simão estava de cama, com febre, e falaram a respeito dela a Jesus.</verse>
		<verse number="31">Então ele se aproximou dela, tomou-a pela mão e ajudou-a a levantar-se. A febre a deixou, e ela começou a servi-los.</verse>
		<verse number="32">Ao anoitecer, depois do pôr-do-sol, o povo levou a Jesus todos os doentes e os endemoninhados.</verse>
		<verse number="33">Toda a cidade se reuniu à porta da casa,</verse>
		<verse number="34">e Jesus curou muitos que sofriam de várias doenças. Também expulsou muitos demônios; não permitia, porém, que estes falassem, porque sabiam quem ele era.</verse>
		<verse number="35">De madrugada, quando ainda estava escuro, Jesus levantou-se, saiu de casa e foi para um lugar deserto, onde ficou orando.</verse>
		<verse number="36">Simão e seus companheiros foram procurá-lo</verse>
		<verse number="37">e, ao encontrá-lo, disseram: &quot;Todos estão te procurando! &quot;</verse>
		<verse number="38">Jesus respondeu: &quot;Vamos para outro lugar, para os povoados vizinhos, para que também lá eu pregue. Foi para isso que eu vim&quot;.</verse>
		<verse number="39">Então ele percorreu toda a Galiléia, pregando nas sinagogas e expulsando os demônios.</verse>
		<verse number="40">Um leproso aproximou-se dele e suplicou-lhe de joelhos: &quot;Se quiseres, podes purificar-me! &quot;</verse>
		<verse number="41">Cheio de compaixão, Jesus estendeu a mão, tocou nele e disse: &quot;Quero. Seja purificado! &quot;</verse>
		<verse number="42">Imediatamente a lepra o deixou, e ele foi purificado.</verse>
		<verse number="43">Em seguida Jesus o despediu, com uma severa advertência:</verse>
		<verse number="44">&quot;Olhe, não conte isso a ninguém. Mas vá mostrar-se ao sacerdote e ofereça pela sua purificação os sacrifícios que Moisés ordenou, para que sirva de testemunho&quot;.</verse>
		<verse number="45">Ele, porém, saiu e começou a tornar público o fato, espalhando a notícia. Por isso Jesus não podia mais entrar publicamente em nenhuma cidade, mas ficava fora, em lugares solitários. Todavia, assim mesmo vinha a ele gente de todas as partes.</verse>
	</chapter>
	<chapter number="2">
		<verse number="1">Poucos dias depois, tendo Jesus entrado novamente em Cafarnaum, o povo ouviu falar que ele estava em casa.</verse>
		<verse number="2">Então muita gente se reuniu ali, de forma que não havia lugar nem junto à porta; e ele lhes pregava a palavra.</verse>
		<verse number="3">Vieram alguns homens, trazendo-lhe um paralítico, carregado por quatro deles.</verse>
		<verse number="4">Não podendo levá-lo até Jesus, por causa da multidão, removeram parte da cobertura do lugar onde Jesus estava e, através de uma abertura no teto, baixaram a maca em que estava deitado o paralítico.</verse>
		<verse number="5">Vendo a fé que eles tinham, Jesus disse ao paralítico: &quot;Filho, os seus pecados estão perdoados&quot;.</verse>
		<verse number="6">Estavam sentados ali alguns mestres da lei, raciocinando em seu íntimo:</verse>
		<verse number="7">&quot;Por que esse homem fala assim? Está blasfemando! Quem pode perdoar pecados, a não ser somente Deus? &quot;</verse>
		<verse number="8">Jesus percebeu logo em seu espírito que era isso que eles estavam pensando e lhes disse: &quot;Por que vocês estão remoendo essas coisas em seus corações?</verse>
		<verse number="9">Que é mais fácil dizer ao paralítico: ‘Os seus pecados estão perdoados’, ou: ‘Levante-se, pegue a sua maca e ande’?</verse>
		<verse number="10">Mas, para que vocês saibam que o Filho do homem tem na terra autoridade para perdoar pecados — disse ao paralítico —</verse>
		<verse number="11">eu lhe digo: Levante-se, pegue a sua maca e vá para casa&quot;.</verse>
		<verse number="12">Ele se levantou, pegou a maca e saiu à vista de todos. Estes ficaram atônitos e glorificaram a Deus, dizendo: &quot;Nunca vimos nada igual! &quot;</verse>
		<verse number="13">Jesus saiu outra vez para beira-mar. Uma grande multidão aproximou-se, e ele começou a ensiná-los.</verse>
		<verse number="14">Passando por ali, viu Levi, filho de Alfeu, sentado na coletoria, e disse-lhe: &quot;Siga-me&quot;. Levi levantou-se e o seguiu.</verse>
		<verse number="15">Durante uma refeição na casa de Levi, muitos publicanos e &quot;pecadores&quot; estavam comendo com Jesus e seus discípulos, pois havia muitos que o seguiam.</verse>
		<verse number="16">Quando os mestres da lei que eram fariseus o viram comendo com &quot;pecadores&quot; e publicanos, perguntaram aos discípulos de Jesus: &quot;Por que ele come com publicanos e ‘pecadores’? &quot;</verse>
		<verse number="17">Ouvindo isso, Jesus lhes disse: &quot;Não são os que têm saúde que precisam de médico, mas sim os doentes. Eu não vim para chamar justos, mas pecadores&quot;.</verse>
		<verse number="18">Os discípulos de João e os fariseus estavam jejuando. Algumas pessoas vieram a Jesus e lhe perguntaram: &quot;Por que os discípulos de João e os dos fariseus jejuam, mas os teus não? &quot;</verse>
		<verse number="19">Jesus respondeu: &quot;Como podem os convidados do noivo jejuar enquanto este está com eles? Não podem, enquanto o têm consigo.</verse>
		<verse number="20">Mas virão dias quando o noivo lhes será tirado; e nesse tempo jejuarão.</verse>
		<verse number="21">&quot;Ninguém põe remendo de pano novo em roupa velha, pois o remendo forçará a roupa, tornando pior o rasgo.</verse>
		<verse number="22">E ninguém põe vinho novo em vasilhas de couro velhas; se o fizer, o vinho rebentará as vasilhas, e tanto o vinho quanto as vasilhas se estragarão. Pelo contrário, põe-se vinho novo em vasilhas de couro novas&quot;.</verse>
		<verse number="23">Certo sábado Jesus estava passando pelas lavouras de cereal. Enquanto caminhavam, seus discípulos começaram a colher espigas.</verse>
		<verse number="24">Os fariseus lhe perguntaram: &quot;Olha, por que eles estão fazendo o que não é permitido no sábado? &quot;</verse>
		<verse number="25">Ele respondeu: &quot;Vocês nunca leram o que fez Davi quando ele e seus companheiros estavam necessitados e com fome?</verse>
		<verse number="26">Nos dias de Abiatar, o sumo sacerdote, ele entrou na casa de Deus e comeu os pães da Presença, que apenas aos sacerdotes era permitido comer, e os deu também aos seus companheiros&quot;.</verse>
		<verse number="27">E então lhes disse: &quot;O sábado foi feito por causa do homem, e não o homem por causa do sábado.</verse>
		<verse number="28">Assim, pois, o Filho do homem é Senhor até mesmo do sábado&quot;.</verse>
	</chapter>
	<chapter number="3">
		<verse number="1">Noutra ocasião ele entrou na sinagoga, e estava ali um homem com uma das mãos atrofiada.</verse>
		<verse number="2">Alguns deles estavam procurando um motivo para acusar Jesus; por isso o observavam atentamente, para ver se ele iria curá-lo no sábado.</verse>
		<verse number="3">Jesus disse ao homem da mão atrofiada: &quot;Levante-se e venha para o meio&quot;.</verse>
		<verse number="4">Depois Jesus lhes perguntou: &quot;O que é permitido fazer no sábado: o bem ou o mal, salvar a vida ou matar? &quot; Mas eles permaneceram em silêncio.</verse>
		<verse number="5">Irado, olhou para os que estavam à sua volta e, profundamente entristecido por causa dos seus corações endurecidos, disse ao homem: &quot;Estenda a mão&quot;. Ele a estendeu, e ela foi restaurada.</verse>
		<verse number="6">Então os fariseus saíram e começaram a conspirar com os herodianos contra Jesus, sobre como poderiam matá-lo.</verse>
		<verse number="7">Jesus retirou-se com os seus discípulos para o mar, e uma grande multidão vinda da Galiléia o seguia.</verse>
		<verse number="8">Quando ouviram a respeito de tudo o que ele estava fazendo, muitas pessoas procedentes da Judéia, de Jerusalém, da Iduméia e das regiões do outro lado do Jordão e dos arredores de Tiro e de Sidom foram atrás dele.</verse>
		<verse number="9">Por causa da multidão, ele disse aos discípulos que lhe preparassem um pequeno barco, para evitar que o comprimissem.</verse>
		<verse number="10">Pois ele havia curado a muitos, de modo que os que sofriam de doenças ficavam se empurrando para conseguir tocar nele.</verse>
		<verse number="11">Sempre que os espíritos imundos o viam, prostravam-se diante dele e gritavam: &quot;Tu és o Filho de Deus&quot;.</verse>
		<verse number="12">Mas ele lhes dava ordens severas para que não dissessem quem ele era.</verse>
		<verse number="13">Jesus subiu a um monte e chamou a si aqueles que ele quis, os quais vieram para junto dele.</verse>
		<verse number="14">Escolheu doze, designando-os como apóstolos, para que estivessem com ele, os enviasse a pregar</verse>
		<verse number="15">e tivessem autoridade para expulsar demônios.</verse>
		<verse number="16">Estes são os doze que ele escolheu: Simão, a quem deu o nome de Pedro;</verse>
		<verse number="17">Tiago, filho de Zebedeu, e João, seu irmão, aos quais deu o nome de Boanerges, que significa filhos do trovão;</verse>
		<verse number="18">André; Filipe; Bartolomeu; Mateus; Tomé; Tiago, filho de Alfeu; Tadeu; Simão, o zelote,</verse>
		<verse number="19">e Judas Iscariotes, que o traiu.</verse>
		<verse number="20">Então Jesus entrou numa casa, e novamente reuniu-se ali uma multidão, de modo que ele e os seus discípulos não conseguiam nem comer.</verse>
		<verse number="21">Quando seus familiares ouviram falar disso, saíram para apoderar-se dele, pois diziam: &quot;Ele está fora de si&quot;.</verse>
		<verse number="22">E os mestres da lei que haviam descido de Jerusalém diziam: &quot;Ele está com Belzebu! Pelo príncipe dos demônios é que ele expulsa demônios&quot;.</verse>
		<verse number="23">Então Jesus os chamou e lhes falou por parábolas: &quot;Como pode Satanás expulsar Satanás?</verse>
		<verse number="24">Se um reino estiver dividido contra si mesmo, não poderá subsistir.</verse>
		<verse number="25">Se uma casa estiver dividida contra si mesma, também não poderá subsistir.</verse>
		<verse number="26">E se Satanás se opuser a si mesmo e estiver dividido, não poderá subsistir; chegou o seu fim.</verse>
		<verse number="27">De fato, ninguém pode entrar na casa do homem forte e levar dali os seus bens, sem que antes o amarre. Só então poderá roubar a casa dele.</verse>
		<verse number="28">Eu lhes asseguro que todos os pecados e blasfêmias dos homens lhes serão perdoados,</verse>
		<verse number="29">mas quem blasfemar contra o Espírito Santo nunca terá perdão: é culpado de pecado eterno&quot;.</verse>
		<verse number="30">Jesus falou isso porque eles estavam dizendo: &quot;Ele está com um espírito imundo&quot;.</verse>
		<verse number="31">Então chegaram a mãe e os irmãos de Jesus. Ficando do lado de fora, mandaram alguém chamá-lo.</verse>
		<verse number="32">Havia muita gente assentada ao seu redor; e lhe disseram: &quot;Tua mãe e teus irmãos estão lá fora e te procuram&quot;.</verse>
		<verse number="33">&quot;Quem é minha mãe, e quem são meus irmãos? &quot;, perguntou ele.</verse>
		<verse number="34">Então olhou para os que estavam assentados ao seu redor e disse: &quot;Aqui estão minha mãe e meus irmãos!</verse>
		<verse number="35">Quem faz a vontade de Deus, este é meu irmão, minha irmã e minha mãe&quot;.</verse>
	</chapter>
	<chapter number="4">
		<verse number="1">Novamente Jesus começou a ensinar à beira-mar. Reuniu-se ao seu redor uma multidão tão grande que ele teve que entrar num barco e assentar-se nele. O barco estava no mar, enquanto todo o povo ficava na beira da praia.</verse>
		<verse number="2">Ele lhes ensinava muitas coisas por parábolas, dizendo em seu ensino:</verse>
		<verse number="3">&quot;Ouçam! O semeador saiu a semear.</verse>
		<verse number="4">Enquanto lançava a semente, parte dela caiu à beira do caminho, e as aves vieram e a comeram.</verse>
		<verse number="5">Parte dela caiu em terreno pedregoso, onde não havia muita terra; e logo brotou, porque a terra não era profunda.</verse>
		<verse number="6">Mas quando saiu o sol, as plantas se queimaram e secaram, porque não tinham raiz.</verse>
		<verse number="7">Outra parte caiu entre espinhos, que cresceram e sufocaram as plantas, de forma que ela não deu fruto.</verse>
		<verse number="8">Outra ainda caiu em boa terra, germinou, cresceu e deu boa colheita, a trinta, sessenta e até cem por um&quot;.</verse>
		<verse number="9">A seguir Jesus acrescentou: &quot;Aquele que tem ouvidos para ouvir, ouça! &quot;</verse>
		<verse number="10">Quando ele ficou sozinho, os Doze e os outros que estavam ao seu redor lhe fizeram perguntas acerca das parábolas.</verse>
		<verse number="11">Ele lhes disse: &quot;A vocês foi dado o mistério do Reino de Deus, mas aos que estão fora tudo é dito por parábolas,</verse>
		<verse number="12">a fim de que, ‘ainda que vejam, não percebam, ainda que ouçam, não entendam; de outro modo, poderiam converter-se e ser perdoados! ’&quot;</verse>
		<verse number="13">Então Jesus lhes perguntou: &quot;Vocês não entendem esta parábola? Como, então, compreenderão todas as outras parábolas?</verse>
		<verse number="14">O semeador semeia a palavra.</verse>
		<verse number="15">Algumas pessoas são como a semente à beira do caminho, onde a palavra é semeada. Logo que a ouvem, Satanás vem e retira a palavra nelas semeada.</verse>
		<verse number="16">Outras, como a semente lançada em terreno pedregoso, ouvem a palavra e logo a recebem com alegria.</verse>
		<verse number="17">Todavia, visto que não têm raiz em si mesmas, permanecem por pouco tempo. Quando surge alguma tribulação ou perseguição por causa da palavra, logo a abandonam.</verse>
		<verse number="18">Outras ainda, como a semente lançada entre espinhos, ouvem a palavra;</verse>
		<verse number="19">mas quando chegam as preocupações desta vida, o engano das riquezas e os anseios por outras coisas, sufocam a palavra, tornando-a infrutífera.</verse>
		<verse number="20">Outras pessoas são como a semente lançada em boa terra: ouvem a palavra, aceitam-na e dão uma colheita de trinta, sessenta e até cem por um&quot;.</verse>
		<verse number="21">Ele lhes disse: &quot;Quem traz uma candeia para ser colocada debaixo de uma vasilha ou de uma cama? Acaso não a coloca num lugar apropriado?</verse>
		<verse number="22">Porque não há nada oculto, senão para ser revelado, e nada escondido senão para ser trazido à luz.</verse>
		<verse number="23">Se alguém tem ouvidos para ouvir, ouça!</verse>
		<verse number="24">&quot;Considerem atentamente o que vocês estão ouvindo&quot;, continuou ele. &quot;Com a medida com que medirem, vocês serão medidos; e ainda mais lhes acrescentarão.</verse>
		<verse number="25">A quem tiver, mais lhe será dado; de quem não tiver, até o que tem lhe será tirado&quot;.</verse>
		<verse number="26">Ele prosseguiu dizendo: &quot;O Reino de Deus é semelhante a um homem que lança a semente sobre a terra.</verse>
		<verse number="27">Noite e dia, quer ele durma quer se levante, a semente germina e cresce, embora ele não saiba como.</verse>
		<verse number="28">A terra por si própria produz o grão: primeiro o talo, depois a espiga e, então, o grão cheio na espiga.</verse>
		<verse number="29">Logo que o grão fica maduro, o homem lhe passa a foice, porque chegou a colheita&quot;.</verse>
		<verse number="30">Novamente ele disse: &quot;Com que compararemos o Reino de Deus? Que parábola usaremos para descrevê-lo?</verse>
		<verse number="31">É como um grão de mostarda, que, quando plantada, é a menor semente de todas.</verse>
		<verse number="32">No entanto, plantada, ela cresce e se torna a maior de todas as hortaliças, com ramos tão grandes que as aves do céu podem abrigar-se à sua sombra&quot;.</verse>
		<verse number="33">Com muitas parábolas semelhantes Jesus lhes anunciava a palavra, tanto quanto podiam receber.</verse>
		<verse number="34">Não lhes dizia nada sem usar alguma parábola. Quando, porém, estava a sós com os seus discípulos, explicava-lhes tudo.</verse>
		<verse number="35">Naquele dia, ao anoitecer, disse ele aos seus discípulos: &quot;Vamos atravessar para o outro lado&quot;.</verse>
		<verse number="36">Deixando a multidão, eles o levaram no barco, assim como estava. Outros barcos também o acompanhavam.</verse>
		<verse number="37">Levantou-se um forte vendaval, e as ondas se lançavam sobre o barco, de forma que este foi se enchendo de água.</verse>
		<verse number="38">Jesus estava na popa, dormindo com a cabeça sobre um travesseiro. Os discípulos o acordaram e clamaram: &quot;Mestre, não te importas que morramos? &quot;</verse>
		<verse number="39">Ele se levantou, repreendeu o vento e disse ao mar: &quot;Aquiete-se! Acalme-se! &quot; O vento se aquietou, e fez-se completa bonança.</verse>
		<verse number="40">Então perguntou aos seus discípulos: &quot;Por que vocês estão com tanto medo? Ainda não têm fé? &quot;</verse>
		<verse number="41">Eles estavam apavorados e perguntavam uns aos outros: &quot;Quem é este que até o vento e o mar lhe obedecem? &quot;</verse>
	</chapter>
	<chapter number="5">
		<verse number="1">Eles atravessaram o mar e foram para a região dos gerasenos.</verse>
		<verse number="2">Quando Jesus desembarcou, um homem com um espírito imundo veio dos sepulcros ao seu encontro.</verse>
		<verse number="3">Esse homem vivia nos sepulcros, e ninguém conseguia prendê-lo, nem mesmo com correntes;</verse>
		<verse number="4">pois muitas vezes lhe haviam sido acorrentados pés e mãos, mas ele arrebentara as correntes e quebrara os ferros de seus pés. Ninguém era suficientemente forte para dominá-lo.</verse>
		<verse number="5">Noite e dia ele andava gritando e cortando-se com pedras entre os sepulcros e nas colinas.</verse>
		<verse number="6">Quando ele viu Jesus de longe, correu e prostrou-se diante dele,</verse>
		<verse number="7">e gritou em alta voz: &quot;Que queres comigo, Jesus, Filho do Deus Altíssimo? Rogo-te por Deus que não me atormentes! &quot;</verse>
		<verse number="8">Pois Jesus lhe tinha dito: &quot;Saia deste homem, espírito imundo! &quot;</verse>
		<verse number="9">Então Jesus lhe perguntou: &quot;Qual é o seu nome? &quot; &quot;Meu nome é Legião&quot;, respondeu ele, &quot;porque somos muitos&quot;.</verse>
		<verse number="10">E implorava a Jesus, com insistência, que não os mandasse sair daquela região.</verse>
		<verse number="11">Uma grande manada de porcos estava pastando numa colina próxima.</verse>
		<verse number="12">Os demônios imploraram a Jesus: &quot;Manda-nos para os porcos, para que entremos neles&quot;.</verse>
		<verse number="13">Ele lhes deu permissão, e os espíritos imundos saíram e entraram nos porcos. A manada de cerca de dois mil porcos atirou-se precipício abaixo, em direção ao mar, e nele se afogou.</verse>
		<verse number="14">Os que cuidavam dos porcos fugiram e contaram esses fatos na cidade e nos campos, e o povo foi ver o que havia acontecido.</verse>
		<verse number="15">Quando se aproximaram de Jesus, viram ali o homem que fora possesso da legião de demônios, assentado, vestido e em perfeito juízo; e ficaram com medo.</verse>
		<verse number="16">Os que o tinham visto contaram ao povo o que acontecera ao endemoninhado, e falaram também sobre os porcos.</verse>
		<verse number="17">Então o povo começou a suplicar a Jesus que saísse do território deles.</verse>
		<verse number="18">Quando Jesus estava entrando no barco, o homem que estivera endemoninhado suplicava-lhe que o deixasse ir com ele.</verse>
		<verse number="19">Jesus não o permitiu, mas disse: &quot;Vá para casa, para a sua família e anuncie-lhes quanto o Senhor fez por você e como teve misericórdia de você&quot;.</verse>
		<verse number="20">Então, aquele homem se foi e começou a anunciar em Decápolis quanto Jesus tinha feito por ele. Todos ficavam admirados.</verse>
		<verse number="21">Tendo Jesus voltado de barco para a outra margem, uma grande multidão se reuniu ao seu redor, enquanto ele estava à beira do mar.</verse>
		<verse number="22">Então chegou ali um dos dirigentes da sinagoga, chamado Jairo. Vendo Jesus, prostrou-se aos seus pés</verse>
		<verse number="23">e lhe implorou insistentemente: &quot;Minha filhinha está morrendo! Vem, por favor, e impõe as mãos sobre ela, para que seja curada e viva&quot;.</verse>
		<verse number="24">Jesus foi com ele. Uma grande multidão o seguia e o comprimia.</verse>
		<verse number="25">E estava ali certa mulher que havia doze anos vinha sofrendo de uma hemorragia.</verse>
		<verse number="26">Ela padecera muito sob o cuidado de vários médicos e gastara tudo o que tinha, mas, em vez de melhorar, piorava.</verse>
		<verse number="27">Quando ouviu falar de Jesus, chegou-se por trás dele, no meio da multidão, e tocou em seu manto,</verse>
		<verse number="28">porque pensava: &quot;Se eu tão-somente tocar em seu manto, ficarei curada&quot;.</verse>
		<verse number="29">Imediatamente cessou sua hemorragia e ela sentiu em seu corpo que estava livre do seu sofrimento.</verse>
		<verse number="30">No mesmo instante, Jesus percebeu que dele havia saído poder, virou-se para a multidão e perguntou: &quot;Quem tocou em meu manto? &quot;</verse>
		<verse number="31">Responderam os seus discípulos: &quot;Vês a multidão aglomerada ao teu redor e ainda perguntas: ‘Quem tocou em mim? ’ &quot;</verse>
		<verse number="32">Mas Jesus continuou olhando ao seu redor para ver quem tinha feito aquilo.</verse>
		<verse number="33">Então a mulher, sabendo o que lhe tinha acontecido, aproximou-se, prostrou-se aos seus pés e, tremendo de medo, contou-lhe toda a verdade.</verse>
		<verse number="34">Então ele lhe disse: &quot;Filha, a sua fé a curou! Vá em paz e fique livre do seu sofrimento&quot;.</verse>
		<verse number="35">Enquanto Jesus ainda estava falando, chegaram algumas pessoas da casa de Jairo, o dirigente da sinagoga. &quot;Sua filha morreu&quot;, disseram eles. &quot;Não precisa mais incomodar o mestre! &quot;</verse>
		<verse number="36">Não fazendo caso do que eles disseram, Jesus disse ao dirigente da sinagoga: &quot;Não tenha medo; tão-somente creia&quot;.</verse>
		<verse number="37">E não deixou ninguém segui-lo, senão Pedro, Tiago e João, irmão de Tiago.</verse>
		<verse number="38">Quando chegaram à casa do dirigente da sinagoga, Jesus viu um alvoroço, com gente chorando e se lamentando em alta voz.</verse>
		<verse number="39">Então entrou e lhes disse: &quot;Por que todo este alvoroço e lamento? A criança não está morta, mas dorme&quot;.</verse>
		<verse number="40">Mas todos começaram a rir de Jesus. Ele, porém, ordenou que eles saíssem, tomou consigo o pai e a mãe da criança e os discípulos que estavam com ele, e entrou onde se encontrava a criança.</verse>
		<verse number="41">Tomou-a pela mão e lhe disse: &quot;Talita cumi! &quot;, que significa: &quot;Menina, eu lhe ordeno, levante-se! &quot;.</verse>
		<verse number="42">Imediatamente a menina, que tinha doze anos de idade, levantou-se e começou a andar. Isso os deixou atônitos.</verse>
		<verse number="43">Ele deu ordens expressas para que não dissessem nada a ninguém e mandou que dessem a ela alguma coisa para comer.</verse>
	</chapter>
	<chapter number="6">
		<verse number="1">Jesus saiu dali e foi para a sua cidade, acompanhado dos seus discípulos.</verse>
		<verse number="2">Quando chegou o sábado, começou a ensinar na sinagoga, e muitos dos que o ouviam ficavam admirados. &quot;De onde lhe vêm estas coisas? &quot;, perguntavam eles. &quot;Que sabedoria é esta que lhe foi dada? E estes milagres que ele faz?</verse>
		<verse number="3">Não é este o carpinteiro, filho de Maria e irmão de Tiago, José, Judas e Simão? Não estão aqui conosco as suas irmãs? &quot; E ficavam escandalizados por causa dele.</verse>
		<verse number="4">Jesus lhes disse: &quot;Só em sua própria terra, entre seus parentes e em sua própria casa, é que um profeta não tem honra&quot;.</verse>
		<verse number="5">E não pôde fazer ali nenhum milagre, exceto impor as mãos sobre alguns doentes e curá-los.</verse>
		<verse number="6">E ficou admirado com a incredulidade deles. Então Jesus passou a percorrer os povoados, ensinando.</verse>
		<verse number="7">Chamando os Doze para junto de si, enviou-os de dois em dois e deu-lhes autoridade sobre os espíritos imundos.</verse>
		<verse number="8">Estas foram as suas instruções: &quot;Não levem nada pelo caminho, a não ser um bordão. Não levem pão, nem saco de viagem, nem dinheiro em seus cintos;</verse>
		<verse number="9">calcem sandálias, mas não levem túnica extra;</verse>
		<verse number="10">sempre que entrarem numa casa, fiquem ali até partirem;</verse>
		<verse number="11">e, se algum povoado não os receber nem os ouvir, sacudam a poeira dos seus pés quando saírem de lá, como testemunho contra eles&quot;.</verse>
		<verse number="12">Eles saíram e pregaram ao povo que se arrependesse.</verse>
		<verse number="13">Expulsavam muitos demônios, ungiam muitos doentes com óleo e os curavam.</verse>
		<verse number="14">O rei Herodes ouviu falar dessas coisas, pois o nome de Jesus havia se tornado bem conhecido. Algumas pessoas estavam dizendo: &quot;João Batista ressuscitou dos mortos! Por isso estão operando nele poderes miraculosos&quot;.</verse>
		<verse number="15">Outros diziam: &quot;Ele é Elias&quot;. E ainda outros afirmavam: &quot;Ele é um profeta, como um dos antigos profetas&quot;.</verse>
		<verse number="16">Mas quando Herodes ouviu essas coisas, disse: &quot;João, o homem a quem decapitei, ressuscitou dos mortos! &quot;</verse>
		<verse number="17">Pois o próprio Herodes tinha dado ordens para que prendessem João, o amarrassem e o colocassem na prisão, por causa de Herodias, mulher de Filipe, seu irmão, com a qual se casara.</verse>
		<verse number="18">Porquanto João dizia a Herodes: &quot;Não te é permitido viver com a mulher do teu irmão&quot;.</verse>
		<verse number="19">Assim, Herodias o odiava e queria matá-lo. Mas não podia fazê-lo,</verse>
		<verse number="20">porque Herodes temia a João e o protegia, sabendo que ele era um homem justo e santo; e quando o ouvia, ficava perplexo. Mesmo assim gostava de ouvi-lo.</verse>
		<verse number="21">Finalmente chegou uma ocasião oportuna. No seu aniversário, Herodes ofereceu um banquete aos seus líderes mais importantes, aos comandantes militares e às principais personalidades da Galiléia.</verse>
		<verse number="22">Quando a filha de Herodias entrou e dançou, agradou a Herodes e aos convidados. O rei disse à jovem: &quot;Peça-me qualquer coisa que você quiser, e eu lhe darei&quot;.</verse>
		<verse number="23">E prometeu-lhe sob juramento: &quot;Seja o que for que me pedir, eu lhe darei, até a metade do meu reino&quot;.</verse>
		<verse number="24">Ela saiu e disse à sua mãe: &quot;Que pedirei? &quot; &quot;A cabeça de João Batista&quot;, respondeu ela.</verse>
		<verse number="25">Imediatamente a jovem apressou-se em apresentar-se ao rei com o pedido: &quot;Desejo que me dês agora mesmo a cabeça de João Batista num prato&quot;.</verse>
		<verse number="26">O rei ficou muito aflito, mas por causa do seu juramento e dos convidados, não quis negar o pedido à jovem.</verse>
		<verse number="27">Assim enviou imediatamente um carrasco com ordens para trazer a cabeça de João. O homem foi, decapitou João na prisão</verse>
		<verse number="28">e trouxe sua cabeça num prato. Ele a entregou à jovem, e esta a deu à sua mãe.</verse>
		<verse number="29">Tendo ouvido isso, os discípulos de João vieram, levaram o seu corpo e o colocaram num túmulo.</verse>
		<verse number="30">Os apóstolos reuniram-se a Jesus e lhe relataram tudo o que tinham feito e ensinado.</verse>
		<verse number="31">Havia muita gente indo e vindo, a ponto de eles não terem tempo para comer. Jesus lhes disse: &quot;Venham comigo para um lugar deserto e descansem um pouco&quot;.</verse>
		<verse number="32">Assim, eles se afastaram num barco para um lugar deserto.</verse>
		<verse number="33">Mas muitos dos que os viram retirar-se, tendo-os reconhecido, correram a pé de todas as cidades e chegaram lá antes deles.</verse>
		<verse number="34">Quando Jesus saiu do barco e viu uma grande multidão, teve compaixão deles, porque eram como ovelhas sem pastor. Então começou a ensinar-lhes muitas coisas.</verse>
		<verse number="35">Já era tarde e, por isso, os seus discípulos aproximaram-se dele e disseram: &quot;Este é um lugar deserto, e já é tarde.</verse>
		<verse number="36">Manda embora o povo para que possa ir aos campos e povoados vizinhos comprar algo para comer&quot;.</verse>
		<verse number="37">Ele, porém, respondeu: &quot;Dêem-lhes vocês algo para comer&quot;. Eles lhe disseram: &quot;Isto exigiria duzentos denários! Devemos gastar tanto dinheiro em pão e dar-lhes de comer? &quot;</verse>
		<verse number="38">Perguntou ele: &quot;Quantos pães vocês têm? Verifiquem&quot;. Quando ficaram sabendo, disseram: &quot;Cinco pães e dois peixes&quot;.</verse>
		<verse number="39">Então Jesus ordenou que fizessem todo o povo assentar-se em grupos na grama verde.</verse>
		<verse number="40">Assim, eles se assentaram em grupos de cem e de cinqüenta.</verse>
		<verse number="41">Tomando os cinco pães e os dois peixes e, olhando para o céu, deu graças e partiu os pães. Em seguida, entregou-os aos seus discípulos para que os servissem ao povo. E também dividiu os dois peixes entre todos eles.</verse>
		<verse number="42">Todos comeram e ficaram satisfeitos,</verse>
		<verse number="43">e os discípulos recolheram doze cestos cheios de pedaços de pão e de peixe.</verse>
		<verse number="44">Os que comeram foram cinco mil homens.</verse>
		<verse number="45">Logo em seguida, Jesus insistiu com os discípulos para que entrassem no barco e fossem adiante dele para Betsaida, enquanto ele despedia a multidão.</verse>
		<verse number="46">Tendo-a despedido, subiu a um monte para orar.</verse>
		<verse number="47">Ao anoitecer, o barco estava no meio do mar, e Jesus se achava sozinho em terra.</verse>
		<verse number="48">Ele viu os discípulos remando com dificuldade, porque o vento soprava contra eles. Alta madrugada, Jesus dirigiu-se a eles, andando sobre o mar; e estava já a ponto de passar por eles.</verse>
		<verse number="49">Quando o viram andando sobre o mar, pensaram que fosse um fantasma. Então gritaram,</verse>
		<verse number="50">pois todos o tinham visto e ficam aterrorizados. Mas Jesus imediatamente lhes disse: &quot;Coragem! Sou eu! Não tenham medo! &quot;</verse>
		<verse number="51">Então subiu no barco para junto deles, e o vento se acalmou; e eles ficaram atônitos,</verse>
		<verse number="52">pois não tinham entendido o milagre dos pães. Seus corações estavam endurecidos.</verse>
		<verse number="53">Depois de atravessarem o mar, chegaram a Genesaré e ali amarraram o barco.</verse>
		<verse number="54">Logo que desembarcaram, o povo reconheceu Jesus.</verse>
		<verse number="55">Eles percorriam toda aquela região e levavam os doentes em macas, para onde ouviam que ele estava.</verse>
		<verse number="56">E aonde quer que ele fosse, povoados, cidades ou campos, levavam os doentes para as praças. Suplicavam-lhe que pudessem pelo menos tocar na borda do seu manto; e todos os que nele tocavam eram curados.</verse>
	</chapter>
	<chapter number="7">
		<verse number="1">Os fariseus e alguns dos mestres da lei, vindos de Jerusalém, reuniram-se a Jesus e</verse>
		<verse number="2">viram alguns dos seus discípulos comerem com as mãos &quot;impuras&quot;, isto é, por lavar.</verse>
		<verse number="3">( Os fariseus e todos os judeus não comem sem lavar as mãos cerimonialmente, apegando-se, assim, à tradição dos líderes religiosos.</verse>
		<verse number="4">Quando chegam da rua, não comem sem antes se lavarem. E observam muitas outras tradições, tais como o lavar de copos, jarros e vasilhas de metal. )</verse>
		<verse number="5">Então os fariseus e os mestres da lei perguntaram a Jesus: &quot;Por que os seus discípulos não vivem de acordo com a tradição dos líderes religiosos, em vez de comerem o alimento com as mãos ‘impuras’? &quot;</verse>
		<verse number="6">Ele respondeu: &quot;Bem profetizou Isaías acerca de vocês, hipócritas; como está escrito: ‘Este povo me honra com os lábios, mas o seu coração está longe de mim.</verse>
		<verse number="7">Em vão me adoram; seus ensinamentos não passam de regras ensinadas por homens’.</verse>
		<verse number="8">Vocês negligenciam os mandamentos de Deus e se apegam às tradições dos homens&quot;.</verse>
		<verse number="9">E disse-lhes: &quot;Vocês estão sempre encontrando uma boa maneira para pôr de lado os mandamentos de Deus, a fim de obedecer às suas tradições!</verse>
		<verse number="10">Pois Moisés disse: ‘Honra teu pai e tua mãe’, e ‘quem amaldiçoar seu pai ou sua mãe terá que ser executado’.</verse>
		<verse number="11">Mas vocês afirmam que se alguém disser a seu pai ou a sua mãe: ‘Qualquer ajuda que vocês poderiam receber de mim é Corbã’, isto é, uma oferta dedicada a Deus,</verse>
		<verse number="12">vocês o desobrigam de qualquer dever para com seu pai ou sua mãe.</verse>
		<verse number="13">Assim vocês anulam a palavra de Deus, por meio da tradição que vocês mesmos transmitiram. E fazem muitas coisas como essa&quot;.</verse>
		<verse number="14">Jesus chamou novamente a multidão para junto de si e disse: &quot;Ouçam-me todos e entendam isto:</verse>
		<verse number="15">não há nada fora do homem que, nele entrando, possa torná-lo ‘impuro’. Pelo contrário, o que sai do homem é que o torna ‘impuro’.</verse>
		<verse number="16">Se alguém tem ouvidos para ouvir, ouça! &quot;</verse>
		<verse number="17">Depois de deixar a multidão e entrar em casa, os discípulos lhe pediram explicação da parábola.</verse>
		<verse number="18">&quot;Será que vocês também não conseguem entender? &quot;, perguntou-lhes Jesus. &quot;Não percebem que nada que entre no homem pode torná-lo ‘impuro’?</verse>
		<verse number="19">Porque não entra em seu coração, mas em seu estômago, sendo depois eliminado&quot;. Ao dizer isto, Jesus declarou &quot;puros&quot; todos os alimentos.</verse>
		<verse number="20">E continuou: &quot;O que sai do homem é que o torna ‘impuro’.</verse>
		<verse number="21">Pois do interior do coração dos homens vêm os maus pensamentos, as imoralidades sexuais, os roubos, os homicídios, os adultérios,</verse>
		<verse number="22">as cobiças, as maldades, o engano, a devassidão, a inveja, a calúnia, a arrogância e a insensatez.</verse>
		<verse number="23">Todos esses males vêm de dentro e tornam o homem ‘impuro’ &quot;.</verse>
		<verse number="24">Jesus saiu daquele lugar e foi para os arredores de Tiro e de Sidom. Entrou numa casa e não queria que ninguém o soubesse; contudo, não conseguiu manter em segredo a sua presença.</verse>
		<verse number="25">De fato, logo que ouviu falar dele, certa mulher, cuja filha estava com um espírito imundo, veio e lançou-se aos seus pés.</verse>
		<verse number="26">A mulher era grega, siro-fenícia de origem, e rogava a Jesus que expulsasse de sua filha o demônio.</verse>
		<verse number="27">Ele lhe disse: &quot;Deixe que primeiro os filhos comam até se fartar; pois não é correto tirar o pão dos filhos e lançá-lo aos cachorrinhos&quot;.</verse>
		<verse number="28">Ela respondeu: &quot;Sim, Senhor, mas até os cachorrinhos, debaixo da mesa, comem das migalhas das crianças&quot;.</verse>
		<verse number="29">Então ele lhe disse: &quot;Por causa desta resposta, você pode ir; o demônio já saiu da sua filha&quot;.</verse>
		<verse number="30">Ela foi para casa e encontrou sua filha deitada na cama, e o demônio já a tinha deixado.</verse>
		<verse number="31">A seguir Jesus saiu dos arredores de Tiro e atravessou Sidom, até o mar da Galiléia e a região de Decápolis.</verse>
		<verse number="32">Ali algumas pessoas lhe trouxeram um homem que era surdo e mal podia falar, suplicando que lhe impusesse as mãos.</verse>
		<verse number="33">Depois de levá-lo à parte, longe da multidão, Jesus colocou os dedos nos ouvidos dele. Em seguida, cuspiu e tocou na língua do homem.</verse>
		<verse number="34">Então voltou os olhos para os céus e, com um profundo suspiro, disse-lhe: &quot;Efatá! &quot;, que significa: Abra-se.</verse>
		<verse number="35">Com isso, os ouvidos do homem se abriram, sua língua ficou livre e ele começou a falar corretamente.</verse>
		<verse number="36">Jesus ordenou-lhes que não o contassem a ninguém. Contudo, quanto mais ele os proibia, mais eles falavam.</verse>
		<verse number="37">O povo ficava simplesmente maravilhado e dizia: &quot;Ele faz tudo muito bem. Faz até o surdo ouvir e o mudo falar&quot;.</verse>
	</chapter>
	<chapter number="8">
		<verse number="1">Naqueles dias, outra vez reuniu-se uma grande multidão. Visto que não tinham nada para comer, Jesus chamou os seus discípulos e disse-lhes:</verse>
		<verse number="2">&quot;Tenho compaixão desta multidão; já faz três dias que eles estão comigo e nada têm para comer.</verse>
		<verse number="3">Se eu os mandar para casa com fome, vão desfalecer no caminho, porque alguns deles vieram de longe&quot;.</verse>
		<verse number="4">Os seus discípulos responderam: &quot;Onde, neste lugar deserto, poderia alguém conseguir pão suficiente para alimentá-los? &quot;</verse>
		<verse number="5">&quot;Quantos pães vocês têm? &quot;, perguntou Jesus. &quot;Sete&quot;, responderam eles.</verse>
		<verse number="6">Ele ordenou à multidão que se assentasse no chão. Depois de tomar os sete pães e dar graças, partiu-os e os entregou aos seus discípulos, para que os servissem à multidão; e eles o fizeram.</verse>
		<verse number="7">Tinham também alguns peixes pequenos; ele deu graças igualmente por eles e disse aos discípulos que os distribuíssem.</verse>
		<verse number="8">O povo comeu até se fartar. E ajuntaram sete cestos cheios de pedaços que sobraram.</verse>
		<verse number="9">Cerca de quatro mil homens estavam presentes. E, tendo-os despedido,</verse>
		<verse number="10">entrou no barco com seus discípulos e foi para a região de Dalmanuta.</verse>
		<verse number="11">Os fariseus vieram e começaram a interrogar Jesus. Para pô-lo à prova, pediram-lhe um sinal do céu.</verse>
		<verse number="12">Ele suspirou profundamente e disse: &quot;Por que esta geração pede um sinal miraculoso? Eu lhes afirmo que nenhum sinal lhe será dado&quot;.</verse>
		<verse number="13">Então se afastou deles, voltou para o barco e atravessou para o outro lado.</verse>
		<verse number="14">Os discípulos haviam se esquecido de levar pão, a não ser um pão que tinham consigo no barco.</verse>
		<verse number="15">Advertiu-os Jesus: &quot;Estejam atentos e tenham cuidado com o fermento dos fariseus e com o fermento de Herodes&quot;.</verse>
		<verse number="16">E eles discutiam entre si, dizendo: &quot;É porque não temos pão&quot;.</verse>
		<verse number="17">Percebendo a discussão, Jesus lhes perguntou: &quot;Por que vocês estão discutindo sobre não terem pão? Ainda não compreendem nem percebem? Seus corações estão endurecidos?</verse>
		<verse number="18">Vocês têm olhos, mas não vêem? Têm ouvidos, mas não ouvem? Não se lembram?</verse>
		<verse number="19">Quando eu parti os cinco pães para os cinco mil, quantos cestos cheios de pedaços vocês recolheram? &quot; &quot;Doze&quot;, responderam eles.</verse>
		<verse number="20">&quot;E quando eu parti os sete pães para os quatro mil, quantos cestos cheios de pedaços vocês recolheram? &quot; &quot;Sete&quot;, responderam eles.</verse>
		<verse number="21">Ele lhes disse: &quot;Vocês ainda não entendem? &quot;</verse>
		<verse number="22">Eles foram para Betsaida, e algumas pessoas trouxeram um cego a Jesus, suplicando-lhe que tocasse nele.</verse>
		<verse number="23">Ele tomou o cego pela mão e o levou para fora do povoado. Depois de cuspir nos olhos do homem e impor-lhe as mãos, Jesus perguntou: &quot;Você está vendo alguma coisa? &quot;</verse>
		<verse number="24">Ele levantou os olhos e disse: &quot;Vejo pessoas; elas parecem árvores andando&quot;.</verse>
		<verse number="25">Mais uma vez, Jesus colocou as mãos sobre os olhos do homem. Então seus olhos foram abertos, e sua vista lhe foi restaurada, e ele via tudo claramente.</verse>
		<verse number="26">Jesus mandou-o para casa, dizendo: &quot;Não entre no povoado! &quot;</verse>
		<verse number="27">Jesus e os seus discípulos dirigiram-se para os povoados nas proximidades de Cesaréia de Filipe. No caminho, ele lhes perguntou: &quot;Quem o povo diz que eu sou? &quot;</verse>
		<verse number="28">Eles responderam: &quot;Alguns dizem que és João Batista; outros, Elias; e, ainda outros, um dos profetas&quot;.</verse>
		<verse number="29">&quot;E vocês? &quot;, perguntou ele. &quot;Quem vocês dizem que eu sou? &quot; Pedro respondeu: &quot;Tu és o Cristo&quot;.</verse>
		<verse number="30">Jesus os advertiu que não falassem a ninguém a seu respeito.</verse>
		<verse number="31">Então ele começou a ensinar-lhes que era necessário que o Filho do homem sofresse muitas coisas e fosse rejeitado pelos líderes religiosos, pelos chefes dos sacerdotes e pelos mestres da lei, fosse morto e três dias depois ressuscitasse.</verse>
		<verse number="32">Ele falou claramente a esse respeito. Então Pedro, chamando-o à parte, começou a repreendê-lo.</verse>
		<verse number="33">Jesus, porém, voltou-se, olhou para os seus discípulos e repreendeu Pedro, dizendo: &quot;Para trás de mim, Satanás! Você não pensa nas coisas de Deus, mas nas dos homens&quot;.</verse>
		<verse number="34">Então ele chamou a multidão e os discípulos e disse: &quot;Se alguém quiser acompanhar-me, negue-se a si mesmo, tome a sua cruz e siga-me.</verse>
		<verse number="35">Pois quem quiser salvar a sua vida, a perderá, mas quem perder a vida por minha causa e pelo evangelho, a salvará.</verse>
		<verse number="36">Pois, que adianta ao homem ganhar o mundo inteiro e perder a sua alma?</verse>
		<verse number="37">Ou, o que o homem poderia dar em troca de sua alma?</verse>
		<verse number="38">Se alguém se envergonhar de mim e das minhas palavras nesta geração adúltera e pecadora, o Filho do homem se envergonhará dele quando vier na glória de seu Pai com os santos anjos&quot;.</verse>
	</chapter>
	<chapter number="9">
		<verse number="1">E lhes disse: &quot;Garanto-lhes que alguns dos que aqui estão de modo nenhum experimentarão a morte, antes de verem o Reino de Deus vindo com poder&quot;.</verse>
		<verse number="2">Seis dias depois, Jesus tomou consigo Pedro, Tiago e João e os levou a um alto monte, onde ficaram a sós. Ali ele foi transfigurado diante deles.</verse>
		<verse number="3">Suas roupas se tornaram brancas, de um branco resplandecente, como nenhum lavandeiro no mundo seria capaz de branqueá-las.</verse>
		<verse number="4">E apareceram diante deles Elias e Moisés, os quais conversavam com Jesus.</verse>
		<verse number="5">Então Pedro disse a Jesus: &quot;Mestre, é bom estarmos aqui. Façamos três tendas: uma para ti, uma para Moisés e uma para Elias&quot;.</verse>
		<verse number="6">Ele não sabia o que dizer, pois estavam apavorados.</verse>
		<verse number="7">A seguir apareceu uma nuvem e os envolveu, e dela saiu uma voz, que disse: &quot;Este é o meu Filho amado. Ouçam-no! &quot;</verse>
		<verse number="8">Repentinamente, quando olharam ao redor, não viram mais ninguém, a não ser Jesus.</verse>
		<verse number="9">Enquanto desciam do monte, Jesus lhes ordenou que não contassem a ninguém o que tinham visto, até que o Filho do homem tivesse ressuscitado dos mortos.</verse>
		<verse number="10">Eles guardaram o assunto apenas entre si, discutindo o que significaria &quot;ressuscitar dos mortos&quot;.</verse>
		<verse number="11">E lhe perguntaram: &quot;Por que os mestres da lei dizem que é necessário que Elias venha primeiro? &quot;</verse>
		<verse number="12">Jesus respondeu: &quot;De fato, Elias vem primeiro e restaura todas as coisas. Então, por que está escrito que é necessário que o Filho do homem sofra muito e seja rejeitado com desprezo?</verse>
		<verse number="13">Mas eu lhes digo: Elias já veio, e fizeram com ele tudo o que quiseram, como está escrito a seu respeito&quot;.</verse>
		<verse number="14">Quando chegaram onde estavam os outros discípulos, viram uma grande multidão ao redor deles e os mestres da lei discutindo com eles.</verse>
		<verse number="15">Logo que todo o povo viu Jesus, ficou muito surpreso e correu para saudá-lo.</verse>
		<verse number="16">Perguntou Jesus: &quot;O que vocês estão discutindo? &quot;</verse>
		<verse number="17">Um homem, no meio da multidão, respondeu: &quot;Mestre, eu te trouxe o meu filho, que está com um espírito que o impede de falar.</verse>
		<verse number="18">Onde quer que o apanhe, joga-o no chão. Ele espuma pela boca, range os dentes e fica rígido. Pedi aos teus discípulos que expulsassem o espírito, mas eles não conseguiram&quot;.</verse>
		<verse number="19">Respondeu Jesus: &quot;Ó geração incrédula, até quando estarei com vocês? Até quando terei que suportá-los? Tragam-me o menino&quot;.</verse>
		<verse number="20">Então, eles o trouxeram. Quando o espírito viu Jesus, imediatamente causou uma convulsão no menino. Este caiu no chão e começou a rolar, espumando pela boca.</verse>
		<verse number="21">Jesus perguntou ao pai do menino: &quot;Há quanto tempo ele está assim? &quot; &quot;Desde a infância&quot;, respondeu ele.</verse>
		<verse number="22">&quot;Muitas vezes o tem lançado no fogo e na água para matá-lo. Mas, se podes fazer alguma coisa, tem compaixão de nós e ajuda-nos. &quot;</verse>
		<verse number="23">&quot;Se podes? &quot;, disse Jesus. &quot;Tudo é possível àquele que crê. &quot;</verse>
		<verse number="24">Imediatamente o pai do menino exclamou: &quot;Creio, ajuda-me a vencer a minha incredulidade! &quot;</verse>
		<verse number="25">Quando Jesus viu que uma multidão estava se ajuntando, repreendeu o espírito imundo, dizendo: &quot;Espírito mudo e surdo, eu ordeno que o deixe e nunca mais entre nele&quot;.</verse>
		<verse number="26">O espírito gritou, agitou-o violentamente e saiu. O menino ficou como morto, a ponto de muitos dizerem: &quot;Ele morreu&quot;.</verse>
		<verse number="27">Mas Jesus tomou-o pela mão e o levantou, e ele ficou em pé.</verse>
		<verse number="28">Depois de Jesus ter entrado em casa, seus discípulos lhe perguntaram em particular: &quot;Por que não conseguimos expulsá-lo? &quot;</verse>
		<verse number="29">Ele respondeu: &quot;Essa espécie só sai pela oração e pelo jejum&quot;.</verse>
		<verse number="30">Eles saíram daquele lugar e atravessaram a Galiléia. Jesus não queria que ninguém soubesse onde eles estavam,</verse>
		<verse number="31">porque estava ensinando os seus discípulos. E lhes dizia: &quot;O Filho do homem está para ser entregue nas mãos dos homens. Eles o matarão, e três dias depois ele ressuscitará&quot;.</verse>
		<verse number="32">Mas eles não entendiam o que ele queria dizer e tinham receio de perguntar-lhe.</verse>
		<verse number="33">E chegaram a Cafarnaum. Quando ele estava em casa, perguntou-lhes: &quot;O que vocês estavam discutindo no caminho? &quot;</verse>
		<verse number="34">Mas eles guardaram silêncio, porque no caminho haviam discutido sobre quem era o maior.</verse>
		<verse number="35">Assentando-se, Jesus chamou os Doze e disse: &quot;Se alguém quiser ser o primeiro, será o último, e servo de todos&quot;.</verse>
		<verse number="36">E, tomando uma criança, colocou-a no meio deles. Pegando-a nos braços, disse-lhes:</verse>
		<verse number="37">&quot;Quem recebe uma destas crianças em meu nome, está me recebendo; e quem me recebe, não está apenas me recebendo, mas também àquele que me enviou&quot;.</verse>
		<verse number="38">&quot;Mestre&quot;, disse João, &quot;vimos um homem expulsando demônios em teu nome e procuramos impedi-lo, porque ele não era um dos nossos. &quot;</verse>
		<verse number="39">&quot;Não o impeçam&quot;, disse Jesus. &quot;Ninguém que faça um milagre em meu nome, pode falar mal de mim logo em seguida,</verse>
		<verse number="40">pois quem não é contra nós está a nosso favor.</verse>
		<verse number="41">Eu lhes digo a verdade: Quem lhes der um copo de água em meu nome, por vocês pertencerem a Cristo, de modo nenhum perderá a sua recompensa. &quot;</verse>
		<verse number="42">&quot;Se alguém fizer tropeçar um destes pequeninos que crêem em mim, seria melhor que fosse lançado no mar com uma grande pedra amarrada no pescoço.</verse>
		<verse number="43">Se a sua mão o fizer tropeçar, corte-a. É melhor entrar na vida mutilado do que, tendo as duas mãos, ir para o inferno, onde o fogo nunca se apaga,</verse>
		<verse number="44">onde o seu verme não morre, e o fogo não se apaga.</verse>
		<verse number="45">E se o seu pé o fizer tropeçar, corte-o. É melhor entrar na vida aleijado do que, tendo os dois pés, ser lançado no inferno.</verse>
		<verse number="46">onde o seu verme não morre, e o fogo não se apaga.</verse>
		<verse number="47">E se o seu olho o fizer tropeçar, arranque-o. É melhor entrar no Reino de Deus com um só olho do que, tendo os dois olhos, ser lançado no inferno,</verse>
		<verse number="48">onde ‘o seu verme não morre, e o fogo não se apaga’.</verse>
		<verse number="49">Cada um será salgado com fogo.</verse>
		<verse number="50">&quot;O sal é bom, mas se deixar de ser salgado, como restaurar o seu sabor? Tenham sal em vocês mesmos e vivam em paz uns com os outros&quot;.</verse>
	</chapter>
	<chapter number="10">
		<verse number="1">Então Jesus saiu dali e foi para a região da Judéia e para o outro lado do Jordão. Novamente uma multidão veio a ele e, segundo o seu costume, ele a ensinava.</verse>
		<verse number="2">Alguns fariseus aproximaram-se dele para pô-lo à prova, perguntando: &quot;É permitido ao homem divorciar-se de sua mulher? &quot;</verse>
		<verse number="3">&quot;O que Moisés lhes ordenou? &quot;, perguntou ele.</verse>
		<verse number="4">Eles disseram: &quot;Moisés permitiu que o homem desse uma certidão de divórcio e a mandasse embora&quot;.</verse>
		<verse number="5">Respondeu Jesus: &quot;Moisés escreveu essa lei por causa da dureza de coração de vocês.</verse>
		<verse number="6">Mas no princípio da criação Deus ‘os fez homem e mulher’.</verse>
		<verse number="7">‘Por esta razão, o homem deixará pai e mãe e se unirá à sua mulher,</verse>
		<verse number="8">e os dois se tornarão uma só carne’. Assim, eles já não são dois, mas sim uma só carne.</verse>
		<verse number="9">Portanto, o que Deus uniu, ninguém o separe&quot;.</verse>
		<verse number="10">Quando estava em casa novamente, os discípulos interrogaram Jesus sobre o mesmo assunto.</verse>
		<verse number="11">Ele respondeu: &quot;Todo aquele que se divorciar de sua mulher e se casar com outra mulher, estará cometendo adultério contra ela.</verse>
		<verse number="12">E se ela se divorciar de seu marido e se casar com outro homem, estará cometendo adultério&quot;.</verse>
		<verse number="13">Alguns traziam crianças a Jesus para que ele tocasse nelas, mas os discípulos os repreendiam.</verse>
		<verse number="14">Quando Jesus viu isso, ficou indignado e lhes disse: &quot;Deixem vir a mim as crianças, não as impeçam; pois o Reino de Deus pertence aos que são semelhantes a elas.</verse>
		<verse number="15">Digo-lhes a verdade: Quem não receber o Reino de Deus como uma criança, nunca entrará nele&quot;.</verse>
		<verse number="16">Em seguida, tomou as crianças nos braços, impôs-lhes as mãos e as abençoou.</verse>
		<verse number="17">Quando Jesus ia saindo, um homem correu em sua direção, pôs-se de joelhos diante dele e lhe perguntou: &quot;Bom mestre, que farei para herdar a vida eterna? &quot;</verse>
		<verse number="18">Respondeu-lhe Jesus: &quot;Por que você me chama bom? Ninguém é bom, a não ser um, que é Deus.</verse>
		<verse number="19">Você conhece os mandamentos: ‘não matarás, não adulterarás, não furtarás, não darás falso testemunho, não enganarás ninguém, honra teu pai e tua mãe’&quot;.</verse>
		<verse number="20">E ele declarou: &quot;Mestre, a tudo isso tenho obedecido desde a minha adolescência&quot;.</verse>
		<verse number="21">Jesus olhou para ele e o amou. &quot;Falta-lhe uma coisa&quot;, disse ele. &quot;Vá, venda tudo o que você possui e dê o dinheiro aos pobres, e você terá um tesouro no céu. Depois, venha e siga-me&quot;.</verse>
		<verse number="22">Diante disso ele ficou abatido e afastou-se triste, porque tinha muitas riquezas.</verse>
		<verse number="23">Jesus olhou ao redor e disse aos seus discípulos: &quot;Como é difícil aos ricos entrar no Reino de Deus! &quot;</verse>
		<verse number="24">Os discípulos ficaram admirados com essas palavras. Mas Jesus repetiu: &quot;Filhos, como é difícil entrar no Reino de Deus!</verse>
		<verse number="25">É mais fácil passar um camelo pelo fundo de uma agulha do que um rico entrar no Reino de Deus&quot;.</verse>
		<verse number="26">Os discípulos ficaram perplexos, e perguntavam uns aos outros: &quot;Neste caso, quem pode ser salvo? &quot;</verse>
		<verse number="27">Jesus olhou para eles e respondeu: &quot;Para o homem é impossível, mas para Deus não; todas as coisas são possíveis para Deus&quot;.</verse>
		<verse number="28">Então Pedro começou a dizer-lhe: &quot;Nós deixamos tudo para seguir-te&quot;.</verse>
		<verse number="29">Respondeu Jesus: &quot;Digo-lhes a verdade: Ninguém que tenha deixado casa, irmãos, irmãs, mãe, pai, filhos, ou campos, por causa de mim e do evangelho,</verse>
		<verse number="30">deixará de receber cem vezes mais já no tempo presente casas, irmãos, irmãs, mães, filhos e campos, e com eles perseguição; e, na era futura, a vida eterna.</verse>
		<verse number="31">Contudo, muitos primeiros serão últimos, e os últimos serão primeiros&quot;.</verse>
		<verse number="32">Eles estavam subindo para Jerusalém, e Jesus ia à frente. Os discípulos estavam admirados, enquanto os que o seguiam estavam com medo. Novamente ele chamou à parte os Doze e lhes disse o que haveria de lhe acontecer:</verse>
		<verse number="33">&quot;Estamos subindo para Jerusalém e o Filho do homem será entregue aos chefes dos sacerdotes e aos mestres da lei. Eles o condenarão à morte e o entregarão aos gentios,</verse>
		<verse number="34">que zombarão dele, cuspirão nele, o açoitarão e o matarão. Três dias depois ele ressuscitará&quot;.</verse>
		<verse number="35">Nisso Tiago e João, filhos de Zebedeu, aproximaram-se dele e disseram: &quot;Mestre, queremos que nos faças o que vamos te pedir&quot;.</verse>
		<verse number="36">&quot;O que vocês querem que eu lhes faça? &quot;, perguntou ele.</verse>
		<verse number="37">Eles responderam: &quot;Permite que, na tua glória, nos assentemos um à tua direita e o outro à tua esquerda&quot;.</verse>
		<verse number="38">Disse-lhes Jesus: &quot;Vocês não sabem o que estão pedindo. Podem vocês beber o cálice que eu estou bebendo ou ser batizados com o batismo com que estou sendo batizado? &quot;</verse>
		<verse number="39">&quot;Podemos&quot;, responderam eles. Jesus lhes disse: &quot;Vocês beberão o cálice que estou bebendo e serão batizados com o batismo com que estou sendo batizado;</verse>
		<verse number="40">mas o assentar-se à minha direita ou à minha esquerda não cabe a mim conceder. Esses lugares pertencem àqueles para quem foram preparados&quot;.</verse>
		<verse number="41">Quando os outros dez ouviram essas coisas, ficaram indignados com Tiago e João.</verse>
		<verse number="42">Jesus os chamou e disse: &quot;Vocês sabem que aqueles que são considerados governantes das nações as dominam, e as pessoas importantes exercem poder sobre elas.</verse>
		<verse number="43">Não será assim entre vocês. Pelo contrário, quem quiser tornar-se importante entre vocês deverá ser servo;</verse>
		<verse number="44">e quem quiser ser o primeiro deverá ser escravo de todos.</verse>
		<verse number="45">Pois nem mesmo o Filho do homem veio para ser servido, mas para servir e dar a sua vida em resgate por muitos&quot;.</verse>
		<verse number="46">Então chegaram a Jericó. Quando Jesus e seus discípulos, juntamente com uma grande multidão, estavam saindo da cidade, o filho de Timeu, Bartimeu, que era cego, estava sentado à beira do caminho pedindo esmolas.</verse>
		<verse number="47">Quando ouviu que era Jesus de Nazaré, começou a gritar: &quot;Jesus, Filho de Davi, tem misericórdia de mim! &quot;</verse>
		<verse number="48">Muitos o repreendiam para que ficasse quieto, mas ele gritava ainda mais: &quot;Filho de Davi, tem misericórdia de mim! &quot;</verse>
		<verse number="49">Jesus parou e disse: &quot;Chamem-no&quot;. E chamaram o cego: &quot;Ânimo! Levante-se! Ele o está chamando&quot;.</verse>
		<verse number="50">Lançando sua capa para o lado, de um salto, pôs-se de pé e dirigiu-se a Jesus.</verse>
		<verse number="51">&quot;O que você quer que eu lhe faça? &quot;, perguntou-lhe Jesus. O cego respondeu: &quot;Mestre, eu quero ver! &quot;</verse>
		<verse number="52">&quot;Vá&quot;, disse Jesus, &quot;a sua fé o curou&quot;. Imediatamente ele recuperou a visão e seguia a Jesus pelo caminho.</verse>
	</chapter>
	<chapter number="11">
		<verse number="1">Quando se aproximaram de Jerusalém e chegaram a Betfagé e Betânia, perto do monte das Oliveiras, Jesus enviou dois de seus discípulos,</verse>
		<verse number="2">dizendo-lhes: &quot;Vão ao povoado que está adiante de vocês; logo que entrarem, encontrarão um jumentinho amarrado, no qual ninguém jamais montou. Desamarrem-no e tragam-no aqui.</verse>
		<verse number="3">Se alguém lhes perguntar: ‘Por que vocês estão fazendo isso? ’ digam-lhe: ‘O Senhor precisa dele e logo o devolverá’ &quot;.</verse>
		<verse number="4">Eles foram e encontraram um jumentinho, na rua, amarrado a um portão. Enquanto o desamarravam,</verse>
		<verse number="5">alguns dos que ali estavam lhes perguntaram: &quot;O que vocês estão fazendo, desamarrando esse jumentinho? &quot;</verse>
		<verse number="6">Os discípulos responderam como Jesus lhes tinha dito, e eles os deixaram ir.</verse>
		<verse number="7">Trouxeram o jumentinho a Jesus, puseram sobre ele os seus mantos; e Jesus montou.</verse>
		<verse number="8">Muitos estenderam seus mantos pelo caminho, outros espalharam ramos que haviam cortado nos campos.</verse>
		<verse number="9">Os que iam adiante dele e os que o seguiam gritavam: &quot;Hosana! &quot; &quot;Bendito é o que vem em nome do Senhor! &quot;</verse>
		<verse number="10">&quot;Bendito é o Reino vindouro de nosso pai Davi! &quot; &quot;Hosana nas alturas! &quot;</verse>
		<verse number="11">Jesus entrou em Jerusalém e dirigiu-se ao templo. Observou tudo à sua volta e, como já era tarde, foi para Betânia com os Doze.</verse>
		<verse number="12">No dia seguinte, quando estavam saindo de Betânia, Jesus teve fome.</verse>
		<verse number="13">Vendo à distância uma figueira com folhas, foi ver se encontraria nela algum fruto. Aproximando-se dela, nada encontrou, a não ser folhas, porque não era tempo de figos.</verse>
		<verse number="14">Então lhe disse: &quot;Ninguém mais coma de seu fruto&quot;. E os seus discípulos ouviram-no dizer isso.</verse>
		<verse number="15">Chegando a Jerusalém, Jesus entrou no templo e ali começou a expulsar os que estavam comprando e vendendo. Derrubou as mesas dos cambistas e as cadeiras dos que vendiam pombas</verse>
		<verse number="16">e não permitia que ninguém carregasse mercadorias pelo templo.</verse>
		<verse number="17">E os ensinava, dizendo: &quot;Não está escrito: ‘A minha casa será chamada casa de oração para todos os povos’? Mas vocês fizeram dela um covil de ladrões&quot;.</verse>
		<verse number="18">Os chefes dos sacerdotes e os mestres da lei ouviram essas palavras e começaram a procurar uma forma de matá-lo, pois o temiam, visto que toda a multidão estava maravilhada com o seu ensino.</verse>
		<verse number="19">Ao cair da tarde, eles saíram da cidade.</verse>
		<verse number="20">De manhã, ao passarem, viram a figueira seca desde as raízes.</verse>
		<verse number="21">Lembrando-se Pedro, disse a Jesus: &quot;Mestre! Vê! A figueira que amaldiçoaste secou! &quot;</verse>
		<verse number="22">Respondeu Jesus: &quot;Tenham fé em Deus.</verse>
		<verse number="23">Eu lhes asseguro que se alguém disser a este monte: ‘Levante-se e atire-se no mar’, e não duvidar em seu coração, mas crer que acontecerá o que diz, assim lhe será feito.</verse>
		<verse number="24">Portanto, eu lhes digo: tudo o que vocês pedirem em oração, creiam que já o receberam, e assim lhes sucederá.</verse>
		<verse number="25">E quando estiverem orando, se tiverem alguma coisa contra alguém, perdoem-no, para que também o Pai celestial lhes perdoe os seus pecados&quot;.</verse>
		<verse number="26">Mas se vocês não perdoarem, também o seu Pai que está no céu não perdoará os seus pecados.</verse>
		<verse number="27">Chegaram novamente a Jerusalém e, quando Jesus estava passando pelo templo, aproximaram-se dele os chefes dos sacerdotes, os mestres da lei e os líderes religiosos e perguntaram.</verse>
		<verse number="28">&quot;Com que autoridade estás fazendo estas coisas? Quem te deu autoridade para fazê-las? &quot;</verse>
		<verse number="29">Respondeu Jesus: &quot;Eu lhes farei uma pergunta. Respondam-me, e eu lhes direi com que autoridade estou fazendo estas coisas.</verse>
		<verse number="30">O batismo de João era do céu ou dos homens? Digam-me! &quot;</verse>
		<verse number="31">Eles discutiam entre si, dizendo: &quot;Se dissermos: ‘do céu’, ele perguntará: ‘Então por que vocês não creram nele? ’</verse>
		<verse number="32">Mas se dissermos: ‘dos homens’... &quot; Eles temiam o povo, pois todos realmente consideravam João um profeta.</verse>
		<verse number="33">Eles responderam a Jesus: &quot;Não sabemos&quot;. Disse então Jesus: &quot;Tampouco lhes direi com que autoridade estou fazendo estas coisas&quot;.</verse>
	</chapter>
	<chapter number="12">
		<verse number="1">Então Jesus começou a lhes falar por parábolas: &quot;Certo homem plantou uma vinha, colocou uma cerca ao redor dela, cavou um tanque para prensar as uvas e construiu uma torre. Depois arrendou a vinha a alguns lavradores e foi fazer uma viagem.</verse>
		<verse number="2">Na época da colheita, enviou um servo aos lavradores, para receber deles parte do fruto da vinha.</verse>
		<verse number="3">Mas eles o agarraram e espancaram, e o mandaram embora de mãos vazias.</verse>
		<verse number="4">Então enviou-lhes outro servo; e lhe bateram na cabeça e o humilharam.</verse>
		<verse number="5">E enviou ainda outro, o qual mataram. Enviou muitos outros; em alguns bateram, a outros mataram.</verse>
		<verse number="6">&quot;Faltava-lhe ainda um para enviar: seu filho amado. Por fim o enviou, dizendo: ‘A meu filho respeitarão’.</verse>
		<verse number="7">&quot;Mas os lavradores disseram uns aos outros: ‘Este é o herdeiro. Venham, vamos matá-lo, e a herança será nossa’.</verse>
		<verse number="8">Assim eles o agarraram, e o mataram, e o lançaram para fora da vinha.</verse>
		<verse number="9">&quot;O que fará então o dono da vinha? Virá e matará aqueles lavradores e dará a vinha a outros.</verse>
		<verse number="10">Vocês nunca leram esta passagem das Escrituras? ‘A pedra que os construtores rejeitaram tornou-se a pedra angular;</verse>
		<verse number="11">isso vem do Senhor, e é algo maravilhoso para nós’ &quot;.</verse>
		<verse number="12">Então começaram a procurar um meio de prendê-lo, pois perceberam que era contra eles que ele havia contado aquela parábola. Mas tinham medo da multidão; por isso o deixaram e foram embora.</verse>
		<verse number="13">Mais tarde enviaram a Jesus alguns dos fariseus e herodianos para o apanharem em alguma coisa que ele dissesse.</verse>
		<verse number="14">Estes se aproximaram dele e disseram: &quot;Mestre, sabemos que és íntegro e que não te deixas influenciar por ninguém, porque não te prendes à aparência dos homens, mas ensinas o caminho de Deus conforme a verdade. É certo pagar imposto a César ou não?</verse>
		<verse number="15">Devemos pagar ou não? &quot; Mas Jesus, percebendo a hipocrisia deles, perguntou: &quot;Por que vocês estão me pondo à prova? Tragam-me um denário para que eu o veja&quot;.</verse>
		<verse number="16">Eles lhe trouxeram a moeda, e ele lhes perguntou: &quot;De quem é esta imagem e esta inscrição? &quot; &quot;De César&quot;, responderam eles.</verse>
		<verse number="17">Então Jesus lhes disse: &quot;Dêem a César o que é de César e a Deus o que é de Deus&quot;. E ficaram admirados com ele.</verse>
		<verse number="18">Depois os saduceus, que dizem que não há ressurreição, aproximaram-se dele com a seguinte questão:</verse>
		<verse number="19">&quot;Mestre, Moisés nos deixou escrito que, se o irmão de um homem morrer e deixar mulher sem filhos, este deverá casar-se com a viúva e ter filhos para seu irmão.</verse>
		<verse number="20">Havia sete irmãos. O primeiro casou-se e morreu sem deixar filhos.</verse>
		<verse number="21">O segundo casou-se com a viúva, mas também morreu sem deixar filhos. O mesmo aconteceu com o terceiro.</verse>
		<verse number="22">Nenhum dos sete deixou filhos. Finalmente, morreu também a mulher.</verse>
		<verse number="23">Na ressurreição, de quem ela será esposa, visto que os sete foram casados com ela? &quot;</verse>
		<verse number="24">Jesus respondeu: &quot;Vocês estão enganados! Pois não conhecem as Escrituras nem o poder de Deus!</verse>
		<verse number="25">Quando os mortos ressuscitam, não se casam nem são dados em casamento, mas são como os anjos nos céus.</verse>
		<verse number="26">Quanto à ressurreição dos mortos, vocês não leram no livro de Moisés, no relato da sarça, como Deus lhe disse: ‘Eu sou o Deus de Abraão, o Deus de Isaque e o Deus de Jacó’?</verse>
		<verse number="27">Ele não é Deus de mortos, mas de vivos. Vocês estão muito enganados! &quot;</verse>
		<verse number="28">Um dos mestres da lei aproximou-se e os ouviu discutindo. Notando que Jesus lhes dera uma boa resposta, perguntou-lhe: &quot;De todos os mandamentos, qual é o mais importante? &quot;</verse>
		<verse number="29">Respondeu Jesus: &quot;O mais importante é este: ‘Ouve, ó Israel, o Senhor, o nosso Deus, o Senhor é o único Senhor.</verse>
		<verse number="30">Ame o Senhor, o seu Deus de todo o seu coração, de toda a sua alma, de todo o seu entendimento e de todas as suas forças’.</verse>
		<verse number="31">O segundo é este: ‘Ame o seu próximo como a si mesmo’. Não existe mandamento maior do que estes&quot;.</verse>
		<verse number="32">&quot;Muito bem, mestre&quot;, disse o homem. &quot;Estás certo ao dizeres que Deus é único e que não existe outro além dele.</verse>
		<verse number="33">Amá-lo de todo o coração, de todo o entendimento e de todas as forças, e amar ao próximo como a si mesmo é mais importante do que todos os sacrifícios e ofertas&quot;.</verse>
		<verse number="34">Vendo que ele tinha respondido sabiamente, Jesus lhe disse: &quot;Você não está longe do Reino de Deus&quot;. Daí por diante ninguém mais ousava lhe fazer perguntas.</verse>
		<verse number="35">Ensinando no templo, Jesus perguntou: &quot;Como os mestres da lei dizem que o Cristo é filho de Davi?</verse>
		<verse number="36">O próprio Davi, falando pelo Espírito Santo, disse: ‘O Senhor disse ao meu Senhor: Senta-te à minha direita até que eu ponha os teus inimigos debaixo de teus pés’.</verse>
		<verse number="37">O próprio Davi o chama ‘Senhor’. Como pode, então, ser ele seu filho? &quot; E a grande multidão o ouvia com prazer.</verse>
		<verse number="38">Ao ensinar, Jesus dizia: &quot;Cuidado com os mestres da lei. Eles fazem questão de andar com roupas especiais, de receber saudações nas praças</verse>
		<verse number="39">e de ocupar os lugares mais importantes nas sinagogas e os lugares de honra nos banquetes.</verse>
		<verse number="40">Eles devoram as casas das viúvas, e, para disfarçar, fazem longas orações. Esses receberão condenação mais severa! &quot;</verse>
		<verse number="41">Jesus sentou-se em frente do lugar onde eram colocadas as contribuições, e observava a multidão colocando o dinheiro nas caixas de ofertas. Muitos ricos lançavam ali grandes quantias.</verse>
		<verse number="42">Então, uma viúva pobre chegou-se e colocou duas pequeninas moedas de cobre, de muito pouco valor.</verse>
		<verse number="43">Chamando a si os seus discípulos, Jesus declarou: &quot;Afirmo-lhes que esta viúva pobre colocou na caixa de ofertas mais do que todos os outros.</verse>
		<verse number="44">Todos deram do que lhes sobrava; mas ela, da sua pobreza, deu tudo o que possuía para viver&quot;.</verse>
	</chapter>
	<chapter number="13">
		<verse number="1">Quando ele estava saindo do templo, um de seus discípulos lhe disse: &quot;Olha, Mestre! Que pedras enormes! Que construções magníficas! &quot;</verse>
		<verse number="2">&quot;Você está vendo todas estas grandes construções? &quot;, perguntou Jesus. &quot;Aqui não ficará pedra sobre pedra; serão todas derrubadas&quot;.</verse>
		<verse number="3">Tendo Jesus se assentado no monte das Oliveiras, de frente para o templo, Pedro, Tiago, João e André lhe perguntaram em particular:</verse>
		<verse number="4">&quot;Dize-nos, quando acontecerão essas coisas? E qual será o sinal de que tudo isso está prestes a cumprir-se? &quot;</verse>
		<verse number="5">Jesus lhes disse: &quot;Cuidado, que ninguém os engane.</verse>
		<verse number="6">Muitos virão em meu nome, dizendo: ‘Sou eu! ’ e enganarão a muitos.</verse>
		<verse number="7">Quando ouvirem falar de guerras e rumores de guerras, não tenham medo. É necessário que tais coisas aconteçam, mas ainda não é o fim.</verse>
		<verse number="8">Nação se levantará contra nação, e reino contra reino. Haverá terremotos em vários lugares e também fomes. Essas coisas são o início das dores.</verse>
		<verse number="9">&quot;Fiquem atentos, pois vocês serão entregues aos tribunais e serão açoitados nas sinagogas. Por minha causa vocês serão levados à presença de governadores e reis, como testemunho a eles.</verse>
		<verse number="10">E é necessário que antes o evangelho seja pregado a todas as nações.</verse>
		<verse number="11">Sempre que forem presos e levados a julgamento, não fiquem preocupados com o que vão dizer. Digam tão-somente o que lhes for dado naquela hora, pois não serão vocês que estarão falando, mas o Espírito Santo.</verse>
		<verse number="12">&quot;O irmão trairá seu próprio irmão, entregando-o à morte, e o mesmo fará o pai a seu filho. Filhos se rebelarão contra seus pais e os matarão.</verse>
		<verse number="13">Todos odiarão vocês por minha causa; mas aquele que perseverar até o fim será salvo.</verse>
		<verse number="14">&quot;Quando vocês virem ‘o sacrilégio terrível’ no lugar onde não deve estar — quem lê, entenda — então, os que estiverem na Judéia fujam para os montes.</verse>
		<verse number="15">Quem estiver no telhado de sua casa não desça nem entre em casa para tirar dela coisa alguma.</verse>
		<verse number="16">Quem estiver no campo não volte para pegar seu manto.</verse>
		<verse number="17">Como serão terríveis aqueles dias para as grávidas e para as que estiverem amamentando!</verse>
		<verse number="18">Orem para que essas coisas não aconteçam no inverno.</verse>
		<verse number="19">Porque aqueles serão dias de tribulação como nunca houve desde que Deus criou o mundo até agora, nem jamais haverá.</verse>
		<verse number="20">Se o Senhor não tivesse abreviado tais dias, ninguém sobreviveria. Mas, por causa dos eleitos por ele escolhidos, ele os abreviou.</verse>
		<verse number="21">Se, então, alguém lhes disser: ‘Vejam, aqui está o Cristo! ’ ou: ‘Vejam, ali está ele! ’, não acreditem.</verse>
		<verse number="22">Pois aparecerão falsos cristos e falsos profetas que realizarão sinais e maravilhas para, se possível, enganar os eleitos.</verse>
		<verse number="23">Por isso, fiquem atentos: avisei-os de tudo antecipadamente.</verse>
		<verse number="24">&quot;Mas naqueles dias, após aquela tribulação, ‘o sol escurecerá e a lua não dará a sua luz;</verse>
		<verse number="25">as estrelas cairão do céu e os poderes celestes serão abalados’.</verse>
		<verse number="26">&quot;Então se verá o Filho do homem vindo nas nuvens com grande poder e glória.</verse>
		<verse number="27">E ele enviará os seus anjos e reunirá os seus eleitos dos quatro ventos, dos confins da terra até os confins do céu.</verse>
		<verse number="28">&quot;Aprendam a lição da figueira: quando seus ramos se renovam e suas folhas começam a brotar, vocês sabem que o verão está próximo.</verse>
		<verse number="29">Assim também, quando virem estas coisas acontecendo, saibam que ele está próximo, às portas.</verse>
		<verse number="30">Eu lhes asseguro que não passará esta geração até que todas essas coisas aconteçam.</verse>
		<verse number="31">O céu e a terra passarão, mas as minhas palavras jamais passarão&quot;.</verse>
		<verse number="32">&quot;Quanto ao dia e à hora ninguém sabe, nem os anjos no céu, nem o Filho, senão somente o Pai.</verse>
		<verse number="33">Fiquem atentos! Vigiem! Vocês não sabem quando virá esse tempo.</verse>
		<verse number="34">É como um homem que sai de viagem. Ele deixa sua casa, encarrega de tarefas cada um dos seus servos e ordena ao porteiro que vigie.</verse>
		<verse number="35">Portanto, vigiem, porque vocês não sabem quando o dono da casa voltará: se à tarde, à meia-noite, ao cantar do galo ou ao amanhecer.</verse>
		<verse number="36">Se ele vier de repente, que não os encontre dormindo!</verse>
		<verse number="37">O que lhes digo, digo a todos: Vigiem! &quot;</verse>
	</chapter>
	<chapter number="14">
		<verse number="1">Faltavam apenas dois dias para a Páscoa e para a festa dos pães sem fermento. Os chefes dos sacerdotes e os mestres da lei estavam procurando um meio de flagrar Jesus em algum erro e matá-lo.</verse>
		<verse number="2">Mas diziam: &quot;Não durante a festa, para que não haja tumulto entre o povo&quot;.</verse>
		<verse number="3">Estando Jesus em Betânia, reclinado à mesa na casa de um homem conhecido como Simão, o leproso, aproximou-se dele certa mulher com um frasco de alabastro contendo um perfume muito caro, feito de nardo puro. Ela quebrou o frasco e derramou o perfume sobre a cabeça de Jesus.</verse>
		<verse number="4">Alguns dos presentes começaram a dizer uns aos outros, indignados: &quot;Por que este desperdício de perfume?</verse>
		<verse number="5">Ele poderia ser vendido por trezentos denários, e o dinheiro dado aos pobres&quot;. E a repreendiam severamente.</verse>
		<verse number="6">&quot;Deixem-na em paz&quot;, disse Jesus. &quot;Por que a estão perturbando? Ela praticou uma boa ação para comigo.</verse>
		<verse number="7">Pois os pobres vocês sempre terão consigo, e poderão ajudá-los sempre que o desejarem. Mas a mim vocês nem sempre terão.</verse>
		<verse number="8">Ela fez o que pôde. Derramou o perfume em meu corpo antecipadamente, preparando-o para o sepultamento.</verse>
		<verse number="9">Eu lhes asseguro que onde quer que o evangelho for anunciado, em todo o mundo, também o que ela fez será contado em sua memória&quot;.</verse>
		<verse number="10">Então Judas Iscariotes, um dos Doze, dirigiu-se aos chefes dos sacerdotes a fim de lhes entregar Jesus.</verse>
		<verse number="11">A proposta muito os alegrou, e lhe prometeram dinheiro. Assim, ele procurava uma oportunidade para entregá-lo.</verse>
		<verse number="12">No primeiro dia da festa dos pães sem fermento, quando se costumava sacrificar o cordeiro pascal, os discípulos de Jesus lhe perguntaram: &quot;Aonde queres que vamos e te preparemos a refeição da Páscoa? &quot;</verse>
		<verse number="13">Então ele enviou dois de seus discípulos, dizendo-lhes: &quot;Entrem na cidade, e um homem carregando um pote de água virá ao encontro de vocês. Sigam-no</verse>
		<verse number="14">e digam ao dono da casa em que ele entrar: ‘O Mestre pergunta: Onde é o meu salão de hóspedes, no qual poderei comer a Páscoa com meus discípulos? ’</verse>
		<verse number="15">Ele lhes mostrará uma ampla sala no andar superior, mobiliada e pronta. Façam ali os preparativos para nós&quot;.</verse>
		<verse number="16">Os discípulos se retiraram, entraram na cidade e encontraram tudo como Jesus lhes tinha dito. E prepararam a Páscoa.</verse>
		<verse number="17">Ao anoitecer, Jesus chegou com os Doze.</verse>
		<verse number="18">Quando estavam comendo, reclinados à mesa, Jesus disse: &quot;Digo-lhes que certamente um de vocês me trairá, alguém que está comendo comigo&quot;.</verse>
		<verse number="19">Eles ficaram tristes e, um por um, lhe disseram: &quot;Com certeza não sou eu! &quot;</verse>
		<verse number="20">Afirmou Jesus: &quot;É um dos Doze, alguém que come comigo do mesmo prato.</verse>
		<verse number="21">O Filho do homem vai, como está escrito a seu respeito. Mas ai daquele que trai o Filho do homem! Melhor lhe seria não haver nascido&quot;.</verse>
		<verse number="22">Enquanto comiam, Jesus tomou o pão, deu graças, partiu-o, e o deu aos discípulos, dizendo: &quot;Tomem; isto é o meu corpo&quot;.</verse>
		<verse number="23">Em seguida tomou o cálice, deu graças, ofereceu-o aos discípulos, e todos beberam.</verse>
		<verse number="24">E lhes disse: &quot;Isto é o meu sangue da aliança, que é derramado em favor de muitos.</verse>
		<verse number="25">Eu lhes afirmo que não beberei outra vez do fruto da videira, até aquele dia em que beberei o vinho novo no Reino de Deus&quot;.</verse>
		<verse number="26">Depois de terem cantado um hino, saíram para o monte das Oliveiras.</verse>
		<verse number="27">Disse-lhes Jesus: &quot;Vocês todos me abandonarão. Pois está escrito: ‘Ferirei o pastor, e as ovelhas serão dispersas’.</verse>
		<verse number="28">Mas, depois de ressuscitar, irei adiante de vocês para a Galiléia&quot;.</verse>
		<verse number="29">Pedro declarou: &quot;Ainda que todos te abandonem, eu não te abandonarei! &quot;</verse>
		<verse number="30">Respondeu Jesus: &quot;Asseguro-lhe que ainda hoje, esta noite, antes que duas vezes cante o galo, três vezes você me negará&quot;.</verse>
		<verse number="31">Mas Pedro insistia ainda mais: &quot;Mesmo que seja preciso que eu morra contigo, nunca te negarei&quot;. E todos os outros disseram o mesmo.</verse>
		<verse number="32">Então foram para um lugar chamado Getsêmani, e Jesus disse aos seus discípulos: &quot;Sentem-se aqui enquanto vou orar&quot;.</verse>
		<verse number="33">Levou consigo Pedro, Tiago e João, e começou a ficar aflito e angustiado.</verse>
		<verse number="34">E lhes disse: &quot;A minha alma está profundamente triste, numa tristeza mortal. Fiquem aqui e vigiem&quot;.</verse>
		<verse number="35">Indo um pouco mais adiante, prostrou-se e orava para que, se possível, fosse afastada dele aquela hora.</verse>
		<verse number="36">E dizia: &quot;Aba, Pai, tudo te é possível. Afasta de mim este cálice; contudo, não seja o que eu quero, mas sim o que tu queres&quot;.</verse>
		<verse number="37">Então, voltou aos seus discípulos e os encontrou dormindo. &quot;Simão&quot;, disse ele a Pedro, &quot;você está dormindo? Não pôde vigiar nem por uma hora?</verse>
		<verse number="38">Vigiem e orem para que não caiam em tentação. O espírito está pronto, mas a carne é fraca. &quot;</verse>
		<verse number="39">Mais uma vez ele se afastou e orou, repetindo as mesmas palavras.</verse>
		<verse number="40">Quando voltou, de novo os encontrou dormindo, porque seus olhos estavam pesados. Eles não sabiam o que lhe dizer.</verse>
		<verse number="41">Voltando pela terceira vez, ele lhes disse: &quot;Vocês ainda dormem e descansam? Basta! Chegou a hora! Eis que o Filho do homem está sendo entregue nas mãos dos pecadores.</verse>
		<verse number="42">Levantem-se e vamos! Aí vem aquele que me trai! &quot;</verse>
		<verse number="43">Enquanto ele ainda falava, apareceu Judas, um dos Doze. Com ele estava uma multidão armada de espadas e varas, enviada pelos chefes dos sacerdotes, mestres da lei e líderes religiosos.</verse>
		<verse number="44">O traidor havia combinado um sinal com eles: &quot;Aquele a quem eu saudar com um beijo, é ele: prendam-no e levem-no em segurança&quot;.</verse>
		<verse number="45">Dirigindo-se imediatamente a Jesus, Judas disse: &quot;Mestre! &quot;, e o beijou.</verse>
		<verse number="46">Os homens agarraram Jesus e o prenderam.</verse>
		<verse number="47">Então, um dos que estavam por perto puxou a espada e feriu o servo do sumo sacerdote, decepando-lhe a orelha.</verse>
		<verse number="48">Disse Jesus: &quot;Estou eu chefiando alguma rebelião, para que vocês venham me prender com espadas e varas?</verse>
		<verse number="49">Todos os dias eu estava com vocês, ensinando no templo, e vocês não me prenderam. Mas as Escrituras precisam ser cumpridas&quot;.</verse>
		<verse number="50">Então todos o abandonaram e fugiram.</verse>
		<verse number="51">Um jovem, vestindo apenas um lençol de linho, estava seguindo a Jesus. Quando tentaram prendê-lo,</verse>
		<verse number="52">ele fugiu nu, deixando o lençol para trás.</verse>
		<verse number="53">Levaram Jesus ao sumo sacerdote; e então se reuniram todos os chefes dos sacerdotes, os líderes religiosos e os mestres da lei.</verse>
		<verse number="54">Pedro o seguiu de longe até o pátio do sumo sacerdote. Sentando-se ali com os guardas, esquentava-se junto ao fogo.</verse>
		<verse number="55">Os chefes dos sacerdotes e todo o Sinédrio estavam procurando depoimentos contra Jesus, para que pudessem condená-lo à morte, mas não encontravam nenhum.</verse>
		<verse number="56">Muitos testemunharam falsamente contra ele, mas as declarações deles não eram coerentes.</verse>
		<verse number="57">Então se levantaram alguns e declararam falsamente contra ele:</verse>
		<verse number="58">&quot;Nós o ouvimos dizer: ‘Destruirei este templo feito por mãos humanas e em três dias construirei outro, não feito por mãos de homens’ &quot;.</verse>
		<verse number="59">Mas, nem mesmo assim, o depoimento deles era coerente.</verse>
		<verse number="60">Depois o sumo sacerdote levantou-se diante deles e perguntou a Jesus: &quot;Você não vai responder à acusação que estes lhe fazem? &quot;</verse>
		<verse number="61">Mas Jesus permaneceu em silêncio e nada respondeu. Outra vez o sumo sacerdote lhe perguntou: &quot;Você é o Cristo, o Filho do Deus Bendito? &quot;</verse>
		<verse number="62">&quot;Sou&quot;, disse Jesus. &quot;E vereis o Filho do homem assentado à direita do Poderoso vindo com as nuvens do céu&quot;.</verse>
		<verse number="63">O sumo sacerdote, rasgando as próprias vestes, perguntou: &quot;Por que precisamos de mais testemunhas?</verse>
		<verse number="64">Vocês ouviram a blasfêmia. Que acham? &quot; Todos o julgaram digno de morte.</verse>
		<verse number="65">Então alguns começaram a cuspir nele; vendaram-lhe os olhos e, dando-lhe murros, diziam: &quot;Profetize! &quot; E os guardas o levaram, dando-lhe tapas.</verse>
		<verse number="66">Estando Pedro em baixo, no pátio, uma das criadas do sumo sacerdote passou por ali.</verse>
		<verse number="67">Vendo Pedro a aquecer-se, olhou bem para ele e disse: &quot;Você também estava com Jesus, o Nazareno&quot;.</verse>
		<verse number="68">Contudo ele o negou, dizendo: &quot;Não o conheço, nem sei do que você está falando&quot;. E saiu para o alpendre.</verse>
		<verse number="69">Quando a criada o viu lá, disse novamente aos que estavam por perto: &quot;Esse aí é um deles&quot;.</verse>
		<verse number="70">De novo ele negou. Pouco tempo depois, os que estavam sentados ali perto disseram a Pedro: &quot;Certamente você é um deles. Você é galileu! &quot;</verse>
		<verse number="71">Ele começou a se amaldiçoar e a jurar: &quot;Não conheço o homem de quem vocês estão falando! &quot;</verse>
		<verse number="72">E logo o galo cantou pela segunda vez. Então Pedro se lembrou da palavra que Jesus lhe tinha dito: &quot;Antes que duas vezes cante o galo, você me negará três vezes&quot;. E se pôs a chorar.</verse>
	</chapter>
	<chapter number="15">
		<verse number="1">De manhã bem cedo, os chefes dos sacerdotes com os líderes religiosos, os mestres da lei e todo o Sinédrio chegaram a uma decisão. Amarrando Jesus, levaram-no e o entregaram a Pilatos.</verse>
		<verse number="2">&quot;Você é o rei dos judeus? &quot;, perguntou Pilatos. &quot;Tu o dizes&quot;, respondeu Jesus.</verse>
		<verse number="3">Os chefes dos sacerdotes o acusavam de muitas coisas.</verse>
		<verse number="4">Então Pilatos lhe perguntou novamente: &quot;Você não vai responder? Veja de quantas coisas o estão acusando&quot;.</verse>
		<verse number="5">Mas Jesus não respondeu nada, e Pilatos ficou impressionado.</verse>
		<verse number="6">Por ocasião da festa, era costume soltar um prisioneiro que o povo pedisse.</verse>
		<verse number="7">Um homem chamado Barrabás estava na prisão com os rebeldes que haviam cometido assassinato durante uma rebelião.</verse>
		<verse number="8">A multidão chegou e pediu a Pilatos que lhe fizesse o que costumava fazer.</verse>
		<verse number="9">&quot;Vocês querem que eu lhes solte o rei dos judeus? &quot;, perguntou Pilatos,</verse>
		<verse number="10">sabendo que fora por inveja que os chefes dos sacerdotes lhe haviam entregado Jesus.</verse>
		<verse number="11">Mas os chefes dos sacerdotes incitaram a multidão a pedir que Pilatos, ao contrário, soltasse Barrabás.</verse>
		<verse number="12">&quot;Então, que farei com aquele a quem vocês chamam rei dos judeus? &quot;, perguntou-lhes Pilatos.</verse>
		<verse number="13">&quot;Crucifica-o&quot;, gritaram eles.</verse>
		<verse number="14">&quot;Por quê? Que crime ele cometeu? &quot;, perguntou Pilatos. Mas eles gritavam ainda mais: &quot;Crucifica-o! &quot;</verse>
		<verse number="15">Desejando agradar a multidão, Pilatos soltou-lhes Barrabás, mandou açoitar Jesus e o entregou para ser crucificado.</verse>
		<verse number="16">Os soldados levaram Jesus para dentro do palácio, isto é, ao Pretório e reuniram toda a tropa.</verse>
		<verse number="17">Vestiram-no com um manto de púrpura, depois fizeram uma coroa de espinhos e a colocaram nele.</verse>
		<verse number="18">E começaram a saudá-lo: &quot;Salve, rei dos judeus! &quot;</verse>
		<verse number="19">Batiam-lhe na cabeça com uma vara e cuspiam nele. Ajoelhavam-se e lhe prestavam adoração.</verse>
		<verse number="20">Depois de terem zombado dele, tiraram-lhe o manto de púrpura e vestiram-lhe suas próprias roupas. Então o levaram para fora, a fim de crucificá-lo.</verse>
		<verse number="21">Certo homem de Cirene, chamado Simão, pai de Alexandre e de Rufo, passava por ali, chegando do campo. Eles o forçaram a carregar a cruz.</verse>
		<verse number="22">Levaram Jesus ao lugar chamado Gólgota, que quer dizer Lugar da Caveira.</verse>
		<verse number="23">Então lhe deram vinho misturado com mirra, mas ele não o bebeu.</verse>
		<verse number="24">E o crucificaram. Dividindo as roupas dele, tiraram sortes para saber com o que cada um iria ficar.</verse>
		<verse number="25">Eram nove horas da manhã quando o crucificaram.</verse>
		<verse number="26">E assim estava escrito na acusação contra ele: O REI DOS JUDEUS.</verse>
		<verse number="27">Com ele crucificaram dois ladrões, um à sua direita e outro à sua esquerda,</verse>
		<verse number="28">e cumpriu-se a Escritura que diz: &quot;Ele foi contado entre os transgressores&quot;.</verse>
		<verse number="29">Os que passavam lançavam-lhe insultos, balançando a cabeça e dizendo: &quot;Ora, você que destrói o templo e o reedifica em três dias,</verse>
		<verse number="30">desça da cruz e salve-se a si mesmo! &quot;</verse>
		<verse number="31">Da mesma forma, os chefes dos sacerdotes e os mestres da lei zombavam dele entre si, dizendo: &quot;Salvou os outros, mas não é capaz de salvar a si mesmo.</verse>
		<verse number="32">O Cristo, o Rei de Israel... Desça da cruz, para que o vejamos e creiamos! &quot; Os que foram crucificados com ele também o insultavam.</verse>
		<verse number="33">E houve trevas sobre toda a terra, do meio dia às três horas da tarde.</verse>
		<verse number="34">Por volta das três horas da tarde, Jesus bradou em alta voz: &quot;Eloí, Eloí, lamá sabactâni? &quot; que significa: &quot;Meu Deus! Meu Deus! Por que me abandonaste? &quot;</verse>
		<verse number="35">Quando alguns dos que estavam presentes ouviram isso, disseram: &quot;Ouçam! Ele está chamando Elias&quot;.</verse>
		<verse number="36">Um deles correu, embebeu uma esponja em vinagre, colocou-a na ponta de uma vara e deu-a a Jesus para beber. E disse: &quot;Deixem-no. Vejamos se Elias vem tirá-lo daí&quot;.</verse>
		<verse number="37">Mas Jesus, com um alto brado, expirou.</verse>
		<verse number="38">E o véu do santuário rasgou-se em duas partes, de alto a baixo.</verse>
		<verse number="39">Quando o centurião que estava em frente de Jesus ouviu o seu brado e viu como ele morreu, disse: &quot;Realmente este homem era o Filho de Deus! &quot;</verse>
		<verse number="40">Algumas mulheres estavam observando de longe. Entre elas estavam Maria Madalena, Salomé e Maria, mãe de Tiago, o mais jovem, e de José.</verse>
		<verse number="41">Na Galiléia elas tinham seguido e servido a Jesus. Muitas outras mulheres que tinham subido com ele para Jerusalém também estavam ali.</verse>
		<verse number="42">Era o Dia da Preparação, isto é, a véspera do sábado. Ao cair da tarde,</verse>
		<verse number="43">José de Arimatéia, membro de destaque do Sinédrio, que também esperava o Reino de Deus, dirigiu-se corajosamente a Pilatos e pediu o corpo de Jesus.</verse>
		<verse number="44">Pilatos ficou surpreso ao ouvir que ele já tinha morrido. Chamando o centurião, perguntou-lhe se Jesus já tinha morrido.</verse>
		<verse number="45">Sendo informado pelo centurião, entregou o corpo a José.</verse>
		<verse number="46">Então José comprou um lençol de linho, baixou o corpo da cruz, envolveu-o no lençol e o colocou num sepulcro cavado na rocha. Depois, fez rolar uma pedra sobre a entrada do sepulcro.</verse>
		<verse number="47">Maria Madalena e Maria, mãe de José, viram onde ele fora colocado.</verse>
	</chapter>
	<chapter number="16">
		<verse number="1">Quando terminou o sábado, Maria Madalena, Salomé e Maria, mãe de Tiago, compraram especiarias aromáticas para ungir o corpo de Jesus.</verse>
		<verse number="2">No primeiro dia da semana, bem cedo, ao nascer do sol, elas se dirigiram ao sepulcro,</verse>
		<verse number="3">perguntando umas às outras: &quot;Quem removerá para nós a pedra da entrada do sepulcro? &quot;</verse>
		<verse number="4">Mas, quando foram verificar, viram que a pedra, que era muito grande, havia sido removida.</verse>
		<verse number="5">Entrando no sepulcro, viram um jovem vestido de roupas brancas assentado à direita, e ficaram amedrontadas.</verse>
		<verse number="6">&quot;Não tenham medo&quot;, disse ele. &quot;Vocês estão procurando Jesus, o Nazareno, que foi crucificado. Ele ressuscitou! Não está aqui. Vejam o lugar onde o haviam posto.</verse>
		<verse number="7">Vão e digam aos discípulos dele e a Pedro: ‘Ele está indo adiante de vocês para a Galiléia. Lá vocês o verão, como ele lhes disse’ &quot;.</verse>
		<verse number="8">Tremendo e assustadas, as mulheres saíram e fugiram do sepulcro. E não disseram nada a ninguém, porque estavam amedrontadas.</verse>
		<verse number="9">Quando Jesus ressuscitou, na madrugada do primeiro dia da semana, apareceu primeiramente a Maria Madalena, de quem havia expulsado sete demônios.</verse>
		<verse number="10">Ela foi e contou aos que com ele tinham estado; eles estavam lamentando e chorando.</verse>
		<verse number="11">Quando ouviram que Jesus estava vivo e fora visto por ela, não creram.</verse>
		<verse number="12">Depois Jesus apareceu noutra forma a dois deles, estando eles a caminho do campo.</verse>
		<verse number="13">Eles voltaram e relataram isso aos outros; mas também nestes eles não creram.</verse>
		<verse number="14">Mais tarde Jesus apareceu aos Onze enquanto eles comiam; censurou-lhes a incredulidade e a dureza de coração, porque não acreditaram nos que o tinham visto depois de ressurreto.</verse>
		<verse number="15">E disse-lhes: &quot;Vão pelo mundo todo e preguem o evangelho a todas as pessoas.</verse>
		<verse number="16">Quem crer e for batizado será salvo, mas quem não crer será condenado.</verse>
		<verse number="17">Estes sinais acompanharão os que crerem: em meu nome expulsarão demônios; falarão novas línguas;</verse>
		<verse number="18">pegarão em serpentes; e, se beberem algum veneno mortal, não lhes fará mal nenhum; imporão as mãos sobre os doentes, e estes ficarão curados&quot;.</verse>
		<verse number="19">Depois de lhes ter falado, o Senhor Jesus foi elevado ao céu e assentou-se à direita de Deus.</verse>
		<verse number="20">Então, os discípulos saíram e pregaram por toda parte; e o Senhor cooperava com eles, confirmando-lhes a palavra com os sinais que a acompanhavam.</verse>
	</chapter>
</book>