﻿<?xml version="1.0" encoding="UTF-8"?>
<book name="Daniel" abbrev="dn" chapters="12">
	<chapter number="1">
		<verse number="1">No terceiro ano do reinado de Jeoaquim, rei de Judá, Nabucodonosor, rei da Babilônia, veio a Jerusalém e a sitiou.</verse>
		<verse number="2">E o Senhor entregou Jeoaquim, rei de Judá, nas suas mãos, e também alguns dos utensílios do templo de Deus. Ele levou os utensílios para o templo do seu deus na terra de Sinear e os colocou na casa do tesouro do seu deus.</verse>
		<verse number="3">Então o rei ordenou que Aspenaz, o chefe dos oficiais da sua corte, trouxesse alguns dos israelitas da família real e da nobreza;</verse>
		<verse number="4">jovens sem defeito físico, de boa aparência, cultos, inteligentes, que dominassem os vários campos do conhecimento e fossem capacitados para servir no palácio do rei. Ele devia ensinar-lhes a língua e a literatura dos babilônios.</verse>
		<verse number="5">O rei designou-lhes uma porção diária de comida e de vinho da própria mesa do rei. Eles receberiam um treinamento durante três anos, e depois disso passariam a servir o rei.</verse>
		<verse number="6">Entre esses estavam alguns que vieram de Judá: Daniel, Hananias, Misael e Azarias.</verse>
		<verse number="7">O chefe dos oficiais deu-lhes novos nomes: a Daniel deu o nome de Beltessazar; a Hananias, Sadraque; a Misael, Mesaque; e a Azarias, Abede-Nego.</verse>
		<verse number="8">Daniel, contudo, decidiu não se tornar impuro com a comida e com o vinho do rei, e pediu ao chefe dos oficiais permissão para se abster deles.</verse>
		<verse number="9">E Deus fez com que o homem fosse bondoso para com Daniel e tivesse simpatia por ele.</verse>
		<verse number="10">Apesar disso, ele disse a Daniel: &quot;Tenho medo do rei, o meu senhor, que determinou a comida e a bebida de vocês. E se ele os achar menos saudáveis que os outros jovens da mesma idade? O rei poderia pedir a minha cabeça por causa de vocês&quot;.</verse>
		<verse number="11">Daniel disse então ao homem que o chefe dos oficiais tinha encarregado de cuidar de Daniel, Hananias, Misael e Azarias:</verse>
		<verse number="12">&quot;Peço-lhe que faça uma experiência com os seus servos durante dez dias: Não nos dê nada além de vegetais para comer e água para beber.</verse>
		<verse number="13">Depois compare a nossa aparência com a dos jovens que comem a comida do rei, e trate os seus servos de acordo com o que você concluir&quot;.</verse>
		<verse number="14">Ele concordou e fez a experiência com eles durante dez dias.</verse>
		<verse number="15">Passados os dez dias eles pareciam mais saudáveis e mais fortes do que todos os jovens que comiam a comida da mesa do rei.</verse>
		<verse number="16">Assim o encarregado tirou a comida especial e o vinho que haviam sido designados e em lugar disso lhes dava vegetais.</verse>
		<verse number="17">A esses quatro jovens Deus deu sabedoria e inteligência para conhecerem todos os aspectos da cultura e da ciência. E Daniel, além disso, sabia interpretar todo tipo de visões e sonhos.</verse>
		<verse number="18">Ao final do tempo estabelecido pelo rei para que os jovens fossem trazidos à sua presença, o chefe dos oficiais os apresentou a Nabucodonosor.</verse>
		<verse number="19">O rei conversou com eles, e não encontrou ninguém comparável a Daniel, Hananias, Misael e Azarias; de modo que eles passaram a servir o rei.</verse>
		<verse number="20">O rei lhes fez perguntas sobre todos os assuntos nos quais se exigia sabedoria e conhecimento, e descobriu que eram dez vezes mais sábios do que todos os magos e encantadores de todo o seu reino.</verse>
		<verse number="21">E Daniel permaneceu ali até o primeiro ano do rei Ciro.</verse>
	</chapter>
	<chapter number="2">
		<verse number="1">No segundo ano de seu reinado, Nabucodonosor teve sonhos; sua mente ficou tão perturbada que ele não conseguia dormir.</verse>
		<verse number="2">Por isso o rei convocou os magos, os encantadores, os feiticeiros e os astrólogos para que lhe dissessem o que ele havia sonhado. Quando eles vieram e se apresentaram ao rei,</verse>
		<verse number="3">ele lhes disse: &quot;Tive um sonho que me perturba e quero saber o que significa&quot;.</verse>
		<verse number="4">Então os astrólogos responderam em aramaico ao rei: &quot;Ó rei, vive para sempre! Conta o sonho aos teus servos, e nós o interpretaremos&quot;.</verse>
		<verse number="5">O rei respondeu aos astrólogos: &quot;Esta é a minha decisão: Se vocês não me disserem qual foi o meu sonho e não o interpretarem, farei que vocês sejam cortados em pedaços e que as suas casas se tornem montes de entulho.</verse>
		<verse number="6">Mas, se me revelarem o sonho e o interpretarem, eu lhes darei presentes e recompensas e grandes honrarias. Por isso, revelem-me o sonho e a sua interpretação&quot;.</verse>
		<verse number="7">Mas eles tornaram a dizer: &quot;Conte o rei o sonho a seus servos, e nós o interpretaremos&quot;.</verse>
		<verse number="8">Então o rei respondeu: &quot;Já descobri que vocês estão tentando ganhar tempo, pois sabem da minha decisão.</verse>
		<verse number="9">Se não me contarem o sonho, todos vocês receberão a mesma sentença; pois vocês combinaram enganar-me com mentiras, esperando que a situação mudasse. Contem-me o sonho, e saberei que vocês são capazes de interpretá-lo para mim&quot;.</verse>
		<verse number="10">Os astrólogos responderam ao rei: &quot;Não há homem na terra que possa fazer o que o rei está pedindo! Nenhum rei, por maior e mais poderoso que tenha sido, chegou a pedir uma coisa dessas a nenhum mago, encantador ou astrólogo.</verse>
		<verse number="11">O que o rei está pedindo é difícil demais; ninguém pode revelar isso ao rei, senão os deuses, e eles não vivem entre os mortais&quot;.</verse>
		<verse number="12">Isso deixou o rei tão irritado e furioso que ele ordenou a execução de todos os sábios da Babilônia.</verse>
		<verse number="13">E assim foi emitido o decreto para que fossem mortos os sábios; os encarregados saíram à procura de Daniel e dos seus amigos, para que também fossem mortos.</verse>
		<verse number="14">Arioque, o comandante da guarda do rei, já se preparava para matar os sábios da Babilônia, quando Daniel dirigiu-se a ele com sabedoria e bom senso.</verse>
		<verse number="15">Ele perguntou ao oficial do rei: &quot;Por que o rei emitiu um decreto tão severo? &quot; Arioque explicou o motivo a Daniel.</verse>
		<verse number="16">Diante disso, Daniel foi pedir ao rei que lhe desse um prazo, e ele daria a interpretação.</verse>
		<verse number="17">Daniel voltou para casa, contou o problema aos seus amigos Hananias, Misael e Azarias,</verse>
		<verse number="18">e lhes pediu que rogassem ao Deus dos céus que tivesse misericórdia acerca desse mistério, para que ele e seus amigos não fossem executados com os outros sábios da Babilônia.</verse>
		<verse number="19">Então o mistério foi revelado a Daniel de noite, numa visão. Daniel louvou o Deus dos céus</verse>
		<verse number="20">e disse: &quot;Louvado seja o nome de Deus para todo o sempre; a sabedoria e o poder a ele pertencem.</verse>
		<verse number="21">Ele muda as épocas e as estações; destrona reis e os estabelece. Dá sabedoria aos sábios e conhecimento aos que sabem discernir.</verse>
		<verse number="22">Revela coisas profundas e ocultas; conhece o que jaz nas trevas, e a luz habita com ele.</verse>
		<verse number="23">Eu te agradeço e te louvo, ó Deus dos meus antepassados; tu me deste sabedoria e poder, e me revelaste o que te pedimos, revelaste-nos o sonho do rei&quot;.</verse>
		<verse number="24">Então Daniel foi falar com Arioque, a quem o rei tinha nomeado para executar os sábios da Babilônia, e lhe disse: &quot;Não execute os sábios. Leve-me ao rei, e eu interpretarei para ele o sonho que teve&quot;.</verse>
		<verse number="25">Imediatamente Arioque levou Daniel ao rei e disse: &quot;Encontrei um homem entre os exilados de Judá que pode dizer ao rei o significado do sonho&quot;.</verse>
		<verse number="26">O rei perguntou a Daniel, também chamado Beltessazar: &quot;Você é capaz de contar-me o que vi no meu sonho e interpretá-lo? &quot;</verse>
		<verse number="27">Daniel respondeu: &quot;Nenhum sábio, encantador, mago ou adivinho é capaz de revelar ao rei o mistério sobre o qual ele perguntou,</verse>
		<verse number="28">mas existe um Deus nos céus que revela os mistérios. Ele mostrou ao rei Nabucodonosor o que acontecerá nos últimos dias. O sonho e as visões que passaram por tua mente quando estavas deitado foram os seguintes:</verse>
		<verse number="29">&quot;Quando estavas deitado, ó rei, tua mente se voltou para as coisas futuras, e aquele que revela os mistérios te mostrou o que vai acontecer.</verse>
		<verse number="30">Quanto a mim, esse mistério não me foi revelado porque eu tenha mais sabedoria do que os outros homens, mas para que tu ó rei, saibas a interpretação e entendas o que passou pela tua mente.</verse>
		<verse number="31">&quot;Tu olhaste, ó rei, e diante de ti estava uma grande estátua: uma estátua enorme, impressionante, e sua aparência era terrível.</verse>
		<verse number="32">A cabeça da estátua era feita de ouro puro, o peito e o braço eram de prata, o ventre e os quadris eram de bronze,</verse>
		<verse number="33">as pernas eram de ferro, e os pés eram em parte de ferro e em parte de barro.</verse>
		<verse number="34">Enquanto estavas observando, uma pedra soltou-se, sem auxílio de mãos, atingiu a estátua nos pés de ferro e de barro e os esmigalhou.</verse>
		<verse number="35">Então o ferro, o barro, o bronze, a prata e o ouro foram despedaçados, viraram pó, como o pó da debulha do trigo na eira durante o verão. O vento os levou sem deixar vestígio. Mas a pedra que atingiu a estátua tornou-se uma montanha e encheu a terra toda.</verse>
		<verse number="36">&quot;Foi esse o sonho, e nós o interpretaremos para o rei.</verse>
		<verse number="37">Tu, ó rei, és rei de reis. O Deus dos céus te tem dado domínio, poder, força e glória;</verse>
		<verse number="38">nas tuas mãos ele colocou a humanidade, os animais selvagens e as aves do céu. Onde quer que vivam, ele fez de ti o governante deles todos. Tu és a cabeça de ouro.</verse>
		<verse number="39">&quot;Depois de ti surgirá um outro reino, inferior ao teu. Em seguida surgirá um terceiro reino, reino de bronze, que governará sobre toda a terra.</verse>
		<verse number="40">Finalmente, haverá um quarto reino, forte como o ferro, pois o ferro quebra e destrói tudo; e assim como o ferro a tudo despedaça, também ele destruirá e quebrará todos os outros.</verse>
		<verse number="41">Como viste, os pés e os dedos eram em parte de barro e em parte de ferro. Isso quer dizer que esse será um reino dividido, mas ainda assim terá um pouco da força do ferro, embora tenhas visto ferro misturado com barro.</verse>
		<verse number="42">Assim como os dedos eram em parte de ferro e em parte de barro, também esse reino será em parte forte e em parte frágil.</verse>
		<verse number="43">E, como viste, o ferro estava misturado com o barro. Isso quer dizer que se procurará fazer alianças políticas por meio de casamentos, mas essa união não se firmará, assim como o ferro não se mistura com o barro.</verse>
		<verse number="44">&quot;Na época desses reis, o Deus dos céus estabelecerá um reino que jamais será destruído e que nunca será dominado por nenhum outro povo. Destruirá todos esses reinos e os exterminará, mas esse reino durará para sempre.</verse>
		<verse number="45">Esse é o significado da visão da pedra que se soltou de uma montanha, sem auxílio de mãos, pedra que esmigalhou o ferro, o bronze, o barro, a prata e o ouro. &quot;O Deus poderoso mostrou ao rei o que acontecerá no futuro. O sonho é verdadeiro, e a interpretação é fiel&quot;.</verse>
		<verse number="46">Então o rei Nabucodonosor caiu prostrado diante de Daniel, prestou-lhe honra e ordenou que lhe fosse apresentada uma oferta de cereal e incenso.</verse>
		<verse number="47">O rei disse a Daniel: &quot;Não há dúvida de que o seu Deus é o Deus dos deuses, o Senhor dos reis e aquele que revela os mistérios, pois você conseguiu revelar esse mistério&quot;.</verse>
		<verse number="48">Então o rei colocou Daniel num alto cargo e o cobriu de presentes. Ele o designou governante de toda a província da Babilônia e o encarregou de todos os sábios da província.</verse>
		<verse number="49">Além disso, a pedido de Daniel, o rei nomeou Sadraque, Mesaque e Abede-Nego administradores da província da Babilônia, enquanto o próprio Daniel permanecia na corte do rei.</verse>
	</chapter>
	<chapter number="3">
		<verse number="1">O rei Nabucodonosor fez uma imagem de ouro de vinte e sete metros de altura e dois metros e setenta centímetros de largura, e a ergueu na planície de Dura, na província da Babilônia.</verse>
		<verse number="2">Depois convocou os sátrapas, os prefeitos, os governadores, os conselheiros, os tesoureiros, os juízes, os magistrados e todas as autoridades provinciais para assistirem à dedicação da imagem que mandara erguer.</verse>
		<verse number="3">Assim todos eles, sátrapas, prefeitos, governadores, conselheiros, tesoureiros, juízes, magistrados e todas as autoridades provinciais se reuniram para a dedicação da imagem que o rei Nabucodonosor mandara erguer, e ficaram de pé diante dela.</verse>
		<verse number="4">Então o arauto proclamou em alta voz: &quot;Esta é a ordem que lhes é dada, ó homens de todas nações, povos e línguas:</verse>
		<verse number="5">Quando ouvirem o som da trombeta, do pífaro, da cítara, da harpa, do saltério, da flauta dupla e de toda espécie de música, prostrem-se em terra e adorem a imagem de ouro que o rei Nabucodonosor ergueu.</verse>
		<verse number="6">Quem não se prostrar em terra e não adorá-la será imediatamente atirado numa fornalha em chamas&quot;.</verse>
		<verse number="7">Por isso, logo que ouviram o som da trombeta, do pífaro, da cítara, da harpa, do saltério e de toda espécie de música, os homens de todas nações, povos e línguas prostraram-se em terra e adoraram a imagem de ouro que o rei Nabucodonosor mandara erguer.</verse>
		<verse number="8">Nesse momento alguns astrólogos se aproximaram e denunciaram os judeus,</verse>
		<verse number="9">dizendo ao rei Nabucodonosor: &quot;Ó rei, vive para sempre!</verse>
		<verse number="10">Tu emitiste um decreto, ó rei, ordenando que todo o que ouvisse o som da trombeta, do pífaro, da cítara, da harpa, do saltério, da flauta dupla e de toda espécie de música se prostrasse em terra e adorasse a imagem de ouro,</verse>
		<verse number="11">e que todo o que não se prostrasse em terra e não a adorasse seria atirado numa fornalha em chamas.</verse>
		<verse number="12">Mas há alguns judeus que nomeaste para administrar a província da Babilônia, Sadraque, Mesaque e Abede-Nego, que não te dão ouvidos, ó rei. Não prestam culto aos teus deuses nem adoram a imagem de ouro que mandaste erguer&quot;.</verse>
		<verse number="13">Furioso, Nabucodonosor mandou chamar Sadraque, Mesaque e Abede-Nego. E assim que eles foram conduzidos à presença do rei,</verse>
		<verse number="14">Nabucodonosor lhes disse: &quot;É verdade, Sadraque, Mesaque e Abede-Nego, que vocês não prestam culto aos meus deuses nem adoram a imagem de ouro que mandei erguer?</verse>
		<verse number="15">Agora, porém, quando vocês ouvirem o som da trombeta, do pífaro, da cítara, da harpa, do saltério, da flauta dupla e de toda espécie de música, se vocês se dispuserem a prostrar-se em terra e a adorar a imagem que eu fiz, será melhor para vocês. Mas, se não a adorarem, serão imediatamente atirados numa fornalha em chamas. E que deus poderá livrá-los das minhas mãos? &quot;</verse>
		<verse number="16">Sadraque, Mesaque e Abede-Nego responderam ao rei: &quot;Ó Nabucodonosor, não precisamos defender-nos diante de ti.</verse>
		<verse number="17">Se formos atirados na fornalha em chamas, o Deus a quem prestamos culto pode livrar-nos, e ele nos livrará das suas mãos, ó rei.</verse>
		<verse number="18">Mas, se ele não nos livrar, saiba, ó rei, que não prestaremos culto aos seus deuses nem adoraremos a imagem de ouro que mandaste erguer&quot;.</verse>
		<verse number="19">Nabucodonosor ficou tão furioso com Sadraque, Mesaque e Abede-Nego, que o seu semblante mudou. Deu ordens para que a fornalha fosse aquecida sete vezes mais do que de costume</verse>
		<verse number="20">e ordenou que alguns dos soldados mais fortes do seu exército amarrassem Sadraque, Mesaque e Abede-Nego e os atirassem na fornalha em chamas.</verse>
		<verse number="21">E os três homens, vestidos com seus mantos, calções, turbantes e outras roupas, foram amarrados e atirados na fornalha extraordinariamente quente.</verse>
		<verse number="22">A ordem do rei era tão urgente e a fornalha estava tão quente que as chamas mataram os soldados que levaram Sadraque, Mesaque e Abede-Nego,</verse>
		<verse number="23">os quais caíram amarrados dentro da fornalha em chamas.</verse>
		<verse number="24">Mas, logo depois o rei Nabucodonosor, alarmado, levantou-se e perguntou aos seus conselheiros: &quot;Não foram três homens amarrados que nós atiramos no fogo? &quot; Eles responderam: &quot;Sim, ó rei&quot;.</verse>
		<verse number="25">E o rei exclamou: &quot;Olhem! Estou vendo quatro homens, desamarrados e ilesos, andando pelo fogo, e o quarto se parece com um filho dos deuses&quot;.</verse>
		<verse number="26">Então Nabucodonosor aproximou-se da entrada da fornalha em chamas e gritou: &quot;Sadraque, Mesaque e Abede-Nego, servos do Deus Altíssimo, saiam! Venham aqui! &quot; E Sadraque, Mesaque e Abede-Nego saíram do fogo.</verse>
		<verse number="27">Os sátrapas, os prefeitos, os governadores e os conselheiros do rei se ajuntaram em torno deles e comprovaram que o fogo não tinha ferido o corpo deles. Nem um só fio do cabelo tinha sido chamuscado, os seus mantos não estavam queimados, e não havia cheiro de fogo neles.</verse>
		<verse number="28">Disse então Nabucodonosor: &quot;Louvado seja o Deus de Sadraque, Mesaque e Abede-Nego, que enviou o seu anjo e livrou os seus servos! Eles confiaram nele, desafiaram a ordem do rei, preferindo abrir mão de suas vidas a que prestar culto e adorar a outro deus, que não fosse o seu próprio Deus.</verse>
		<verse number="29">Por isso eu decreto que todo homem de qualquer povo, nação e língua que disser alguma coisa contra o Deus de Sadraque, Mesaque e Abede-Nego seja despedaçado e sua casa seja transformada em montes de entulho, pois nenhum outro deus é capaz de livrar ninguém dessa maneira&quot;.</verse>
		<verse number="30">Então o rei promoveu Sadraque, Mesaque e Abede-Nego a melhores posições na província da Babilônia.</verse>
	</chapter>
	<chapter number="4">
		<verse number="1">O rei Nabucodonosor, aos homens de todas nações, povos e línguas, que vivem no mundo inteiro: Paz e prosperidade!</verse>
		<verse number="2">Tenho a satisfação de falar-lhes a respeito dos sinais e das maravilhas que o Deus Altíssimo realizou para mim.</verse>
		<verse number="3">Como são grandes os seus sinais, como são poderosas as suas maravilhas! O seu reino é um reino eterno; o seu domínio dura de geração em geração.</verse>
		<verse number="4">Eu, Nabucodonosor, estava satisfeito e próspero em casa, no meu palácio.</verse>
		<verse number="5">Tive um sonho que me deixou alarmado. Estando eu deitado em minha cama, os pensamentos e visões que passaram pela minha mente deixaram-me aterrorizado.</verse>
		<verse number="6">Por isso decretei que todos os sábios da Babilônia fossem trazidos à minha presença para interpretarem o sonho para mim.</verse>
		<verse number="7">Quando os magos, os encantadores, os astrólogos e os adivinhos vieram, contei-lhes o sonho, mas eles não puderam interpretá-lo.</verse>
		<verse number="8">Por fim veio Daniel à minha presença e eu lhe contei o sonho. Ele é chamado Beltessazar, em homenagem ao nome do meu deus; e o espírito dos santos deuses está nele.</verse>
		<verse number="9">Eu disse: &quot;Beltessazar, chefe dos magos, sei que o espírito dos santos deuses está em você, e que nenhum mistério é difícil demais para você. Vou contar-lhe o meu sonho; interprete-o para mim.</verse>
		<verse number="10">Estas são as visões que tive quando estava deitado na minha cama: olhei, e ali diante de mim estava uma árvore muito alta no meio da terra.</verse>
		<verse number="11">A árvore cresceu tanto que a sua copa encostou no céu; era visível até os confins da terra.</verse>
		<verse number="12">Tinha belas folhas, muitos frutos, e nela havia alimento para todos. Debaixo dela os animais do campo achavam abrigo, e as aves do céu viviam em seus galhos; todas as criaturas se alimentavam da árvore.</verse>
		<verse number="13">&quot;Nas visões que tive deitado em minha cama, olhei e vi diante de mim uma sentinela, um anjo que descia do céu;</verse>
		<verse number="14">e ele gritou em alta voz: ‘Derrubem a árvore e cortem os seus galhos; arranquem as suas folhas e espalhem os seus frutos. Fujam os animais de debaixo dela e as aves dos seus galhos.</verse>
		<verse number="15">Mas deixem o toco e as suas raízes, presos com ferro e bronze; fique ele no chão, em meio a relva do campo’. &quot;Ele será molhado com o orvalho do céu e com os animais comerá a grama da terra.</verse>
		<verse number="16">A mente humana lhe será tirada, e ele será como um animal, até que se passem sete tempos.</verse>
		<verse number="17">&quot;A decisão é anunciada por sentinelas, os anjos declaram o veredicto, para que todos os que vivem saibam que o Altíssimo domina sobre os reinos dos homens e os dá a quem quer, e põe no poder o homem mais simples.</verse>
		<verse number="18">&quot;Esse é o sonho que eu, o rei Nabucodonosor, tive. Agora, Beltessazar, diga-me o significado do sonho, pois nenhum dos sábios do meu reino consegue interpretá-lo para mim, exceto você, pois o espírito dos santos deuses está em você&quot;.</verse>
		<verse number="19">Então Daniel, também chamado Beltessazar, ficou estarrecido por algum tempo, e os seus pensamentos o deixaram aterrorizado. Então o rei disse: &quot;Beltessazar, não deixe que o sonho ou a sua interpretação o assuste&quot;. Beltessazar respondeu: &quot;Meu senhor, quem dera o sonho só se aplicasse aos seus inimigos e o seu significado somente aos seus adversários!</verse>
		<verse number="20">A árvore que viste, que cresceu e ficou enorme, e a sua copa encostava no céu, visível em toda a terra,</verse>
		<verse number="21">que também tinha belas folhas e muitos frutos, na qual havia alimento para todos, abrigo para os animais do campo, e morada para as aves do céu nos seus galhos,</verse>
		<verse number="22">és tu, ó rei! Tu te tornaste grande e poderoso, pois a tua grandeza cresceu até alcançar o céu, e o teu domínio se estende até os confins da terra.</verse>
		<verse number="23">&quot;E tu, ó rei, viste também uma sentinela, o anjo que descia do céu e dizia: ‘Derrubem a árvore e destruam-na, mas deixem o toco e as suas raízes, presos com ferro e bronze; fique ele no chão, em meio a relva do campo. Ele será molhado com o orvalho do céu e viverá com os animais selvagens, até que se passem sete tempos’.</verse>
		<verse number="24">&quot;Esta é a interpretação, ó rei, e este é o decreto que o Altíssimo emitiu contra o rei, meu senhor:</verse>
		<verse number="25">Tu serás expulso do meio dos homens e viverás com os animais selvagens; comerás capim como os bois e te molharás com o orvalho do céu. Passarão sete tempos até que admitas que o Altíssimo domina sobre os reinos dos homens e os dá a quem quer.</verse>
		<verse number="26">A ordem para deixar o toco da árvore com as raízes significa que o teu reino te será devolvido quando reconheceres que os Céus dominam.</verse>
		<verse number="27">Portanto, ó rei, aceita o meu conselho: Renuncia a teus pecados e à tua maldade, pratique a justiça e tenha compaixão dos necessitados. Talvez, então, continues a viver em paz&quot;.</verse>
		<verse number="28">Tudo isso aconteceu com o rei Nabucodonosor.</verse>
		<verse number="29">Doze meses depois, quando o rei estava andando no terraço do palácio real da Babilônia,</verse>
		<verse number="30">disse: &quot;Acaso não é esta a grande Babilônia que eu construí como capital do meu reino, com o meu enorme poder e para a glória da minha majestade? &quot;</verse>
		<verse number="31">As palavras ainda estavam nos seus lábios quando veio do céu uma voz que disse: &quot;É isto que está decretado quanto a você, rei Nabucodonosor: Sua autoridade real lhe foi tirada.</verse>
		<verse number="32">Você será expulso do meio dos homens, viverá com os animais selvagens e comerá capim como os bois. Passarão sete tempos até que admita que o Altíssimo domina sobre os reinos dos homens e os dá a quem quer&quot;.</verse>
		<verse number="33">A sentença sobre Nabucodonosor cumpriu-se imediatamente. Ele foi expulso do meio dos homens e passou a comer capim como os bois. Seu corpo molhou-se com o orvalho do céu, até que os seus cabelos e pêlos cresceram como as penas de uma águia, e as suas unhas como as garras de uma ave.</verse>
		<verse number="34">Ao fim daquele período, eu, Nabucodonosor, levantei os olhos ao céu, e percebi que o meu entendimento tinha voltado. Então louvei o Altíssimo; honrei e glorifiquei aquele que vive para sempre. O seu domínio é um domínio eterno; o seu reino dura de geração em geração.</verse>
		<verse number="35">Todos os povos da terra são como nada diante dele. Ele age como lhe agrada com os exércitos dos céus e com os habitantes da terra. Ninguém é capaz de resistir à sua mão nem de dizer-lhe: &quot;O que fizeste? &quot;</verse>
		<verse number="36">Naquele momento voltou-me o entendimento, e eu recuperei a honra a majestade e a glória do meu reino. Meus conselheiros e nobres me procuraram, meu trono me foi restaurado, e minha grandeza veio a ser ainda maior.</verse>
		<verse number="37">Agora eu, Nabucodonosor, louvo e exalto e glorifico o Rei dos céus, porque tudo o que ele faz é certo, e todos os seus caminhos são justos. E ele tem poder para humilhar aqueles que vivem com arrogância.</verse>
	</chapter>
	<chapter number="5">
		<verse number="1">Certa vez o rei Belsazar deu um grande banquete para mil dos seus nobres, e eles beberam muito vinho.</verse>
		<verse number="2">Enquanto Belsazar bebia vinho, deu ordens para trazerem as taças de ouro e de prata que o seu predecessor, Nabucodonosor, tinha tomado do templo de Jerusalém, para que o rei e os seus nobres, as suas mulheres e as suas concubinas bebessem nessas taças.</verse>
		<verse number="3">Então trouxeram as taças de ouro que tinham sido tomadas do templo de Deus em Jerusalém; e o rei e os seus nobres, as suas mulheres e as suas concubinas, beberam nas taças.</verse>
		<verse number="4">Enquanto bebiam o vinho, louvaram os deuses de ouro, de prata, de bronze, de ferro, de madeira e de pedra.</verse>
		<verse number="5">Mas, de repente apareceram dedos de mão humana que começaram a escrever no reboco da parede, da parte mais iluminada do palácio real. O rei observou a mão enquanto ela escrevia.</verse>
		<verse number="6">Seu rosto ficou pálido, e ele ficou tão assustado que os seus joelhos batiam e as suas pernas vacilaram.</verse>
		<verse number="7">Aos gritos, o rei mandou chamar os encantadores, os astrólogos e os adivinhos e disse a esses sábios da Babilônia: &quot;Aquele que ler essa inscrição e interpretá-la, revelando-me o seu significado, vestirá um manto vermelho, terá uma corrente de ouro no pescoço, e será o terceiro em importância no governo do reino&quot;.</verse>
		<verse number="8">Todos os sábios do rei vieram, mas não conseguiram ler a inscrição nem dizer ao rei o seu significado.</verse>
		<verse number="9">Diante disso o rei Belsazar ficou ainda mais aterrorizado e o seu rosto, mais pálido. Seus nobres estavam alarmados.</verse>
		<verse number="10">E tendo a rainha, ouvido os gritos do rei e de seus nobres, entrou na sala do banquete e disse: &quot;Ó rei, vive para sempre! Não fiques assustado nem tão pálido!</verse>
		<verse number="11">Existe um homem em teu reino que possui o espírito dos santos deuses. Na época do teu predecessor verificou-se que ele tinha percepção, inteligência e sabedoria como a dos deuses. O rei Nabucodonosor, teu predecessor, sim, teu predecessor, o rei, o nomeou chefe dos magos, dos encantadores, dos astrólogos e dos adivinhos.</verse>
		<verse number="12">Verificou-se que esse homem, Daniel, a quem o rei dera o nome de Beltessazar, tinha inteligência extraordinária e também a capacidade de interpretar sonhos e resolver enigmas e mistérios. Manda chamar Daniel, e ele te dará o significado da escrita&quot;.</verse>
		<verse number="13">Assim Daniel foi levado à presença do rei, que lhe disse: &quot;Você é Daniel, um dos exilados que meu pai, o rei, trouxe de Judá?</verse>
		<verse number="14">Soube que o espírito dos deuses está em você e que você possui percepção, inteligência e uma sabedoria fora do comum.</verse>
		<verse number="15">Trouxeram os sábios e os encantadores à minha presença para lerem essa inscrição e me dizerem o seu significado, eles porém não conseguiram.</verse>
		<verse number="16">Mas eu soube que você é capaz de dar interpretações e de resolver mistérios. Se você puder ler essa inscrição e dar-me o seu significado, você será vestido de vermelho e terá uma corrente de ouro no pescoço, e se tornará o terceiro em importância no governo do reino&quot;.</verse>
		<verse number="17">Então Daniel respondeu ao rei: &quot;Podes guardar os teus presentes para ti mesmo e dar as tuas recompensas a algum outro. No entanto, eu lerei a inscrição para o rei e lhe direi o seu significado.</verse>
		<verse number="18">&quot;Ó rei, foi a Nabucodonosor, teu predecessor que o Deus Altíssimo deu soberania, grandeza, glória e majestade.</verse>
		<verse number="19">Devido à alta posição que lhe concedeu, homens de todas as nações, povos e línguas tremiam diante dele e o temiam. A quem o rei queria matar, matava; a quem queria poupar, poupava; a quem queria promover, promovia; e a quem queria humilhar, humilhava.</verse>
		<verse number="20">Mas, quando o seu coração se tornou arrogante e endurecido por causa do orgulho, ele foi deposto de seu trono real e despojado da sua glória.</verse>
		<verse number="21">Foi expulso do meio dos homens e sua mente ficou como a de um animal; ele passou a viver com os jumentos selvagens e a comer capim como os bois; e o seu corpo se molhava com o orvalho do céu, até reconhecer que o Deus Altíssimo domina sobre os reinos dos homens e coloca no poder a quem ele quer.</verse>
		<verse number="22">&quot;Mas tu, Belsazar, seu sucessor, não te humilhaste, embora soubesses de tudo isso.</verse>
		<verse number="23">Pelo contrário, tu te exaltaste acima do Senhor dos céus. Mandaste trazer as taças do templo do Senhor para que nelas bebessem tu, os teus nobres, as tuas mulheres e as tuas concubinas. Louvaste os deuses de prata, de ouro, de bronze, de ferro, de madeira e de pedra, que não podem ver nem ouvir nem entender. Mas não glorificaste o Deus que sustenta em suas mãos a tua vida e todos os teus caminhos.</verse>
		<verse number="24">Por isso ele enviou a mão que escreveu as palavras da inscrição.</verse>
		<verse number="25">&quot;Esta é a inscrição que foi feita: MENE, MENE, TEQUEL, PARSIM.</verse>
		<verse number="26">&quot;E este é o significado dessas palavras: Mene: Deus contou os dias do teu reinado e determinou o seu fim.</verse>
		<verse number="27">Tequel: Foste pesado na balança e achado em falta.</verse>
		<verse number="28">Peres: Teu reino foi dividido e entregue aos medos e persas&quot;.</verse>
		<verse number="29">Então, por ordem de Belsazar, vestiram Daniel com um manto vermelho, puseram-lhe uma corrente de ouro no pescoço, e o proclamaram o terceiro em importância no governo do reino.</verse>
		<verse number="30">Naquela mesma noite Belsazar, rei dos babilônios, foi morto,</verse>
		<verse number="31">e Dario, o medo, apoderou-se do reino, com a idade de sessenta e dois anos.</verse>
	</chapter>
	<chapter number="6">
		<verse number="1">Dario achou por bem nomear cento e vinte sátrapas para governarem todo o reino;</verse>
		<verse number="2">e colocou três supervisores sobre eles, um dos quais era Daniel. Os sátrapas tinham que prestar contas a eles para que o rei não sofresse nenhuma perda.</verse>
		<verse number="3">Ora, Daniel se destacou tanto entre os supervisores e os sátrapas por suas grandes qualidades, que o rei planejava colocá-lo à frente do governo de todo o império.</verse>
		<verse number="4">Diante disso, os supervisores e os sátrapas procuraram motivos para acusar Daniel em sua administração governamental, mas nada conseguiram. Não puderam achar falta alguma nele, pois ele era fiel; não era desonesto nem negligente.</verse>
		<verse number="5">Finalmente esses homens disseram: &quot;Jamais encontraremos algum motivo para acusar esse Daniel, a menos que seja algo relacionado com a lei do Deus dele&quot;.</verse>
		<verse number="6">E assim os supervisores e os sátrapas de comum acordo foram falar com o rei: &quot;Ó rei Dario, vive para sempre!</verse>
		<verse number="7">Todos os supervisores reais, os prefeitos, os sátrapas, os conselheiros e os governadores concordaram em que o rei deve emitir um decreto ordenando que todo aquele que orar a qualquer deus ou a qualquer homem nos próximos trinta dias, exceto a ti, ó rei, seja atirado na cova dos leões.</verse>
		<verse number="8">Agora, ó rei, emite o decreto e assina-o para que não seja alterado, conforme a lei dos medos e dos persas, que não pode ser revogada&quot;.</verse>
		<verse number="9">E o rei Dario assinou o decreto.</verse>
		<verse number="10">Quando Daniel soube que o decreto tinha sido publicado, foi para casa, para o seu quarto, no andar de cima, onde as janelas davam para Jerusalém. Três vezes por dia ele se ajoelhava e orava, agradecendo ao seu Deus, como costumava fazer.</verse>
		<verse number="11">Então aqueles homens foram ver e encontraram Daniel orando, pedindo ajuda a Deus.</verse>
		<verse number="12">Assim foram falar com o rei acerca do decreto real: &quot;Tu não publicaste um decreto ordenando que nos próximos trinta dias todo aquele que fizesse algum pedido a qualquer deus ou a qualquer homem, exceto a ti, ó rei, seria lançado na cova dos leões? &quot; O rei respondeu: &quot;O decreto está em vigor, conforme a lei dos medos e dos persas, que não pode ser revogada&quot;.</verse>
		<verse number="13">Então disseram ao rei: &quot;Daniel, um dos exilados de Judá, não te dá ouvidos, ó rei, nem ao decreto que assinaste. Ele continua orando três vezes por dia&quot;.</verse>
		<verse number="14">Quando o rei ouviu isso, ficou muito contrariado, e como estava decidido a salvar Daniel, até o pôr-do-sol fez todo o esforço que pôde para livrá-lo.</verse>
		<verse number="15">Mas os homens lhe disseram: &quot;Lembra-te, ó rei, que, conforme a lei dos medos e dos persas, nenhum decreto ou edito do rei pode ser modificado&quot;.</verse>
		<verse number="16">Então o rei deu ordens, e eles trouxeram Daniel e o jogaram na cova dos leões. O rei, porém, disse a Daniel: &quot;Que o seu Deus, a quem você serve continuamente, o livre! &quot;</verse>
		<verse number="17">Taparam a cova com uma pedra, e o rei a selou com o seu próprio anel-selo e com os anéis dos seus nobres, para que a situação de Daniel não se modificasse.</verse>
		<verse number="18">Tendo voltado ao palácio, o rei passou a noite sem comer e não aceitou nenhum divertimento em sua presença. Além disso, não conseguiu dormir.</verse>
		<verse number="19">Logo ao alvorecer, o rei se levantou e correu para a cova dos leões.</verse>
		<verse number="20">Quando ia se aproximando da cova, chamou Daniel com voz aflita: &quot;Daniel, servo do Deus vivo, será que o seu Deus, a quem você serve continuamente, pôde livrá-lo dos leões? &quot;</verse>
		<verse number="21">Daniel respondeu: &quot;Ó rei, vive para sempre!</verse>
		<verse number="22">O meu Deus enviou o seu anjo, que fechou a boca dos leões. Eles não me fizeram mal algum, pois fui considerado inocente à vista de Deus. Também contra ti não cometi mal algum, ó rei&quot;.</verse>
		<verse number="23">O rei muito se alegrou e ordenou que tirassem Daniel da cova. Quando o tiraram da cova, viram que não havia nele nenhum ferimento, pois ele tinha confiado no seu Deus.</verse>
		<verse number="24">E por ordem do rei, os homens que tinham acusado Daniel foram atirados na cova dos leões, juntamente com as suas mulheres e os seus filhos. E, antes de chegarem ao fundo, os leões os atacaram e despedaçaram todos os seus ossos.</verse>
		<verse number="25">Então o rei Dario escreveu aos homens de todas as nações, povos e línguas de toda a terra: &quot;Paz e prosperidade!</verse>
		<verse number="26">&quot;Estou editando um decreto para que nos domínios do império os homens temam e reverenciem o Deus de Daniel. &quot;Pois ele é o Deus vivo e permanece para sempre; o seu reino não será destruído, o seu domínio jamais acabará.</verse>
		<verse number="27">Ele livra e salva; faz sinais e maravilhas nos céus e na terra. Ele livrou Daniel do poder dos leões&quot;.</verse>
		<verse number="28">Assim Daniel prosperou durante os reinados de Dario e de Ciro, o persa.</verse>
	</chapter>
	<chapter number="7">
		<verse number="1">No primeiro ano de Belsazar, rei da Babilônia, Daniel teve um sonho, e certas visões passaram por sua mente, estando ele deitado em sua cama. Ele escreveu o resumo do seu sonho.</verse>
		<verse number="2">Daniel disse: &quot;Na minha visão à noite, eu vi os quatro ventos do céu agitando o grande mar.</verse>
		<verse number="3">Quatro grandes animais, cada um diferente dos outros, subiram do mar.</verse>
		<verse number="4">&quot;O primeiro parecia um leão, e tinha as asas de águia. Eu o observei até que as suas asas foram arrancadas, e ele foi erguido do chão de modo que levantou-se sobre dois pés como um homem, e recebeu coração de homem.</verse>
		<verse number="5">&quot;A seguir vi um segundo animal, que tinha a aparência de um urso. Ele foi erguido por um dos seus lados, e na boca, entre os dentes, tinha três costelas. E lhe foi dito: ‘Levante-se e coma quanta carne puder! ’</verse>
		<verse number="6">&quot;Depois disso, vi um outro animal, que se parecia com um leopardo. E nas costas tinha quatro asas, como asas de uma ave. Esse animal tinha quatro cabeças, e recebeu autoridade para governar.</verse>
		<verse number="7">&quot;Na minha visão à noite, vi ainda um quarto animal, aterrorizante, assustador e muito poderoso. Tinha grandes dentes de ferro, com as quais despedaçava e devorava suas vítimas, e pisoteava tudo o que sobrava. Era diferente de todos os animais anteriores, e tinha dez chifres.</verse>
		<verse number="8">&quot;Enquanto eu estava refletindo nos chifres, vi um outro chifre, pequeno, que surgiu entre eles; e três dos primeiros chifres foram arrancados para dar lugar a ele. Esse chifre possuía olhos como os olhos de um homem e uma boca que falava com arrogância.</verse>
		<verse number="9">&quot;Enquanto eu olhava, &quot;tronos foram postos no lugar, e um ancião se assentou. Sua veste era branca como a neve; o cabelo era branco como a lã. Seu trono ardia em fogo, e as rodas do trono estavam todas incandescentes.</verse>
		<verse number="10">E saía um rio de fogo, de diante dele. Milhares de milhares o serviam; milhões e milhões estavam diante dele. O tribunal iniciou o julgamento, e os livros foram abertos.</verse>
		<verse number="11">&quot;Continuei a observar por causa das palavras arrogantes que o chifre falava. Fiquei olhando até que o animal foi morto, e o seu corpo foi destruído e atirado no fogo.</verse>
		<verse number="12">E foi tirada a autoridade dos outros animais, mas eles tiveram permissão para viver por um período de tempo.</verse>
		<verse number="13">&quot;Na minha visão à noite, vi alguém semelhante a um filho de um homem, vindo com as nuvens dos céus. Ele se aproximou do ancião e foi conduzido à sua presença.</verse>
		<verse number="14">A ele foram dados autoridade, glória e reino; todos os povos, nações e homens de todas as línguas o adoraram. Seu domínio é um domínio eterno que não acabará, e seu reino jamais será destruído.</verse>
		<verse number="15">&quot;Eu, Daniel, fiquei agitado em meu espírito, e as visões que passaram pela minha mente me aterrorizaram.</verse>
		<verse number="16">Então me aproximei de um dos que ali estavam e lhe perguntei o significado disso tudo. &quot;E ele me respondeu, dando-me a interpretação:</verse>
		<verse number="17">‘Os quatro grandes animais são quatro reinos que se levantarão na terra.</verse>
		<verse number="18">Mas os santos do Altíssimo receberão o reino e o possuirão para sempre; sim, para todo o sempre’.</verse>
		<verse number="19">&quot;Então eu quis saber o significado do quarto animal, diferente de todos os outros e o mais aterrorizante, com seus dentes de ferro e garras de bronze, o animal que despedaçava e devorava suas vítimas, e pisoteava tudo o que sobrava.</verse>
		<verse number="20">E também quis saber sobre os dez chifres da sua cabeça e sobre o outro chifre que surgiu para ocupar o lugar dos três chifres que caíram, o chifre que era maior do que os demais e que tinha olhos e uma boca que falava com arrogância.</verse>
		<verse number="21">Enquanto eu observava, esse chifre guerreava contra os santos e os derrotava,</verse>
		<verse number="22">até que o ancião veio e pronunciou a sentença a favor dos santos do Altíssimo, e chegou a hora de eles tomarem posse do reino.</verse>
		<verse number="23">&quot;Ele me deu a seguinte explicação: ‘O quarto animal é um quarto reino que aparecerá na terra. Será diferente de todos os outros reinos e devorará a terra inteira, despedaçando-a e pisoteando-a.</verse>
		<verse number="24">Os dez chifres são dez reis que sairão desse reino. Depois deles um outro rei se levantará, e será diferente dos primeiros reis.</verse>
		<verse number="25">Ele falará contra o Altíssimo, oprimirá os seus santos e tentará mudar os tempos e as leis. Os santos serão entregues nas mãos dele por um tempo, tempos e meio tempo’.</verse>
		<verse number="26">&quot;Mas o tribunal o julgará, e o seu poder será tirado e totalmente destruído para sempre.</verse>
		<verse number="27">Então a soberania, o poder e a grandeza dos reinos debaixo de todo o céu serão entregues nas mãos dos santos, o povo do Altíssimo. O reino dele será um reino eterno, e todos os governantes o adorarão e lhe obedecerão.</verse>
		<verse number="28">&quot;Esse é o fim da visão. Eu, Daniel, fiquei aterrorizado por causa de meus pensamentos, e meu rosto empalideceu, mas guardei essas coisas comigo&quot;.</verse>
	</chapter>
	<chapter number="8">
		<verse number="1">No terceiro ano do reinado do rei Belsazar, eu, Daniel, tive outra visão, depois da primeira.</verse>
		<verse number="2">Na minha visão eu me vi na cidadela de Susã, na província de Elão; na visão eu estava junto do canal de Ulai.</verse>
		<verse number="3">Olhei para cima, e diante de mim, junto ao canal, estava um carneiro, seus dois chifres eram compridos, um mais que o outro, mas o mais comprido cresceu depois do outro.</verse>
		<verse number="4">Observei o carneiro enquanto ele avançava para o oeste, para o norte e para o sul. Nenhum animal conseguia resistir-lhe, e ninguém podia livrar-se do seu poder. Ele fazia o que bem queria e foi ficando cada vez maior.</verse>
		<verse number="5">Enquanto eu estava considerando isso, de repente um bode, com um chifre enorme entre os olhos, veio do oeste, percorrendo toda a extensão da terra sem encostar no chão.</verse>
		<verse number="6">Ele veio na direção do carneiro de dois chifres que eu tinha visto ao lado do canal, e avançou contra ele com grande fúria.</verse>
		<verse number="7">Eu o vi atacar furiosamente o carneiro, atingi-lo e quebrar os seus dois chifres. O carneiro não teve forças para resistir-lhe; o bode o derrubou no chão e o pisoteou, e ninguém foi capaz de livrar o carneiro do seu poder.</verse>
		<verse number="8">O bode tornou-se muito grande, mas no auge da sua força o seu grande chifre foi quebrado, e em seu lugar cresceram quatro chifres enormes, na direção dos quatro ventos da terra.</verse>
		<verse number="9">De um deles saiu um outro chifre, que começou pequeno, mas cresceu em poder na direção do sul, do leste e da Terra Magnífica.</verse>
		<verse number="10">Cresceu até alcançar o exército dos céus, e atirou na terra alguns componentes do exército das estrelas e os pisoteou.</verse>
		<verse number="11">Tanto cresceu que chegou a desafiar o príncipe do exército; suprimiu o sacrifício diário oferecido ao príncipe, e o local do santuário foi destruído.</verse>
		<verse number="12">Por causa da rebelião, o exército dos santos e o sacrifício diário foram dados ao chifre. Ele tinha êxito em tudo o que fazia, e a verdade foi lançada por terra.</verse>
		<verse number="13">Então ouvi dois anjos conversando, e um deles perguntou ao outro: &quot;Quanto tempo durarão os acontecimentos anunciados por essa visão? Até quando será suprimido o sacrifício diário e a rebelião devastadora prevalecerá? Até quando o santuário e o exército ficarão entregues ao poder do chifre e serão pisoteados? &quot;</verse>
		<verse number="14">Ele me disse: &quot;Isso tudo levará duas mil e trezentas tardes e manhãs; então o santuário será reconsagrado&quot;.</verse>
		<verse number="15">Enquanto eu, Daniel, observava a visão e tentava entendê-la, diante de mim apareceu um ser que parecia homem.</verse>
		<verse number="16">E ouvi a voz de um homem que vinha do Ulai: &quot;Gabriel, dê a esse homem o significado da visão&quot;.</verse>
		<verse number="17">Quando ele se aproximou de mim, fiquei aterrorizado e caí prostrado. E ele me disse: &quot;Filho do homem, saiba que a visão refere-se aos tempos do fim&quot;.</verse>
		<verse number="18">Enquanto ele falava comigo, caí prostrado, rosto em terra, e perdi os sentidos. Então ele tocou em mim e me pôs de pé.</verse>
		<verse number="19">E disse: &quot;Vou contar-lhe o que acontecerá depois, no tempo da ira, pois a visão se refere ao tempo do fim.</verse>
		<verse number="20">O carneiro de dois chifres que você viu representa os reis da Média e da Pérsia.</verse>
		<verse number="21">O bode peludo é o rei da Grécia, e o grande chifre entre os seus olhos é o primeiro rei.</verse>
		<verse number="22">Os quatro chifres que tomaram o lugar do chifre que foi quebrado são quatro reinos que surgirão da nação daquele rei, mas não terão o mesmo poder.</verse>
		<verse number="23">&quot;No final do reinado deles, quando a rebelião dos ímpios tiver chegado ao máximo, surgirá um rei de duro semblante, mestre em astúcias.</verse>
		<verse number="24">Ele se tornará muito forte, mas não pelo seu próprio poder. Provocará devastações terríveis e será bem sucedido em tudo o que fizer. Destruirá os homens poderosos e o povo santo.</verse>
		<verse number="25">Com o intuito de prosperar, ele enganará a muitos, e se considerará superior aos outros. Destruirá muitos que nele confiam e se insurgirá contra o Príncipe dos príncipes. Apesar disso, ele será destruído, mas não pelo poder dos homens.</verse>
		<verse number="26">&quot;A visão das tardes e das manhãs que você recebeu é verdadeira; sela porém a visão, pois refere-se ao futuro distante&quot;.</verse>
		<verse number="27">Eu, Daniel, fiquei exausto e doente por vários dias. Depois levantei-me e voltei a cuidar dos negócios do rei. Fiquei assustado com a visão; estava além da compreensão.</verse>
	</chapter>
	<chapter number="9">
		<verse number="1">Dario, filho de Xerxes, de origem meda, foi constituído governante do reino babilônio.</verse>
		<verse number="2">No primeiro ano do seu reinado, eu, Daniel, compreendi pelas Escrituras, conforme a palavra do Senhor dada ao profeta Jeremias, que a desolação de Jerusalém iria durar setenta anos.</verse>
		<verse number="3">Por isso me voltei para o Senhor Deus com orações e súplicas, em jejum, em pano de saco e coberto de cinza.</verse>
		<verse number="4">Orei ao Senhor, ao meu Deus, e confessei: &quot;Ó Senhor, Deus grande e temível, que mantém a sua aliança de amor com todos aqueles que o amam e obedecem aos seus mandamentos,</verse>
		<verse number="5">nós temos pecado e somos culpados. Temos sido ímpios e rebeldes, e nos afastamos dos teus mandamentos e das tuas leis.</verse>
		<verse number="6">Não demos ouvido aos teus servos, os profetas, que falaram em teu nome aos nossos reis, aos nossos líderes e aos nossos antepassados, e a todo o povo desta terra.</verse>
		<verse number="7">&quot;Senhor, tu és justo, e hoje estamos envergonhados. Sim, nós, o povo de Judá, de Jerusalém e de todo o Israel, tanto os que estão perto como os que estão distantes, em todas as terras pelas quais nos espalhaste por causa de nossa infidelidade para contigo.</verse>
		<verse number="8">Ó Senhor, nós e nossos reis, nossos líderes e nossos antepassados estamos envergonhados por termos pecado contra ti.</verse>
		<verse number="9">O Senhor nosso Deus é misericordioso e perdoador, apesar de termos sido rebeldes;</verse>
		<verse number="10">não te demos ouvidos, Senhor, nosso Deus, nem obedecemos às leis que nos deste por meio dos teus servos, os profetas.</verse>
		<verse number="11">Todo o Israel tem transgredido a tua lei e se desviou, recusando-se a te ouvir. &quot;Por isso as maldições e as pragas escritas na Lei de Moisés, servo de Deus, têm sido derramadas sobre nós, porque temos pecado contra ti.</verse>
		<verse number="12">Tu tens cumprido as palavras faladas contra nós e contra os nossos governantes, trazendo-nos grande desgraça. Debaixo de todo o céu jamais se fez algo como o que foi feito a Jerusalém.</verse>
		<verse number="13">Assim como está escrito na Lei de Moisés, toda essa desgraça nos atingiu, e ainda assim não temos buscado o favor do Senhor, do nosso Deus, afastando-nos de nossas maldades e obedecendo à tua verdade.</verse>
		<verse number="14">O Senhor não hesitou em trazer desgraça sobre nós, pois o Senhor, o nosso Deus, é justo em tudo o que faz; ainda assim nós não o temos ouvido.</verse>
		<verse number="15">Ó Senhor, nosso Deus, que tiraste o teu povo do Egito com mão poderosa e que fizeste para ti um nome que permanece até hoje, nós temos pecado e somos culpados.</verse>
		<verse number="16">Agora Senhor, conforme todos os teus feitos justos, afasta de Jerusalém, da tua cidade, do teu santo monte, a tua ira e a tua indignação. Os nossos pecados e as iniqüidades de nossos antepassados fizeram de Jerusalém e do teu povo motivo de zombaria para todos os que nos rodeiam.</verse>
		<verse number="17">Ouve, nosso Deus, as orações e as súplicas do teu servo. Por amor de ti, Senhor, olha com bondade para o teu santuário abandonado.</verse>
		<verse number="18">Inclina os teus ouvidos, ó Deus, e ouve; abre os teus olhos e vê a desolação da cidade que leva o teu nome. Não te fazemos pedidos por sermos justos, mas por causa da tua grande misericórdia.</verse>
		<verse number="19">Senhor, ouve! Senhor, perdoa! Senhor, vê e age! Por amor de ti, meu Deus, não te demores, pois a tua cidade e o teu povo levam o teu nome&quot;.</verse>
		<verse number="20">Enquanto eu estava falando e orando, confessando o meu pecado e o pecado de Israel, meu povo, e fazendo o meu pedido ao Senhor, ao meu Deus, em favor do seu santo monte;</verse>
		<verse number="21">enquanto eu ainda estava em oração, Gabriel, o homem que eu tinha visto na visão anterior, veio a mim, voando rapidamente para onde eu estava, à hora do sacrifício da tarde.</verse>
		<verse number="22">Ele me instruiu e me disse: &quot;Daniel, agora vim para dar-lhe percepção e entendimento.</verse>
		<verse number="23">Assim que você começou a orar, houve uma resposta, que eu lhe trouxe porque você é muito amado. Por isso, preste atenção à mensagem para entender a visão:</verse>
		<verse number="24">&quot;Setenta semanas estão decretadas para o seu povo e sua santa cidade para acabar com a transgressão, para dar fim ao pecado, para expiar as culpas, para trazer justiça eterna, para cumprir a visão e a profecia, e para ungir o santíssimo.</verse>
		<verse number="25">&quot;Saiba e entenda que a partir da promulgação do decreto que manda restaurar e reconstruir Jerusalém até que o Ungido, o líder, venha, haverá sete semanas, e sessenta e duas semanas. Ela será reconstruída com ruas e muros, mas em tempos difíceis.</verse>
		<verse number="26">Depois das sessenta e duas semanas, o Ungido será morto, e já não haverá lugar para ele. A cidade e o lugar santo serão destruídos pelo povo do governante que virá. O fim virá como uma inundação: Guerras continuarão até o fim, e desolações foram decretadas.</verse>
		<verse number="27">Com muitos ele fará uma aliança que durará uma semana. No meio da semana ele dará fim ao sacrifício e à oferta. E numa ala do templo será colocado o sacrilégio terrível, até que chegue sobre ele o fim que lhe está decretado&quot;.</verse>
	</chapter>
	<chapter number="10">
		<verse number="1">No terceiro ano de Ciro, rei da Pérsia, Daniel, chamado Beltessazar, recebeu uma revelação. A mensagem era verdadeira e falava de uma grande guerra. E numa visão veio-lhe o entendimento da mensagem.</verse>
		<verse number="2">Naquela ocasião eu, Daniel, passei três semanas chorando.</verse>
		<verse number="3">Não comi nada saboroso; carne e vinho nem provei; e não usei nenhuma fragrância perfumada, até se passarem as três semanas.</verse>
		<verse number="4">No vigésimo quarto dia do primeiro mês, estava eu de pé junto à margem do grande rio, o Tigre.</verse>
		<verse number="5">Olhei para cima, e diante de mim estava um homem vestido de linho, com um cinto de ouro puríssimo na cintura.</verse>
		<verse number="6">Seu corpo era como o berilo, o rosto como o relâmpago, os olhos como tochas acesas, os braços e pernas como o reflexo do bronze polido, e a sua voz era como o som de uma multidão.</verse>
		<verse number="7">Somente eu, Daniel, vi a visão; os que me acompanhavam nada viram, mas apoderou-se deles tanto pavor que eles fugiram e se esconderam.</verse>
		<verse number="8">Assim fiquei sozinho, olhando para aquela grande visão; fiquei sem forças, muito pálido, e quase desfaleci.</verse>
		<verse number="9">Então eu o ouvi falando, e, ao ouvi-lo, caí prostrado, rosto em terra, e perdi os sentidos.</verse>
		<verse number="10">Em seguida, a mão de alguém tocou em mim e me pôs sobre as minhas mãos e os meus joelhos vacilantes.</verse>
		<verse number="11">E ele disse: &quot;Daniel, você é muito amado. Preste bem atenção ao que vou lhe falar; levante-se, pois eu fui enviado a você&quot;. Quando ele me disse isso, pus-me de pé, tremendo.</verse>
		<verse number="12">E ele prosseguiu: &quot;Não tenha medo, Daniel. Desde o primeiro dia em que você decidiu buscar entendimento e humilhar-se diante do seu Deus, suas palavras foram ouvidas, e eu vim em resposta a elas.</verse>
		<verse number="13">Mas o príncipe do reino da Pérsia me resistiu vinte e um dias. Então Miguel, um dos príncipes supremos, veio em minha ajuda, pois eu fui impedido de prosseguir ali com os reis da Pérsia.</verse>
		<verse number="14">Agora vim explicar-lhe o que acontecerá ao seu povo no futuro, pois a visão se refere a uma época futura&quot;.</verse>
		<verse number="15">Enquanto ele me dizia isso, prostrei-me, rosto em terra, sem conseguir falar.</verse>
		<verse number="16">Então um ser que parecia homem tocou nos meus lábios, e eu abri a minha boca e comecei a falar. Eu disse àquele que estava de pé diante de mim: Estou angustiado por causa da visão, meu senhor, e quase desfaleço.</verse>
		<verse number="17">Como posso eu, teu servo, conversar contigo, meu senhor? Minhas forças se foram, e mal posso respirar.</verse>
		<verse number="18">O ser que parecia homem tocou em mim outra vez e me deu forças.</verse>
		<verse number="19">Ele disse: &quot;Não tenha medo, você, que é muito amado. Que a paz seja com você! Seja forte! Seja forte! &quot; Ditas essas palavras, senti-me fortalecido e disse: &quot;Fala, meu senhor, visto que me deste forças&quot;.</verse>
		<verse number="20">Então ele me disse: &quot;Você sabe por que vim? Vou ter que voltar para lutar contra o príncipe da Pérsia, e, logo que eu for, chegará o príncipe da Grécia;</verse>
		<verse number="21">mas antes lhe revelarei o que está escrito no Livro da Verdade. E nessa luta ninguém me ajuda contra eles, senão Miguel, o príncipe de vocês,</verse>
	</chapter>
	<chapter number="11">
		<verse number="1">sendo que, no primeiro ano de Dario, rei dos medos, ajudei-o e dei-lhe apoio.</verse>
		<verse number="2">&quot;Agora, pois, vou dar-lhe a conhecer a verdade: Outros três reis aparecerão na Pérsia, e depois virá um quarto rei, que será bem mais rico do que todos os outros. Quando ele tiver conquistado o poder com sua riqueza, instigará todos contra o reino da Grécia.</verse>
		<verse number="3">Então surgirá um rei guerreiro, que governará com grande poder e fará o que quiser.</verse>
		<verse number="4">Depois que ele surgir, o seu império se desfará e será repartido para os quatro ventos do céu. Não passará para os seus descendentes, e o império não será poderoso como antes, pois será desarraigado e dado a outros.</verse>
		<verse number="5">&quot;O rei do sul se tornará forte, mas um dos seus príncipes se tornará ainda mais forte que ele e governará o seu próprio reino com grande poder.</verse>
		<verse number="6">Depois de alguns anos, eles se tornarão aliados. A filha do rei do sul fará um tratado com o rei do norte, mas ela não manterá o seu poder, nem ele conservará o dele. Naqueles dias ela será entregue à morte, junto com sua escolta real e com seu pai e com aquele que a apoiou.</verse>
		<verse number="7">&quot;Alguém da linhagem dela se levantará para tomar-lhe o lugar. Ele atacará as forças do rei do norte e invadirá a sua fortaleza; lutará contra eles e será vitorioso.</verse>
		<verse number="8">Também se apoderará dos deuses deles, das suas imagens de metal e dos seus utensílios valiosos de prata e de ouro, e os levará para o Egito. E por alguns anos ele deixará o rei do norte em paz.</verse>
		<verse number="9">Então o rei do norte invadirá as terras do rei do sul, mas terá que se retirar para a sua própria terra.</verse>
		<verse number="10">Seus filhos se prepararão para a guerra e reunirão um grande exército, que avançará como uma inundação irresistível e levará os combates até a fortaleza do rei do sul.</verse>
		<verse number="11">&quot;Em face disso, o rei do sul marchará furioso para combater o rei do norte, que o enfrentará com um enorme exército, mas mesmo assim será derrotado.</verse>
		<verse number="12">Quando o exército for vencido, o rei do sul se encherá de orgulho e matará milhares, mas o seu triunfo será breve.</verse>
		<verse number="13">Pois o rei do norte reunirá um outro exército, maior do que o primeiro; e depois de alguns anos voltará a atacá-lo com um exército enorme e bem equipado.</verse>
		<verse number="14">&quot;Naquela época muitos se rebelarão contra o rei do sul. E os homens violentos do povo a que você pertence se revoltarão para cumprirem esta visão, mas não terão sucesso.</verse>
		<verse number="15">Então o rei do norte virá e construirá rampas de cerco e conquistará uma cidade fortificada. As forças do sul serão incapazes de resistir; mesmo as suas melhores tropas não terão forças para resistir.</verse>
		<verse number="16">O invasor fará o que bem entender; ninguém conseguirá resistir-lhe. Ele se instalará na Terra Magnífica e terá poder para destruí-la.</verse>
		<verse number="17">Virá com o poder de todo o seu reino e fará uma aliança com o rei do sul. Ele lhe dará uma filha em casamento a fim de derrubar o reino, mas o seu plano não terá sucesso nem o ajudará.</verse>
		<verse number="18">Então ele voltará a atenção para as regiões costeiras e tomará muitas delas, mas um comandante dará fim à arrogância dele e lhe devolverá a sua arrogância.</verse>
		<verse number="19">Depois disso ele se dirigirá para as fortalezas de sua própria terra, mas tropeçará e cairá, para nunca mais aparecer.</verse>
		<verse number="20">&quot;Seu sucessor enviará um cobrador de impostos para manter o esplendor real. Contudo, em poucos anos ele será destruído, ainda que não com ira nem em combate.</verse>
		<verse number="21">&quot;Ele será sucedido por um ser desprezível, a quem não tinha sido dada a honra da realeza. Este invadirá o reino quando o povo do reino sentir-se seguro, e ele se apoderará dele mediante intrigas.</verse>
		<verse number="22">Então um exército avassalador será arrasado diante dele; tanto o exército como um príncipe da aliança serão destruídos.</verse>
		<verse number="23">Depois de um acordo feito com ele, agirá traiçoeiramente, e com apenas uns poucos chegará ao poder.</verse>
		<verse number="24">Quando as províncias mais ricas se sentirem seguras, ele as invadirá e realizará o que nem seus pais nem seus antepassados conseguiram. Distribuirá despojos, saques e riquezas entre seus seguidores. Ele tramará a tomada de fortalezas, mas só por algum tempo.</verse>
		<verse number="25">&quot;Com um grande exército juntará suas forças e sua coragem contra o rei do sul. O rei do sul guerreará com um exército grande e poderoso, mas não conseguirá resistir por causa dos golpes tramados contra ele.</verse>
		<verse number="26">Mesmo os que estiverem sendo alimentados pelo rei tentarão destruí-lo; seu exército será arrasado, e muitos cairão em combate.</verse>
		<verse number="27">Os dois reis, com seus corações inclinados para o mal, sentarão à mesma mesa e mentirão um para o outro, mas sem resultado, pois o fim só virá no tempo determinado.</verse>
		<verse number="28">O rei do norte voltará para a sua terra com grande riqueza, mas o seu coração estará voltado contra a santa aliança. Ele empreenderá ação contra ela e então voltará para a sua terra.</verse>
		<verse number="29">&quot;No tempo determinado ele invadirá de novo o sul, mas dessa vez o resultado será diferente do anterior.</verse>
		<verse number="30">Navios das regiões da costa ocidental se oporão a ele, e ele perderá o ânimo. Então se voltará e despejará sua fúria contra a santa aliança. Ele retornará e será bondoso com aqueles que abandonarem a santa aliança.</verse>
		<verse number="31">&quot;Suas forças armadas se levantarão para profanar a fortaleza e o templo, acabarão com o sacrifício diário e colocarão o sacrilégio terrível.</verse>
		<verse number="32">Com lisonjas corromperá aqueles que tiverem violado a aliança, mas o povo que conhece o seu Deus resistirá com firmeza.</verse>
		<verse number="33">&quot;Aqueles que são sábios instruirão a muitos, mas por certo período cairão pela espada e serão queimados, capturados e saqueados.</verse>
		<verse number="34">Quando caírem, receberão uma pequena ajuda, e muitos que não são sinceros se juntarão a eles.</verse>
		<verse number="35">Alguns dos sábios tropeçarão para que sejam refinados, purificados e alvejados até a época do fim, pois isso só virá no tempo determinado.</verse>
		<verse number="36">&quot;O rei fará o que bem entender. Ele se exaltará e se engrandecerá acima de todos os deuses e dirá coisas jamais ouvidas contra o Deus dos deuses. Ele terá sucesso até que o tempo da ira se complete, pois o que foi decidido irá acontecer.</verse>
		<verse number="37">Ele não terá consideração pelos deuses dos seus antepassados nem pelo deus preferido das mulheres, nem por deus algum, mas se exaltará acima deles todos.</verse>
		<verse number="38">Em seu lugar adorará um deus das fortalezas; um deus desconhecido de seus antepassados ele honrará com ouro e prata, com pedras preciosas e presentes caros.</verse>
		<verse number="39">Atacará as fortalezas mais poderosas com a ajuda de um deus estrangeiro e dará grande honra àqueles que o reconhecerem. Ele os fará governantes sobre muitos e distribuirá a terra, mas a um preço elevado.</verse>
		<verse number="40">&quot;No tempo do fim o rei do sul se envolverá em combate, e o rei do norte o atacará com carros e cavaleiros e uma grande frota de navios. Ele invadirá muitos países e avançará por eles como uma inundação.</verse>
		<verse number="41">Também invadirá a Terra Magnífica. Muitos países cairão, mas Edom, Moabe e os líderes de Amom ficarão livres da sua mão.</verse>
		<verse number="42">Ele estenderá o seu poder sobre muitos países; o Egito não escapará,</verse>
		<verse number="43">pois ele terá o controle dos tesouros de ouro e de prata e de todas as riquezas do Egito; os líbios e os núbios a ele se submeterão.</verse>
		<verse number="44">Mas, informações provenientes do leste e do norte o deixarão alarmado, e irado partirá para destruir e aniquilar a muitos.</verse>
		<verse number="45">Armará suas tendas reais entre os mares, no belo monte santo. No entanto, ele chegará ao seu fim, e ninguém o socorrerá.</verse>
	</chapter>
	<chapter number="12">
		<verse number="1">&quot;Naquela ocasião Miguel, o grande príncipe que protege o seu povo, se levantará. Haverá um tempo de angústia tal como nunca houve desde o início das nações e até então. Mas naquela ocasião o seu povo, todo aquele cujo nome está escrito no livro, será liberto.</verse>
		<verse number="2">Multidões que dormem no pó da terra acordarão: uns para a vida eterna, outros para a vergonha, para o desprezo eterno.</verse>
		<verse number="3">Aqueles que são sábios reluzirão como o brilho do céu, e aqueles que conduzem muitos à justiça serão como as estrelas, para todo o sempre.</verse>
		<verse number="4">Mas você, Daniel, feche com um selo as palavras do livro até o tempo do fim. Muitos irão ali e acolá para aumentarem o conhecimento&quot;.</verse>
		<verse number="5">Então eu, Daniel, olhei, e diante de mim estavam dois outros, um na margem de cá do rio e outro na margem de lá.</verse>
		<verse number="6">Um deles disse ao homem vestido de linho, que estava acima das águas do rio: &quot;Quanto tempo decorrerá antes de se cumprirem essas coisas estupendas? &quot;</verse>
		<verse number="7">O homem vestido de linho, que estava acima das águas do rio, ergueu para o céu a mão direita e a mão esquerda, e eu o ouvi jurar por aquele que vive para sempre, dizendo: &quot;Haverá um tempo, tempos e meio tempo. Quando o poder do povo santo for finalmente quebrado, todas essas coisas se cumprirão&quot;.</verse>
		<verse number="8">Eu ouvi, mas não compreendi. Por isso perguntei: &quot;Meu senhor, qual será o resultado disso tudo? &quot;</verse>
		<verse number="9">Ele respondeu: &quot;Siga o seu caminho, Daniel, pois as palavras estão seladas e lacradas até o tempo do fim.</verse>
		<verse number="10">Muitos serão purificados, alvejados e refinados, mas os ímpios continuarão ímpios. Nenhum dos ímpios levará isto em consideração, mas os sábios sim.</verse>
		<verse number="11">&quot;A partir do momento em que for abolido o sacrifício diário e for colocado o sacrilégio terrível, haverá mil e duzentos e noventa dias.</verse>
		<verse number="12">Feliz aquele que esperar e alcançar o fim dos mil trezentos e trinta e cinco dias.</verse>
		<verse number="13">&quot;Quanto a você, siga o seu caminho até o fim. Você descansará, e então, no final dos dias, você se levantará para receber a herança que lhe cabe&quot;.</verse>
	</chapter>
</book>