﻿<?xml version="1.0" encoding="UTF-8"?>
<book name="Hebreus" abbrev="hb" chapters="13">
	<chapter number="1">
		<verse number="1">Há muito tempo Deus falou muitas vezes e de várias maneiras aos nossos antepassados por meio dos profetas,</verse>
		<verse number="2">mas nestes últimos dias falou-nos por meio do Filho, a quem constituiu herdeiro de todas as coisas e por meio de quem fez o universo.</verse>
		<verse number="3">O Filho é o resplendor da glória de Deus e a expressão exata do seu ser, sustentando todas as coisas por sua palavra poderosa. Depois de ter realizado a purificação dos pecados, ele se assentou à direita da Majestade nas alturas,</verse>
		<verse number="4">tornando-se tão superior aos anjos quanto o nome que herdou é superior ao deles.</verse>
		<verse number="5">Pois a qual dos anjos Deus alguma vez disse: &quot;Tu és meu Filho; eu hoje te gerei&quot;? E outra vez: &quot;Eu serei seu Pai, e ele será meu Filho&quot;?</verse>
		<verse number="6">E ainda, quando Deus introduz o Primogênito no mundo, diz: &quot;Todos os anjos de Deus o adorem&quot;.</verse>
		<verse number="7">Quanto aos anjos, ele diz: &quot;Ele faz dos seus anjos ventos, e dos seus servos, clarões reluzentes&quot;.</verse>
		<verse number="8">Mas a respeito do Filho, diz: &quot;O teu trono, ó Deus, subsiste para todo o sempre; cetro de eqüidade é o cetro do teu Reino.</verse>
		<verse number="9">Amas a justiça e odeias a iniqüidade; por isso, Deus, o teu Deus, escolheu-te dentre os teus companheiros, ungindo-te com óleo de alegria&quot;.</verse>
		<verse number="10">E também diz: &quot;No princípio, Senhor, firmaste os fundamentos da terra, e os céus são obras das tuas mãos.</verse>
		<verse number="11">Eles perecerão, mas tu permanecerás; envelhecerão como vestimentas.</verse>
		<verse number="12">Tu os enrolarás como um manto, como roupas eles serão trocados. Mas tu permaneces o mesmo, e os teus dias jamais terão fim&quot;.</verse>
		<verse number="13">A qual dos anjos Deus alguma vez disse: &quot;Senta-te à minha direita, até que eu faça dos teus inimigos um estrado para os teus pés&quot;?</verse>
		<verse number="14">Os anjos não são, todos eles, espíritos ministradores enviados para servir aqueles que hão de herdar a salvação?</verse>
	</chapter>
	<chapter number="2">
		<verse number="1">Por isso é preciso que prestemos maior atenção ao que temos ouvido, para que jamais nos desviemos.</verse>
		<verse number="2">Porque se a mensagem transmitida por anjos provou a sua firmeza, e toda transgressão e desobediência recebeu a devida punição,</verse>
		<verse number="3">como escaparemos nós, se negligenciarmos tão grande salvação? Esta salvação, primeiramente anunciada pelo Senhor, foi-nos confirmada pelos que a ouviram.</verse>
		<verse number="4">Deus também deu testemunho dela por meio de sinais, maravilhas, diversos milagres e dons do Espírito Santo distribuídos de acordo com a sua vontade.</verse>
		<verse number="5">Não foi a anjos que ele sujeitou o mundo que há de vir, a respeito do qual estamos falando,</verse>
		<verse number="6">mas alguém em certo lugar testemunhou, dizendo: &quot;Que é o homem, para que com ele te importes? E o filho do homem, para que com ele te preocupes?</verse>
		<verse number="7">Tu o fizeste um pouco menor do que os anjos e o coroaste de glória e de honra;</verse>
		<verse number="8">tudo sujeitaste debaixo dos seus pés&quot;. Ao lhe sujeitar todas as coisas, nada deixou que não lhe estivesse sujeito. Agora, porém, ainda não vemos que todas as coisas lhe estejam sujeitas.</verse>
		<verse number="9">Vemos, todavia, aquele que por um pouco foi feito menor do que os anjos, Jesus, coroado de honra e glória por ter sofrido a morte, para que, pela graça de Deus, em favor de todos, experimentasse a morte.</verse>
		<verse number="10">Ao levar muitos filhos à glória, convinha que Deus, por causa de quem e por meio de quem tudo existe, tornasse perfeito, mediante o sofrimento, o autor da salvação deles.</verse>
		<verse number="11">Ora, tanto o que santifica quanto os que são santificados provêm de um só. Por isso Jesus não se envergonha de chamá-los irmãos.</verse>
		<verse number="12">Ele diz: &quot;Proclamarei o teu nome a meus irmãos; na assembléia te louvarei&quot;.</verse>
		<verse number="13">E também: &quot;Nele porei a minha confiança&quot;. Novamente ele diz: &quot;Aqui estou eu com os filhos que Deus me deu&quot;.</verse>
		<verse number="14">Portanto, visto que os filhos são pessoas de carne e sangue, ele também participou dessa condição humana, para que, por sua morte, derrotasse aquele que tem o poder da morte, isto é, o diabo,</verse>
		<verse number="15">e libertasse aqueles que durante toda a vida estiveram escravizados pelo medo da morte.</verse>
		<verse number="16">Pois é claro que não é a anjos que ele ajuda, mas aos descendentes de Abraão.</verse>
		<verse number="17">Por essa razão era necessário que ele se tornasse semelhante a seus irmãos em todos os aspectos, para se tornar sumo sacerdote misericordioso e fiel com relação a Deus e fazer propiciação pelos pecados do povo.</verse>
		<verse number="18">Porque, tendo em vista o que ele mesmo sofreu quando tentado, ele é capaz de socorrer aqueles que também estão sendo tentados.</verse>
	</chapter>
	<chapter number="3">
		<verse number="1">Portanto, santos irmãos, participantes do chamado celestial, fixem os seus pensamentos em Jesus, apóstolo e sumo sacerdote que confessamos.</verse>
		<verse number="2">Ele foi fiel àquele que o havia constituído, assim como Moisés foi fiel em toda a casa de Deus.</verse>
		<verse number="3">Jesus foi considerado digno de maior glória do que Moisés, da mesma forma que o construtor de uma casa tem mais honra do que a própria casa.</verse>
		<verse number="4">Pois toda casa é construída por alguém, mas Deus é o edificador de tudo.</verse>
		<verse number="5">Moisés foi fiel como servo em toda a casa de Deus, dando testemunho do que haveria de ser dito no futuro,</verse>
		<verse number="6">mas Cristo é fiel como Filho sobre a casa de Deus; e esta casa somos nós, se é que nos apegamos firmemente à confiança e à esperança da qual nos gloriamos.</verse>
		<verse number="7">Assim, como diz o Espírito Santo: &quot;Hoje, se vocês ouvirem a sua voz,</verse>
		<verse number="8">não endureçam o coração, como na rebelião, durante o tempo de provação no deserto,</verse>
		<verse number="9">onde os seus antepassados me tentaram, pondo-me à prova, apesar de, durante quarenta anos, terem visto o que eu fiz.</verse>
		<verse number="10">Por isso fiquei irado contra aquela geração e disse: Os seus corações estão sempre se desviando, e eles não reconheceram os meus caminhos.</verse>
		<verse number="11">Assim jurei na minha ira: Jamais entrarão no meu descanso&quot;.</verse>
		<verse number="12">Cuidado, irmãos, para que nenhum de vocês tenha coração perverso e incrédulo, que se afaste do Deus vivo.</verse>
		<verse number="13">Pelo contrário, encorajem-se uns aos outros todos os dias, durante o tempo que se chama &quot;hoje&quot;, de modo que nenhum de vocês seja endurecido pelo engano do pecado,</verse>
		<verse number="14">pois passamos a ser participantes de Cristo, desde que, de fato, nos apeguemos até o fim à confiança que tivemos no princípio.</verse>
		<verse number="15">Por isso é que se diz: &quot;Se hoje vocês ouvirem a sua voz, não endureçam o coração, como na rebelião&quot;.</verse>
		<verse number="16">Quem foram os que ouviram e se rebelaram? Não foram todos os que Moisés tirou do Egito?</verse>
		<verse number="17">Contra quem Deus esteve irado durante quarenta anos? Não foi contra aqueles que pecaram, cujos corpos caíram no deserto?</verse>
		<verse number="18">E a quem jurou que nunca haveriam de entrar no seu descanso? Não foi àqueles que foram desobedientes?</verse>
		<verse number="19">Vemos, assim, que foi por causa da incredulidade que não puderam entrar.</verse>
	</chapter>
	<chapter number="4">
		<verse number="1">Visto que nos foi deixada a promessa de entrarmos no descanso de Deus, temamos que algum de vocês pense que tenha falhado.</verse>
		<verse number="2">Pois as boas novas foram pregadas também a nós, tanto quanto a eles; mas a mensagem que eles ouviram de nada lhes valeu, pois não foi acompanhada de fé por aqueles que a ouviram.</verse>
		<verse number="3">Pois nós, os que cremos, é que entramos naquele descanso, conforme Deus disse: &quot;Assim jurei na minha ira: Jamais entrarão no meu descanso&quot; — embora as suas obras estivessem concluídas desde a criação do mundo.</verse>
		<verse number="4">Pois em certo lugar ele falou sobre o sétimo dia, nestas palavras: &quot;No sétimo dia Deus descansou de toda obra que realizara&quot;.</verse>
		<verse number="5">E de novo, na passagem citada há pouco, diz: &quot;Jamais entrarão no meu descanso&quot;.</verse>
		<verse number="6">Entretanto, resta entrarem alguns naquele descanso, e aqueles a quem anteriormente as boas novas foram pregadas não entraram, por causa da desobediência.</verse>
		<verse number="7">Por isso Deus estabelece outra vez um determinado dia, chamando-o &quot;hoje&quot;, ao declarar muito tempo depois, por meio de Davi, de acordo com o que fora dito antes: &quot;Se hoje vocês ouvirem a sua voz, não endureçam o coração&quot;.</verse>
		<verse number="8">Porque, se Josué lhes tivesse dado descanso, Deus não teria falado posteriormente a respeito de outro dia.</verse>
		<verse number="9">Assim, ainda resta um descanso sabático para o povo de Deus;</verse>
		<verse number="10">pois todo aquele que entra no descanso de Deus, também descansa das suas obras, como Deus descansou das suas.</verse>
		<verse number="11">Portanto, esforcemo-nos por entrar nesse descanso, para que ninguém venha a cair, seguindo aquele exemplo de desobediência.</verse>
		<verse number="12">Pois a palavra de Deus é viva e eficaz, e mais afiada que qualquer espada de dois gumes; ela penetra ao ponto de dividir alma e espírito, juntas e medulas, e julga os pensamentos e intenções do coração.</verse>
		<verse number="13">Nada, em toda a criação, está oculto aos olhos de Deus. Tudo está descoberto e exposto diante dos olhos daquele a quem havemos de prestar contas.</verse>
		<verse number="14">Portanto, visto que temos um grande sumo sacerdote que adentrou os céus, Jesus, o Filho de Deus, apeguemo-nos com toda a firmeza à fé que professamos,</verse>
		<verse number="15">pois não temos um sumo sacerdote que não possa compadecer-se das nossas fraquezas, mas sim alguém que, como nós, passou por todo tipo de tentação, porém, sem pecado.</verse>
		<verse number="16">Assim sendo, aproximemo-nos do trono da graça com toda a confiança, a fim de recebermos misericórdia e encontrarmos graça que nos ajude no momento da necessidade.</verse>
	</chapter>
	<chapter number="5">
		<verse number="1">Todo sumo sacerdote é escolhido dentre os homens e designado para representá-los em questões relacionadas com Deus e apresentar ofertas e sacrifícios pelos pecados.</verse>
		<verse number="2">Ele é capaz de se compadecer dos que não têm conhecimento e se desviam, visto que ele próprio está sujeito à fraqueza.</verse>
		<verse number="3">Por isso ele precisa oferecer sacrifícios por seus próprios pecados, bem como pelos pecados do povo.</verse>
		<verse number="4">Ninguém toma esta honra para si mesmo, mas deve ser chamado por Deus, como de fato o foi Arão.</verse>
		<verse number="5">Da mesma forma, Cristo não tomou para si a glória de se tornar sumo sacerdote, mas Deus lhe disse: &quot;Tu és meu Filho; eu hoje te gerei&quot;.</verse>
		<verse number="6">E diz noutro lugar: &quot;Tu és sacerdote para sempre, segundo a ordem de Melquisedeque&quot;.</verse>
		<verse number="7">Durante os seus dias de vida na terra, Jesus ofereceu orações e súplicas, em alta voz e com lágrimas, àquele que o podia salvar da morte, sendo ouvido por causa da sua reverente submissão.</verse>
		<verse number="8">Embora sendo Filho, ele aprendeu a obedecer por meio daquilo que sofreu;</verse>
		<verse number="9">e, uma vez aperfeiçoado, tornou-se a fonte de eterna salvação para todos os que lhe obedecem,</verse>
		<verse number="10">sendo designado por Deus sumo sacerdote, segundo a ordem de Melquisedeque.</verse>
		<verse number="11">Quanto a isso, temos muito que dizer, coisas difíceis de explicar, porque vocês se tornaram lentos para aprender.</verse>
		<verse number="12">De fato, embora a esta altura já devessem ser mestres, vocês precisam de alguém que lhes ensine novamente os princípios elementares da palavra de Deus. Estão precisando de leite, e não de alimento sólido!</verse>
		<verse number="13">Quem se alimenta de leite ainda é criança, e não tem experiência no ensino da justiça.</verse>
		<verse number="14">Mas o alimento sólido é para os adultos, os quais, pelo exercício constante, tornaram-se aptos para discernir tanto o bem quanto o mal.</verse>
	</chapter>
	<chapter number="6">
		<verse number="1">Portanto, deixemos os ensinos elementares a respeito de Cristo e avancemos para a maturidade, sem lançar novamente o fundamento do arrependimento de atos que conduzem à morte, da fé em Deus,</verse>
		<verse number="2">da instrução a respeito de batismos, da imposição de mãos, da ressurreição dos mortos e do juízo eterno.</verse>
		<verse number="3">Assim faremos, se Deus o permitir.</verse>
		<verse number="4">Ora para aqueles que uma vez foram iluminados, provaram o dom celestial, tornaram-se participantes do Espírito Santo,</verse>
		<verse number="5">experimentaram a bondade da palavra de Deus e os poderes da era que há de vir,</verse>
		<verse number="6">e caíram, é impossível que sejam reconduzidos ao arrependimento; pois para si mesmos estão crucificando de novo o Filho de Deus, sujeitando-o à desonra pública.</verse>
		<verse number="7">Pois a terra que absorve a chuva, que cai freqüentemente e dá colheita proveitosa àqueles que a cultivam, recebe a bênção de Deus.</verse>
		<verse number="8">Mas a terra que produz espinhos e ervas daninhas, é inútil e logo será amaldiçoada. Seu fim é ser queimada.</verse>
		<verse number="9">Amados, mesmo falando dessa forma, estamos convictos de coisas melhores em relação a vocês, coisas próprias da salvação.</verse>
		<verse number="10">Deus não é injusto; ele não se esquecerá do trabalho de vocês e do amor que demonstraram por ele, pois ajudaram os santos e continuam a ajudá-los.</verse>
		<verse number="11">Queremos que cada um de vocês mostre essa mesma prontidão até o fim, para que tenham a plena certeza da esperança,</verse>
		<verse number="12">de modo que vocês não se tornem negligentes, mas imitem aqueles que, por meio da fé e da paciência, recebem a herança prometida.</verse>
		<verse number="13">Quando Deus fez a sua promessa a Abraão, por não haver ninguém superior por quem jurar, jurou por si mesmo,</verse>
		<verse number="14">dizendo: &quot;Esteja certo de que o abençoarei e farei seus descendentes numerosos&quot;.</verse>
		<verse number="15">E foi assim que, depois de esperar pacientemente, Abraão alcançou a promessa.</verse>
		<verse number="16">Os homens juram por alguém superior a si mesmos, e o juramento confirma o que foi dito, pondo fim a toda discussão.</verse>
		<verse number="17">Querendo mostrar de forma bem clara a natureza imutável do seu propósito para com os herdeiros da promessa, Deus o confirmou com juramento,</verse>
		<verse number="18">para que, por meio de duas coisas imutáveis nas quais é impossível que Deus minta, sejamos firmemente encorajados, nós, que nos refugiamos nele para tomar posse da esperança a nós proposta.</verse>
		<verse number="19">Temos esta esperança como âncora da alma, firme e segura, a qual adentra o santuário interior, por trás do véu,</verse>
		<verse number="20">onde Jesus, que nos precedeu, entrou em nosso lugar, tornando-se sumo sacerdote para sempre, segundo a ordem de Melquisedeque.</verse>
	</chapter>
	<chapter number="7">
		<verse number="1">Esse Melquisedeque, rei de Salém e sacerdote do Deus Altíssimo, encontrou-se com Abraão quando este voltava, depois de derrotar os reis, e o abençoou;</verse>
		<verse number="2">e Abraão lhe deu o dízimo de tudo. Em primeiro lugar, seu nome significa &quot;rei de justiça&quot;; depois, &quot;rei de Salém&quot; quer dizer &quot;rei de paz&quot;.</verse>
		<verse number="3">Sem pai, sem mãe, sem genealogia, sem princípio de dias nem fim de vida, feito semelhante ao Filho de Deus, ele permanece sacerdote para sempre.</verse>
		<verse number="4">Considerem a grandeza desse homem: até mesmo o patriarca Abraão lhe deu o dízimo dos despojos!</verse>
		<verse number="5">A lei requer dos sacerdotes dentre os descendentes de Levi que recebam o dízimo do povo, isto é, dos seus irmãos, embora estes sejam descendentes de Abraão.</verse>
		<verse number="6">Este homem, porém, que não pertencia à linhagem de Levi, recebeu os dízimos de Abraão e abençoou aquele que tinha as promessas.</verse>
		<verse number="7">Sem dúvida alguma, o inferior é abençoado pelo superior.</verse>
		<verse number="8">No primeiro caso, quem recebe o dízimo são homens mortais; no outro caso é aquele de quem se declara que vive.</verse>
		<verse number="9">Pode-se até dizer que Levi, que recebe os dízimos, entregou-os por meio de Abraão,</verse>
		<verse number="10">pois, quando Melquisedeque se encontrou com Abraão, Levi ainda estava no corpo do seu antepassado.</verse>
		<verse number="11">Se fosse possível alcançar a perfeição por meio do sacerdócio levítico ( pois em sua vigência o povo recebeu a lei ), por que haveria ainda necessidade de se levantar outro sacerdote, segundo a ordem de Melquisedeque e não de Arão?</verse>
		<verse number="12">Pois quando há mudança de sacerdócio, é necessário que haja mudança de lei.</verse>
		<verse number="13">Ora, aquele de quem se dizem estas coisas pertencia a outra tribo, da qual ninguém jamais havia servido diante do altar,</verse>
		<verse number="14">pois é evidente que o nosso Senhor descende de Judá, tribo da qual Moisés nada fala quanto a sacerdócio.</verse>
		<verse number="15">O que acabamos de dizer fica ainda mais claro, quando aparece outro sacerdote semelhante a Melquisedeque,</verse>
		<verse number="16">alguém que se tornou sacerdote, não por regras relativas à linhagem, mas segundo o poder de uma vida indestrutível.</verse>
		<verse number="17">Pois sobre ele é afirmado: &quot;Tu és sacerdote para sempre, segundo a ordem de Melquisedeque&quot;.</verse>
		<verse number="18">A ordenança anterior é revogada, porquanto era fraca e inútil</verse>
		<verse number="19">( pois a lei não havia aperfeiçoado coisa alguma ), sendo introduzida uma esperança superior, pela qual nos aproximamos de Deus.</verse>
		<verse number="20">E isso não aconteceu sem juramento! Outros se tornaram sacerdotes sem qualquer juramento,</verse>
		<verse number="21">mas ele se tornou sacerdote com juramento, quando Deus lhe disse: &quot;O Senhor jurou e não se arrependerá: ‘Tu és sacerdote para sempre’ &quot;.</verse>
		<verse number="22">Jesus tornou-se, por isso mesmo, a garantia de uma aliança superior.</verse>
		<verse number="23">Ora, daqueles sacerdotes tem havido muitos, porque a morte os impede de continuar em seu ofício;</verse>
		<verse number="24">mas, visto que vive para sempre, Jesus tem um sacerdócio permanente.</verse>
		<verse number="25">Portanto ele é capaz de salvar definitivamente aqueles que, por meio dele, aproximam-se de Deus, pois vive sempre para interceder por eles.</verse>
		<verse number="26">É de um sumo sacerdote como este que precisávamos: santo, inculpável, puro, separado dos pecadores, exaltado acima dos céus.</verse>
		<verse number="27">Ao contrário dos outros sumos sacerdotes, ele não tem necessidade de oferecer sacrifícios dia após dia, primeiro por seus próprios pecados e, depois, pelos pecados do povo. E ele fez isso de uma vez por todas quando a si mesmo se ofereceu.</verse>
		<verse number="28">Pois a Lei constitui sumos sacerdotes a homens que têm fraquezas; mas o juramento, que veio depois da Lei, constitui o Filho, perfeito para sempre.</verse>
	</chapter>
	<chapter number="8">
		<verse number="1">O mais importante do que estamos tratando é que temos um sumo sacerdote como esse, o qual se assentou à direita do trono da Majestade nos céus</verse>
		<verse number="2">e serve no santuário, no verdadeiro tabernáculo que o Senhor erigiu, e não o homem.</verse>
		<verse number="3">Todo sumo sacerdote é constituído para apresentar ofertas e sacrifícios, e por isso era necessário que também este tivesse algo a oferecer.</verse>
		<verse number="4">Se ele estivesse na terra, nem seria sumo sacerdote, visto que já existem aqueles que apresentam as ofertas prescritas pela lei.</verse>
		<verse number="5">Eles servem num santuário que é cópia e sombra daquele que está nos céus, já que Moisés foi avisado quando estava para construir o tabernáculo: &quot;Tenha o cuidado de fazer tudo segundo o modelo que lhe foi mostrado no monte&quot;.</verse>
		<verse number="6">Agora, porém, o ministério que Jesus recebeu é superior ao deles, assim como também a aliança da qual ele é mediador é superior à antiga, sendo baseada em promessas superiores.</verse>
		<verse number="7">Pois se aquela primeira aliança fosse perfeita, não seria necessário procurar lugar para outra.</verse>
		<verse number="8">Deus, porém, achou o povo em falta e disse: &quot;Estão chegando os dias, declara o Senhor, quando farei uma nova aliança com a comunidade de Israel e com a comunidade de Judá.</verse>
		<verse number="9">Não será como a aliança que fiz com os seus antepassados quando os tomei pela mão para tirá-los do Egito; visto que eles não permaneceram fiéis à minha aliança, eu me afastei deles&quot;, diz o Senhor.</verse>
		<verse number="10">&quot;Esta é a aliança que farei com a comunidade de Israel depois daqueles dias&quot;, declara o Senhor. &quot;Porei minhas leis em suas mentes e as escreverei em seus corações. Serei o Deus deles, e eles serão o meu povo.</verse>
		<verse number="11">Ninguém mais ensinará ao seu próximo nem ao seu irmão, dizendo: ‘Conheça ao Senhor’, porque todos eles me conhecerão, desde o menor até o maior.</verse>
		<verse number="12">Porque eu lhes perdoarei a maldade e não me lembrarei mais dos seus pecados&quot;.</verse>
		<verse number="13">Chamando &quot;nova&quot; esta aliança, ele tornou antiquada a primeira; e o que se torna antiquado e envelhecido, está a ponto de desaparecer.</verse>
	</chapter>
	<chapter number="9">
		<verse number="1">Ora, a primeira aliança tinha regras para a adoração e também um tabernáculo terreno.</verse>
		<verse number="2">Foi levantado um tabernáculo; na parte da frente, chamada Lugar Santo, estavam o candelabro, a mesa e os pães da Presença.</verse>
		<verse number="3">Por trás do segundo véu havia a parte chamada Santo dos Santos,</verse>
		<verse number="4">onde se encontravam o altar de ouro para o incenso e a arca da aliança, totalmente revestida de ouro. Nessa arca estavam o vaso de ouro contendo o maná, a vara de Arão que floresceu e as tábuas da aliança.</verse>
		<verse number="5">Acima da arca estavam os querubins da Glória, que com sua sombra cobriam a tampa da arca. A respeito dessas coisas não cabe agora falar detalhadamente.</verse>
		<verse number="6">Estando tudo assim preparado, os sacerdotes entravam regularmente no Lugar Santo do tabernáculo, para exercer o seu ministério.</verse>
		<verse number="7">No entanto, somente o sumo sacerdote entrava no Santo dos Santos, apenas uma vez por ano, e nunca sem apresentar o sangue do sacrifício, que ele oferecia por si mesmo e pelos pecados que o povo havia cometido por ignorância.</verse>
		<verse number="8">Dessa forma, o Espírito Santo estava mostrando que ainda não havia sido manifestado o caminho para o Santo dos Santos enquanto ainda permanecia o primeiro tabernáculo.</verse>
		<verse number="9">Isso é uma ilustração para os nossos dias, indicando que as ofertas e os sacrifícios oferecidos não podiam dar ao adorador uma consciência perfeitamente limpa.</verse>
		<verse number="10">Eram apenas prescrições que tratavam de comida e bebida e de várias cerimônias de purificação com água; essas ordenanças exteriores foram impostas até o tempo da nova ordem.</verse>
		<verse number="11">Quando Cristo veio como sumo sacerdote dos benefícios agora presentes, ele adentrou o maior e mais perfeito tabernáculo, não feito pelo homem, isto é, não pertencente a esta criação.</verse>
		<verse number="12">Não por meio de sangue de bodes e novilhos, mas pelo seu próprio sangue, ele entrou no Santo dos Santos, uma vez por todas, e obteve eterna redenção.</verse>
		<verse number="13">Ora, se o sangue de bodes e touros e as cinzas de uma novilha espalhadas sobre os que estão cerimonialmente impuros os santificam de forma que se tornam exteriormente puros,</verse>
		<verse number="14">quanto mais, então, o sangue de Cristo, que pelo Espírito eterno se ofereceu de forma imaculada a Deus, purificará a nossa consciência de atos que levam à morte, de modo que sirvamos ao Deus vivo!</verse>
		<verse number="15">Por essa razão, Cristo é o mediador de uma nova aliança para que os que são chamados recebam a promessa da herança eterna, visto que ele morreu como resgate pelas transgressões cometidas sob a primeira aliança.</verse>
		<verse number="16">No caso de um testamento, é necessário que comprove a morte daquele que o fez;</verse>
		<verse number="17">pois um testamento só é validado no caso de morte, uma vez que nunca vigora enquanto está vivo aquele que o fez.</verse>
		<verse number="18">Por isso, nem a primeira aliança foi sancionada sem sangue.</verse>
		<verse number="19">Quando Moisés terminou de proclamar todos os mandamentos da Lei a todo o povo, levou sangue de novilhos e de bodes, juntamente com água, lã vermelha e ramos de hissopo, e aspergiu o próprio livro e todo o povo, dizendo:</verse>
		<verse number="20">&quot;Este é o sangue da aliança que Deus ordenou que vocês obedeçam&quot;.</verse>
		<verse number="21">Da mesma forma, aspergiu com o sangue o tabernáculo e todos os utensílios das suas cerimônias.</verse>
		<verse number="22">De fato, segundo a Lei, quase todas as coisas são purificadas com sangue, e sem derramamento de sangue não há perdão.</verse>
		<verse number="23">Portanto, era necessário que as cópias das coisas que estão nos céus fossem purificadas com esses sacrifícios, mas as próprias coisas celestiais com sacrifícios superiores.</verse>
		<verse number="24">Pois Cristo não entrou em santuário feito por homens, uma simples representação do verdadeiro; ele entrou no próprio céu, para agora se apresentar diante de Deus em nosso favor;</verse>
		<verse number="25">não, porém, para se oferecer repetidas vezes à semelhança do sumo sacerdote que entra no Santo dos Santos todos os anos, com sangue alheio.</verse>
		<verse number="26">Se assim fosse, Cristo precisaria sofrer muitas vezes, desde o começo do mundo. Mas agora ele apareceu uma vez por todas no fim dos tempos, para aniquilar o pecado mediante o sacrifício de si mesmo.</verse>
		<verse number="27">Da mesma forma, como o homem está destinado a morrer uma só vez e depois disso enfrentar o juízo,</verse>
		<verse number="28">assim também Cristo foi oferecido em sacrifício uma única vez, para tirar os pecados de muitos; e aparecerá segunda vez, não para tirar o pecado, mas para trazer salvação aos que o aguardam.</verse>
	</chapter>
	<chapter number="10">
		<verse number="1">A Lei traz apenas uma sombra dos benefícios que hão de vir, e não a realidade dos mesmos. Por isso ela nunca consegue, mediante os mesmos sacrifícios repetidos ano após ano, aperfeiçoar os que se aproximam para adorar.</verse>
		<verse number="2">Se pudesse fazê-lo, não deixariam de ser oferecidos? Pois os adoradores, tendo sido purificados uma vez por todas, não mais se sentiriam culpados de seus pecados.</verse>
		<verse number="3">Contudo, esses sacrifícios são uma recordação anual dos pecados,</verse>
		<verse number="4">pois é impossível que o sangue de touros e bodes tire pecados.</verse>
		<verse number="5">Por isso, quando Cristo veio ao mundo, disse: &quot;Sacrifício e oferta não quiseste, mas um corpo me preparaste;</verse>
		<verse number="6">de holocaustos e ofertas pelo pecado não te agradaste&quot;.</verse>
		<verse number="7">Então eu disse: Aqui estou, no livro está escrito a meu respeito; vim para fazer a tua vontade, ó Deus.</verse>
		<verse number="8">Primeiro ele disse: &quot;Sacrifícios, ofertas, holocaustos e ofertas pelo pecado não quiseste, nem deles te agradaste&quot; ( os quais eram feitos conforme a Lei ).</verse>
		<verse number="9">Então acrescentou: &quot;Aqui estou; vim para fazer a tua vontade&quot;. Ele cancela o primeiro para estabelecer o segundo.</verse>
		<verse number="10">Pelo cumprimento dessa vontade fomos santificados, por meio do sacrifício do corpo de Jesus Cristo, oferecido uma vez por todas.</verse>
		<verse number="11">Dia após dia, todo sacerdote apresenta-se e exerce os seus deveres religiosos; repetidamente oferece os mesmos sacrifícios, que nunca podem remover os pecados.</verse>
		<verse number="12">Mas quando este sacerdote acabou de oferecer, para sempre, um único sacrifício pelos pecados, assentou-se à direita de Deus.</verse>
		<verse number="13">Daí em diante, ele está esperando até que os seus inimigos sejam colocados como estrado dos seus pés;</verse>
		<verse number="14">porque, por meio de um único sacrifício, ele aperfeiçoou para sempre os que estão sendo santificados.</verse>
		<verse number="15">O Espírito Santo também nos testifica a este respeito. Primeiro ele diz:</verse>
		<verse number="16">&quot;Esta é a aliança que farei com eles, depois daqueles dias, diz o Senhor. Porei as minhas leis em seus corações e as escreverei em suas mentes&quot;;</verse>
		<verse number="17">e acrescenta: &quot;Dos seus pecados e iniqüidades não me lembrarei mais&quot;.</verse>
		<verse number="18">Onde essas coisas foram perdoadas, não há mais necessidade de sacrifício pelo pecado.</verse>
		<verse number="19">Portanto, irmãos, temos plena confiança para entrar no Santo dos Santos pelo sangue de Jesus,</verse>
		<verse number="20">por um novo e vivo caminho que ele nos abriu por meio do véu, isto é, do seu corpo.</verse>
		<verse number="21">Temos, pois, um grande sacerdote sobre a casa de Deus.</verse>
		<verse number="22">Sendo assim, aproximemo-nos de Deus com um coração sincero e com plena convicção de fé, tendo os corações aspergidos para nos purificar de uma consciência culpada e tendo os nossos corpos lavados com água pura.</verse>
		<verse number="23">Apeguemo-nos com firmeza à esperança que professamos, pois aquele que prometeu é fiel.</verse>
		<verse number="24">E consideremo-nos uns aos outros para incentivar-nos ao amor e às boas obras.</verse>
		<verse number="25">Não deixemos de reunir-nos como igreja, segundo o costume de alguns, mas encorajemo-nos uns aos outros, ainda mais quando vocês vêem que se aproxima o Dia.</verse>
		<verse number="26">Se continuarmos a pecar deliberadamente depois que recebemos o conhecimento da verdade, já não resta sacrifício pelos pecados,</verse>
		<verse number="27">mas tão-somente uma terrível expectativa de juízo e de fogo intenso que consumirá os inimigos de Deus.</verse>
		<verse number="28">Quem rejeitava a lei de Moisés morria sem misericórdia pelo depoimento de duas ou três testemunhas.</verse>
		<verse number="29">Quão mais severo castigo, julgam vocês, merece aquele que pisou aos pés o Filho de Deus, que profanou o sangue da aliança pelo qual ele foi santificado, e insultou o Espírito da graça?</verse>
		<verse number="30">Pois conhecemos aquele que disse: &quot;A mim pertence a vingança; eu retribuirei&quot;; e outra vez: &quot;O Senhor julgará o seu povo&quot;.</verse>
		<verse number="31">Terrível coisa é cair nas mãos do Deus vivo!</verse>
		<verse number="32">Lembrem-se dos primeiros dias, depois que vocês foram iluminados, quando suportaram muita luta e muito sofrimento.</verse>
		<verse number="33">Algumas vezes vocês foram expostos a insultos e tribulações; em outras ocasiões fizeram-se solidários com os que assim foram tratados.</verse>
		<verse number="34">Vocês se compadeceram dos que estavam na prisão e aceitaram alegremente o confisco dos próprios bens, pois sabiam que possuíam bens superiores e permanentes.</verse>
		<verse number="35">Por isso, não abram mão da confiança que vocês têm; ela será ricamente recompensada.</verse>
		<verse number="36">Vocês precisam perseverar, de modo que, quando tiverem feito a vontade de Deus, recebam o que ele prometeu;</verse>
		<verse number="37">pois em breve, muito em breve &quot;Aquele que vem virá, e não demorará.</verse>
		<verse number="38">Mas o meu justo viverá pela fé. E, se retroceder, não me agradarei dele&quot;.</verse>
		<verse number="39">Nós, porém, não somos dos que retrocedem e são destruídos, mas dos que crêem e são salvos.</verse>
	</chapter>
	<chapter number="11">
		<verse number="1">Ora, a fé é a certeza daquilo que esperamos e a prova das coisas que não vemos.</verse>
		<verse number="2">Pois foi por meio dela que os antigos receberam bom testemunho.</verse>
		<verse number="3">Pela fé entendemos que o universo foi formado pela palavra de Deus, de modo que o que se vê não foi feito do que é visível.</verse>
		<verse number="4">Pela fé Abel ofereceu a Deus um sacrifício superior ao de Caim. Pela fé ele foi reconhecido como justo, quando Deus aprovou as suas ofertas. Embora esteja morto, por meio da fé ainda fala.</verse>
		<verse number="5">Pela fé Enoque foi arrebatado, de modo que não experimentou a morte; &quot;ele já não foi encontrado porque Deus o havia arrebatado&quot;, pois antes de ser arrebatado recebeu testemunho de que tinha agradado a Deus.</verse>
		<verse number="6">Sem fé é impossível agradar a Deus, pois quem dele se aproxima precisa crer que ele existe e que recompensa aqueles que o buscam.</verse>
		<verse number="7">Pela fé Noé, quando avisado a respeito de coisas que ainda não se viam, movido por santo temor, construiu uma arca para salvar sua família. Por meio da fé ele condenou o mundo e tornou-se herdeiro da justiça que é segundo a fé.</verse>
		<verse number="8">Pela fé Abraão, quando chamado, obedeceu e dirigiu-se a um lugar que mais tarde receberia como herança, embora não soubesse para onde estava indo.</verse>
		<verse number="9">Pela fé peregrinou na terra prometida como se estivesse em terra estranha; viveu em tendas, bem como Isaque e Jacó, co-herdeiros da mesma promessa.</verse>
		<verse number="10">Pois ele esperava a cidade que tem alicerces, cujo arquiteto e edificador é Deus.</verse>
		<verse number="11">Pela fé, Abraão — e também a própria Sara, apesar de estéril e avançada em idade — recebeu poder para gerar um filho, porque considerou fiel aquele que lhe havia feito a promessa.</verse>
		<verse number="12">Assim, daquele homem já sem vitalidade originaram-se descendentes tão numerosos como as estrelas do céu e tão incontáveis como a areia da praia do mar.</verse>
		<verse number="13">Todos estes ainda viveram pela fé, e morreram sem receber o que tinha sido prometido; viram-nas de longe e de longe as saudaram, reconhecendo que eram estrangeiros e peregrinos na terra.</verse>
		<verse number="14">Os que assim falam mostram que estão buscando uma pátria.</verse>
		<verse number="15">Se estivessem pensando naquela de onde saíram, teriam oportunidade de voltar.</verse>
		<verse number="16">Em vez disso, esperavam eles uma pátria melhor, isto é, a pátria celestial. Por essa razão Deus não se envergonha de ser chamado o Deus deles, pois preparou-lhes uma cidade.</verse>
		<verse number="17">Pela fé Abraão, quando Deus o pôs à prova, ofereceu Isaque como sacrifício. Aquele que havia recebido as promessas estava a ponto de sacrificar o seu único filho,</verse>
		<verse number="18">embora Deus lhe tivesse dito: &quot;Por meio de Isaque a sua descendência será considerada&quot;.</verse>
		<verse number="19">Abraão levou em conta que Deus pode ressuscitar os mortos; e, figuradamente, recebeu Isaque de volta dentre os mortos.</verse>
		<verse number="20">Pela fé Isaque abençoou Jacó e Esaú com respeito ao futuro deles.</verse>
		<verse number="21">Pela fé Jacó, à beira da morte, abençoou cada um dos filhos de José e adorou a Deus, apoiado na extremidade do seu bordão.</verse>
		<verse number="22">Pela fé José, no fim da vida, fez menção do êxodo dos israelitas do Egito e deu instruções acerca dos seus próprios ossos.</verse>
		<verse number="23">Pela fé Moisés, recém-nascido, foi escondido durante três meses por seus pais, pois estes viram que ele não era uma criança comum, e não temeram o decreto do rei.</verse>
		<verse number="24">Pela fé Moisés, já adulto, recusou ser chamado filho da filha do faraó,</verse>
		<verse number="25">preferindo ser maltratado com o povo de Deus a desfrutar os prazeres do pecado durante algum tempo.</verse>
		<verse number="26">Por amor de Cristo, considerou a desonra riqueza maior do que os tesouros do Egito, porque contemplava a sua recompensa.</verse>
		<verse number="27">Pela fé saiu do Egito, não temendo a ira do rei, e perseverou, porque via aquele que é invisível.</verse>
		<verse number="28">Pela fé celebrou a Páscoa e fez a aspersão do sangue, para que o destruidor não tocasse nos fihos mais velhos dos israelitas.</verse>
		<verse number="29">Pela fé o povo atravessou o mar Vermelho como em terra seca; mas, quando os egípcios tentaram fazê-lo, morreram afogados.</verse>
		<verse number="30">Pela fé caíram os muros de Jericó, depois de serem rodeados durante sete dias.</verse>
		<verse number="31">Pela fé a prostituta Raabe, por ter acolhido os espiões, não foi morta com os que haviam sido desobedientes.</verse>
		<verse number="32">Que mais direi? Não tenho tempo para falar de Gideão, Baraque, Sansão, Jefté, Davi, Samuel e os profetas,</verse>
		<verse number="33">os quais pela fé conquistaram reinos, praticaram a justiça, alcançaram o cumprimento de promessas, fecharam a boca de leões,</verse>
		<verse number="34">apagaram o poder do fogo e escaparam do fio da espada; da fraqueza tiraram força, tornaram-se poderosos na batalha e puseram em fuga exércitos estrangeiros.</verse>
		<verse number="35">Houve mulheres que, pela ressurreição, tiveram de volta os seus mortos. Alguns foram torturados e recusaram ser libertados, para poderem alcançar uma ressurreição superior.</verse>
		<verse number="36">Outros enfrentaram zombaria e açoites, outros ainda foram acorrentados e colocados na prisão,</verse>
		<verse number="37">apedrejados, serrados ao meio, postos à prova, mortos ao fio da espada. Andaram errantes, vestidos de pele de ovelhas e de cabras, necessitados, afligidos e maltratados.</verse>
		<verse number="38">O mundo não era digno deles. Vagaram pelos desertos e montes, pelas cavernas e grutas.</verse>
		<verse number="39">Todos estes receberam bom testemunho por meio da fé; no entanto, nenhum deles recebeu o que havia sido prometido.</verse>
		<verse number="40">Deus havia planejado algo melhor para nós, para que conosco fossem eles aperfeiçoados.</verse>
	</chapter>
	<chapter number="12">
		<verse number="1">Portanto, também nós, uma vez que estamos rodeados por tão grande nuvem de testemunhas, livremo-nos de tudo o que nos atrapalha e do pecado que nos envolve, e corramos com perseverança a corrida que nos é proposta,</verse>
		<verse number="2">tendo os olhos fitos em Jesus, autor e consumador da nossa fé. Ele, pela alegria que lhe fora proposta, suportou a cruz, desprezando a vergonha, e assentou-se à direita do trono de Deus.</verse>
		<verse number="3">Pensem bem naquele que suportou tal oposição dos pecadores contra si mesmo, para que vocês não se cansem nem se desanimem.</verse>
		<verse number="4">Na luta contra o pecado, vocês ainda não resistiram até o ponto de derramar o próprio sangue.</verse>
		<verse number="5">Vocês se esqueceram da palavra de ânimo que ele lhes dirige como a filhos: &quot;Meu filho, não despreze a disciplina do Senhor, nem se magoe com a sua repreensão,</verse>
		<verse number="6">pois o Senhor disciplina a quem ama, e castiga todo aquele a quem aceita como filho&quot;.</verse>
		<verse number="7">Suportem as dificuldades, recebendo-as como disciplina; Deus os trata como filhos. Pois, qual o filho que não é disciplinado por seu pai?</verse>
		<verse number="8">Se vocês não são disciplinados, e a disciplina é para todos os filhos, então vocês não são filhos legítimos, mas sim ilegítimos.</verse>
		<verse number="9">Além disso, tínhamos pais humanos que nos disciplinavam, e nós os respeitávamos. Quanto mais devemos submeter-nos ao Pai dos espíritos, para assim vivermos!</verse>
		<verse number="10">Nossos pais nos disciplinavam por curto período, segundo lhes parecia melhor; mas Deus nos disciplina para o nosso bem, para que participemos da sua santidade.</verse>
		<verse number="11">Nenhuma disciplina parece ser motivo de alegria no momento, mas sim de tristeza. Mais tarde, porém, produz fruto de justiça e paz para aqueles que por ela foram exercitados.</verse>
		<verse number="12">Portanto, fortaleçam as mãos enfraquecidas e os joelhos vacilantes.</verse>
		<verse number="13">&quot;Façam caminhos retos para os seus pés&quot;, para que o manco não se desvie, mas antes seja curado.</verse>
		<verse number="14">Esforcem-se para viver em paz com todos e para serem santos; sem santidade ninguém verá o Senhor.</verse>
		<verse number="15">Cuidem que ninguém se exclua da graça de Deus. Que nenhuma raiz de amargura brote e cause perturbação, contaminando a muitos.</verse>
		<verse number="16">Não haja nenhum imoral ou profano, como Esaú, que por uma única refeição vendeu os seus direitos de herança como filho mais velho.</verse>
		<verse number="17">Como vocês sabem, posteriormente, quando quis herdar a bênção, foi rejeitado; e não teve como alterar a sua decisão, embora buscasse a bênção com lágrimas.</verse>
		<verse number="18">Vocês não chegaram ao monte que se podia tocar, e que estava chamas, nem às trevas, à escuridão e à tempestade,</verse>
		<verse number="19">ao soar da trombeta e ao som de palavras tais, que os ouvintes rogaram que nada mais lhes fosse dito;</verse>
		<verse number="20">pois não podiam suportar o que lhes estava sendo ordenado: &quot;Até um animal, se tocar no monte, deve ser apedrejado&quot;.</verse>
		<verse number="21">O espetáculo era tão terrível que até Moisés disse: &quot;Estou apavorado e trêmulo! &quot;</verse>
		<verse number="22">Mas vocês chegaram ao monte Sião, à Jerusalém celestial, à cidade do Deus vivo. Chegaram aos milhares de milhares de anjos em alegre reunião,</verse>
		<verse number="23">à igreja dos primogênitos, cujos nomes estão escritos nos céus. Vocês chegaram a Deus, juiz de todos os homens, aos espíritos dos justos aperfeiçoados,</verse>
		<verse number="24">a Jesus, mediador de uma nova aliança, e ao sangue aspergido, que fala melhor do que o sangue de Abel.</verse>
		<verse number="25">Cuidado! Não rejeitem aquele que fala. Se os que se recusaram a ouvir aquele que os advertia na terra não escaparam, quanto mais nós, se nos desviarmos daquele que nos adverte dos céus?</verse>
		<verse number="26">Aquele cuja voz outrora abalou a terra, agora promete: &quot;Ainda uma vez abalarei não apenas a terra, mas também o céu&quot;.</verse>
		<verse number="27">As palavras &quot;ainda uma vez&quot; indicam a remoção do que pode ser abalado, isto é, coisas criadas, de forma que permaneça o que não pode ser abalado.</verse>
		<verse number="28">Portanto, já que estamos recebendo um Reino inabalável, sejamos agradecidos e, assim, adoremos a Deus de modo aceitável, com reverência e temor,</verse>
		<verse number="29">pois o nosso &quot;Deus é fogo consumidor! &quot;</verse>
	</chapter>
	<chapter number="13">
		<verse number="1">Seja constante o amor fraternal.</verse>
		<verse number="2">Não se esqueçam da hospitalidade; foi praticando-a que, sem o saber alguns acolheram anjos.</verse>
		<verse number="3">Lembrem-se dos que estão na prisão, como se aprisionados com eles; dos que estão sendo maltratados, como se fossem vocês mesmos que o estivessem sofrendo no corpo.</verse>
		<verse number="4">O casamento deve ser honrado por todos; o leito conjugal, conservado puro; pois Deus julgará os imorais e os adúlteros.</verse>
		<verse number="5">Conservem-se livres do amor ao dinheiro e contentem-se com o que vocês têm, porque Deus mesmo disse: &quot;Nunca o deixarei, nunca o abandonarei&quot;.</verse>
		<verse number="6">Podemos, pois, dizer com confiança: &quot;O Senhor é o meu ajudador, não temerei. O que me podem fazer os homens? &quot;</verse>
		<verse number="7">Lembrem-se dos seus líderes, que lhes falaram a palavra de Deus. Observem bem o resultado da vida que tiveram e imitem a sua fé.</verse>
		<verse number="8">Jesus Cristo é o mesmo, ontem, hoje e para sempre.</verse>
		<verse number="9">Não se deixem levar pelos diversos ensinos estranhos. É bom que o nosso coração seja fortalecido pela graça, e não por alimentos cerimoniais, os quais não têm valor para aqueles que os comem.</verse>
		<verse number="10">Nós temos um altar do qual não têm direito de comer os que ministram no tabernáculo.</verse>
		<verse number="11">O sumo sacerdote leva sangue de animais até o Santo dos Santos, como oferta pelo pecado, mas os corpos dos animais são queimados fora do acampamento.</verse>
		<verse number="12">Assim, Jesus também sofreu fora das portas da cidade, para santificar o povo por meio do seu próprio sangue.</verse>
		<verse number="13">Portanto, saiamos até ele, fora do acampamento, suportando a desonra que ele suportou.</verse>
		<verse number="14">Pois não temos aqui nenhuma cidade permanente, mas buscamos a que há de vir.</verse>
		<verse number="15">Por meio de Jesus, portanto, ofereçamos continuamente a Deus um sacrifício de louvor, que é fruto de lábios que confessam o seu nome.</verse>
		<verse number="16">Não se esqueçam de fazer o bem e de repartir com os outros o que vocês têm, pois de tais sacrifícios Deus se agrada.</verse>
		<verse number="17">Obedeçam aos seus líderes e submetam-se à autoridade deles. Eles cuidam de vocês como quem deve prestar contas. Obedeçam-lhes, para que o trabalho deles seja uma alegria e não um peso, pois isso não seria proveitoso para vocês.</verse>
		<verse number="18">Orem por nós. Estamos certos de que temos consciência limpa, e desejamos viver de maneira honrosa em tudo.</verse>
		<verse number="19">Particularmente recomendo-lhes que orem para que eu lhes seja restituído em breve.</verse>
		<verse number="20">O Deus da paz, que pelo sangue da aliança eterna trouxe de volta dentre os mortos a nosso Senhor Jesus, o grande Pastor das ovelhas,</verse>
		<verse number="21">os aperfeiçoe em todo o bem para fazerem a vontade dele, e opere em nós o que lhe é agradável, mediante Jesus Cristo, a quem seja a glória para todo o sempre. Amém.</verse>
		<verse number="22">Irmãos, peço-lhes que suportem a minha palavra de exortação; na verdade o que eu lhes escrevi é pouco.</verse>
		<verse number="23">Quero que saibam que o nosso irmão Timóteo foi posto em liberdade. Se ele chegar logo, irei vê-los com ele.</verse>
		<verse number="24">Saúdem a todos os seus líderes e a todos os santos. Os da Itália lhes enviam saudações.</verse>
		<verse number="25">A graça seja com todos vocês.</verse>
	</chapter>
</book>