﻿<?xml version="1.0" encoding="UTF-8"?>
<book name="2ª João" abbrev="2jo" chapters="1">
	<chapter number="1">
		<verse number="1">O presbítero à senhora eleita e aos seus filhos, a quem amo na verdade, — e não apenas eu os amo, mas também todos os que conhecem a verdade —</verse>
		<verse number="2">por causa da verdade que permanece em nós e estará conosco para sempre.</verse>
		<verse number="3">A graça, a misericórdia e a paz da parte de Deus Pai e de Jesus Cristo, seu Filho, estarão conosco em verdade e em amor.</verse>
		<verse number="4">Ao encontrar alguns dos seus filhos, muito me alegrei, pois eles estão andando na verdade, conforme o mandamento que recebemos do Pai.</verse>
		<verse number="5">E agora eu lhe peço, senhora — não como se estivesse escrevendo um mandamento novo, o que já tínhamos desde o princípio — que nos amemos uns aos outros.</verse>
		<verse number="6">E este é o amor: que andemos em obediência aos seus mandamentos. Como vocês já têm ouvido desde o princípio, o mandamento é este: que vocês andem em amor.</verse>
		<verse number="7">De fato, muitos enganadores têm saído pelo mundo, os quais não confessam que Jesus Cristo veio em corpo. Tal é o enganador e o anticristo.</verse>
		<verse number="8">Tenham cuidado, para que vocês não destruam o fruto do nosso trabalho, antes sejam recompensados plenamente.</verse>
		<verse number="9">Todo aquele que não permanece no ensino de Cristo, mas vai além dele, não tem Deus; quem permanece no ensino tem o Pai e também o Filho.</verse>
		<verse number="10">Se alguém chega a vocês e não trouxer esse ensino, não o recebam em casa nem o saúdem.</verse>
		<verse number="11">Pois quem o saúda torna-se participante das suas obras malignas.</verse>
		<verse number="12">Tenho muito que lhes escrever, mas não é meu propósito fazê-lo com papel e tinta. Em vez disso, espero visitá-los e falar com vocês face a face, para que a nossa alegria seja completa.</verse>
		<verse number="13">Os filhos da sua irmã eleita lhe enviam saudações.</verse>
	</chapter>
</book>