﻿<?xml version="1.0" encoding="UTF-8"?>
<book name="Gálatas" abbrev="gl" chapters="6">
	<chapter number="1">
		<verse number="1">Paulo, apóstolo enviado, não da parte de homens nem por meio de pessoa alguma, mas por Jesus Cristo e por Deus Pai, que o ressuscitou dos mortos,</verse>
		<verse number="2">e todos os irmãos que estão comigo, às igrejas da Galácia:</verse>
		<verse number="3">A vocês, graça e paz da parte de Deus nosso Pai e do Senhor Jesus Cristo,</verse>
		<verse number="4">que se entregou a si mesmo por nossos pecados a fim de nos resgatar desta presente era perversa, segundo a vontade de nosso Deus e Pai,</verse>
		<verse number="5">a quem seja a glória para todo o sempre. Amém.</verse>
		<verse number="6">Admiro-me de que vocês estejam abandonando tão rapidamente aquele que os chamou pela graça de Cristo, para seguirem outro evangelho</verse>
		<verse number="7">que, na realidade, não é o evangelho. O que ocorre é que algumas pessoas os estão perturbando, querendo perverter o evangelho de Cristo.</verse>
		<verse number="8">Mas ainda que nós ou um anjo do céu pregue um evangelho diferente daquele que lhes pregamos, que seja amaldiçoado!</verse>
		<verse number="9">Como já dissemos, agora repito: Se alguém lhes anuncia um evangelho diferente daquele que já receberam, que seja amaldiçoado!</verse>
		<verse number="10">Acaso busco eu agora a aprovação dos homens ou a de Deus? Ou estou tentando agradar a homens? Se eu ainda estivesse procurando agradar a homens, não seria servo de Cristo.</verse>
		<verse number="11">Irmãos, quero que saibam que o evangelho por mim anunciado não é de origem humana.</verse>
		<verse number="12">Não o recebi de pessoa alguma nem me foi ele ensinado; pelo contrário, eu o recebi de Jesus Cristo por revelação.</verse>
		<verse number="13">Vocês ouviram qual foi o meu procedimento no judaísmo, como perseguia com violência a igreja de Deus, procurando destruí-la.</verse>
		<verse number="14">No judaísmo, eu superava a maioria dos judeus da minha idade, e era extremamente zeloso das tradições dos meus antepassados.</verse>
		<verse number="15">Mas Deus me separou desde o ventre materno e me chamou por sua graça. Quando lhe agradou</verse>
		<verse number="16">revelar o seu Filho em mim para que eu o anunciasse entre os gentios, não consultei pessoa alguma.</verse>
		<verse number="17">Tampouco subi a Jerusalém para ver os que já eram apóstolos antes de mim, mas de imediato parti para a Arábia, e tornei a voltar a Damasco.</verse>
		<verse number="18">Depois de três anos, subi a Jerusalém para conhecer Pedro pessoalmente, e estive com ele quinze dias.</verse>
		<verse number="19">Não vi nenhum dos outros apóstolos, a não ser Tiago, irmão do Senhor.</verse>
		<verse number="20">Quanto ao que lhes escrevo, afirmo diante de Deus que não minto.</verse>
		<verse number="21">A seguir, fui para as regiões da Síria e da Cilícia.</verse>
		<verse number="22">Eu não era pessoalmente conhecido pelas igrejas da Judéia que estão em Cristo.</verse>
		<verse number="23">Apenas ouviam dizer: &quot;Aquele que antes nos perseguia, agora está anunciando a fé que outrora procurava destruir&quot;.</verse>
		<verse number="24">E glorificavam a Deus por minha causa.</verse>
	</chapter>
	<chapter number="2">
		<verse number="1">Catorze anos depois, subi novamente a Jerusalém, dessa vez com Barnabé, levando também Tito comigo.</verse>
		<verse number="2">Fui para lá por causa de uma revelação e expus diante deles o evangelho que prego entre os gentios, fazendo-o, porém, em particular aos que pareciam mais influentes, para não correr ou ter corrido em vão.</verse>
		<verse number="3">Mas nem mesmo Tito, que estava comigo, foi obrigado a circuncidar-se, apesar de ser grego.</verse>
		<verse number="4">Essa questão foi levantada porque alguns falsos irmãos infiltraram-se em nosso meio para espionar a liberdade que temos em Cristo Jesus e nos reduzir à escravidão.</verse>
		<verse number="5">Não nos submetemos a eles nem por um instante, para que a verdade do evangelho permanecesse com vocês.</verse>
		<verse number="6">Quanto aos que pareciam influentes — o que eram então não faz diferença para mim; Deus não julga pela aparência — tais homens influentes não me acrescentaram nada.</verse>
		<verse number="7">Pelo contrário, reconheceram que a mim havia sido confiada a pregação do evangelho aos incircuncisos, assim como a Pedro, aos circuncisos.</verse>
		<verse number="8">Pois Deus, que operou por meio de Pedro como apóstolo aos circuncisos, também operou por meu intermédio para com os gentios.</verse>
		<verse number="9">Reconhecendo a graça que me fora concedida, Tiago, Pedro e João, tidos como colunas, estenderam a mão direita a mim e a Barnabé em sinal de comunhão. Eles concordaram em que devíamos nos dirigir aos gentios, e eles, aos circuncisos.</verse>
		<verse number="10">Somente pediram que nos lembrássemos dos pobres, o que me esforcei por fazer.</verse>
		<verse number="11">Quando, porém, Pedro veio a Antioquia, enfrentei-o face a face, por sua atitude condenável.</verse>
		<verse number="12">Pois, antes de chegarem alguns da parte de Tiago, ele comia com os gentios. Quando, porém, eles chegaram, afastou-se e separou-se dos gentios, temendo os que eram da circuncisão.</verse>
		<verse number="13">Os demais judeus também se uniram a ele nessa hipocrisia, de modo que até Barnabé se deixou levar.</verse>
		<verse number="14">Quando vi que não estavam andando de acordo com a verdade do evangelho, declarei a Pedro, diante de todos: &quot;Você é judeu, mas vive como gentio e não como judeu. Portanto, como pode obrigar gentios a viverem como judeus?</verse>
		<verse number="15">&quot;Nós, judeus de nascimento e não ‘gentios pecadores’,</verse>
		<verse number="16">sabemos que o ninguém é justificado pela prática da lei, mas mediante a fé em Jesus Cristo. Assim, nós também cremos em Cristo Jesus para sermos justificados pela fé em Cristo, e não pela prática da lei, porque pela prática da lei ninguém será justificado.</verse>
		<verse number="17">&quot;Se, porém, procurando ser justificados em Cristo descobrimos que nós mesmos somos pecadores, será Cristo então ministro do pecado? De modo algum!</verse>
		<verse number="18">Se reconstruo o que destruí, provo que sou transgressor.</verse>
		<verse number="19">Pois, por meio da lei eu morri para a lei, a fim de viver para Deus.</verse>
		<verse number="20">Fui crucificado com Cristo. Assim, já não sou eu quem vive, mas Cristo vive em mim. A vida que agora vivo no corpo, vivo-a pela fé no filho de Deus, que me amou e se entregou por mim.</verse>
		<verse number="21">Não anulo a graça de Deus; pois, se a justiça vem pela lei, Cristo morreu inutilmente! &quot;</verse>
	</chapter>
	<chapter number="3">
		<verse number="1">Ó gálatas insensatos! Quem os enfeitiçou? Não foi diante dos seus olhos que Jesus Cristo foi exposto como crucificado?</verse>
		<verse number="2">Gostaria de saber apenas uma coisa: foi pela prática da lei que vocês receberam o Espírito, ou pela fé naquilo que ouviram?</verse>
		<verse number="3">Será que vocês são tão insensatos que, tendo começado pelo Espírito, querem agora se aperfeiçoar pelo esforço próprio?</verse>
		<verse number="4">Será que foi inútil sofrerem tantas coisas? Se é que foi inútil!</verse>
		<verse number="5">Aquele que lhes dá o seu Espírito e opera milagres entre vocês, realiza essas coisas pela prática da lei ou pela fé com a qual receberam a palavra?</verse>
		<verse number="6">Considerem o exemplo de Abraão: &quot;Ele creu em Deus, e isso lhe foi creditado como justiça&quot;.</verse>
		<verse number="7">Estejam certos, portanto, de que os que são da fé, estes é que são filhos de Abraão.</verse>
		<verse number="8">Prevendo a Escritura que Deus justificaria pela fé os gentios, anunciou primeiro as boas novas a Abraão: &quot;Por meio de você todas as nações serão abençoadas&quot;.</verse>
		<verse number="9">Assim, os que são da fé são abençoados juntamente com Abraão, homem de fé.</verse>
		<verse number="10">Já os que são pela prática da lei estão debaixo de maldição, pois está escrito: &quot;Maldito todo aquele que não persiste em praticar todas as coisas escritas no livro da Lei&quot;.</verse>
		<verse number="11">É evidente que diante de Deus ninguém é justificado pela lei, pois &quot;o justo viverá pela fé&quot;.</verse>
		<verse number="12">A lei não é baseada na fé; pelo contrário, &quot;quem praticar estas coisas, por elas viverá&quot;.</verse>
		<verse number="13">Cristo nos redimiu da maldição da lei quando se tornou maldição em nosso lugar, pois está escrito: &quot;Maldito todo aquele que for pendurado num madeiro&quot;.</verse>
		<verse number="14">Isso para que em Cristo Jesus a bênção de Abraão chegasse também aos gentios, para que recebêssemos a promessa do Espírito mediante a fé.</verse>
		<verse number="15">Irmãos, humanamente falando, ninguém pode anular um testamento depois de ratificado, nem acrescentar-lhe algo.</verse>
		<verse number="16">Assim também as promessas foram feitas a Abraão e ao seu descendente. A Escritura não diz: &quot;E aos seus descendentes&quot;, como se falando de muitos, mas: &quot;Ao seu descendente&quot;, dando a entender que se trata de um só, isto é, Cristo.</verse>
		<verse number="17">Quero dizer isto: A lei, que veio quatrocentos e trinta anos depois, não anula a aliança previamente estabelecida por Deus, de modo que venha a invalidar a promessa.</verse>
		<verse number="18">Pois, se a herança depende da lei, já não depende de promessa. Deus, porém, concedeu-a gratuitamente a Abraão mediante promessa.</verse>
		<verse number="19">Qual era então o propósito da lei? Foi acrescentada por causa das transgressões, até que viesse o Descendente a quem se referia a promessa, e foi promulgada por meio de anjos, pela mão de um mediador.</verse>
		<verse number="20">Contudo, o mediador representa mais de um; Deus, porém, é um.</verse>
		<verse number="21">Então, a lei opõe-se às promessas de Deus? De maneira nenhuma! Pois, se tivesse sido dada uma lei que pudesse conceder vida, certamente a justiça viria da lei.</verse>
		<verse number="22">Mas a Escritura encerrou tudo debaixo do pecado, a fim de que a promessa, que é pela fé em Jesus Cristo, fosse dada aos que crêem.</verse>
		<verse number="23">Antes que viesse esta fé, estávamos sob a custódia da lei, nela encerrados, até que a fé que haveria de vir fosse revelada.</verse>
		<verse number="24">Assim, a lei foi o nosso tutor até Cristo, para que fôssemos justificados pela fé.</verse>
		<verse number="25">Agora, porém, tendo chegado a fé, já não estamos mais sob o controle do tutor.</verse>
		<verse number="26">Todos vocês são filhos de Deus mediante a fé em Cristo Jesus,</verse>
		<verse number="27">pois os que em Cristo foram batizados, de Cristo se revestiram.</verse>
		<verse number="28">Não há judeu nem grego, escravo nem livre, homem nem mulher; pois todos são um em Cristo Jesus.</verse>
		<verse number="29">E, se vocês são de Cristo, são descendência de Abraão e herdeiros segundo a promessa.</verse>
	</chapter>
	<chapter number="4">
		<verse number="1">Digo porém que, enquanto o herdeiro é menor de idade, em nada difere de um escravo, embora seja dono de tudo.</verse>
		<verse number="2">No entanto, ele está sujeito a guardiães e administradores até o tempo determinado por seu pai.</verse>
		<verse number="3">Assim também nós, quando éramos menores, estávamos escravizados aos princípios elementares do mundo.</verse>
		<verse number="4">Mas, quando chegou a plenitude do tempo, Deus enviou seu Filho, nascido de mulher, nascido debaixo da lei,</verse>
		<verse number="5">a fim de redimir os que estavam sob a lei, para que recebêssemos a adoção de filhos.</verse>
		<verse number="6">E, porque vocês são filhos, Deus enviou o Espírito de seu Filho aos seus corações, o qual clama: &quot;Aba, Pai&quot;.</verse>
		<verse number="7">Assim, você já não é mais escravo, mas filho; e, por ser filho, Deus também o tornou herdeiro.</verse>
		<verse number="8">Antes, quando vocês não conheciam a Deus, eram escravos daqueles que, por natureza, não são deuses.</verse>
		<verse number="9">Mas agora, conhecendo a Deus, ou melhor, sendo por ele conhecidos, como é que estão voltando àqueles mesmos princípios elementares, fracos e sem poder? Querem ser escravizados por eles outra vez?</verse>
		<verse number="10">Vocês estão observando dias especiais, meses, ocasiões específicas e anos!</verse>
		<verse number="11">Temo que os meus esforços por vocês tenham sido inúteis.</verse>
		<verse number="12">Eu lhes suplico, irmãos, que se tornem como eu, pois eu me tornei como vocês. Em nada vocês me ofenderam;</verse>
		<verse number="13">como sabem, foi por causa de uma doença que lhes preguei o evangelho pela primeira vez.</verse>
		<verse number="14">Embora a minha doença lhes tenha sido uma provação, vocês não me trataram com desprezo ou desdém; pelo contrário, receberam-me como se eu fosse um anjo de Deus, como o próprio Cristo Jesus.</verse>
		<verse number="15">Que aconteceu com a alegria de vocês? Tenho certeza que, se fosse possível, vocês teriam arrancado os próprios olhos para dá-los a mim.</verse>
		<verse number="16">Tornei-me inimigo de vocês por lhes dizer a verdade?</verse>
		<verse number="17">Os que fazem tanto esforço para agradá-los, não agem bem, mas querem isolá-los a fim de que vocês também mostrem zelo por eles.</verse>
		<verse number="18">É bom sempre ser zeloso pelo bem, e não apenas quando estou presente.</verse>
		<verse number="19">Meus filhos, novamente estou sofrendo dores de parto por sua causa, até que Cristo seja formado em vocês.</verse>
		<verse number="20">Eu gostaria de estar com vocês agora e mudar o meu tom de voz, pois estou perplexo quanto a vocês.</verse>
		<verse number="21">Digam-me vocês, os que querem estar debaixo da lei: Acaso vocês não ouvem a lei?</verse>
		<verse number="22">Pois está escrito que Abraão teve dois filhos, um da escrava e outro da livre.</verse>
		<verse number="23">O filho da escrava nasceu de modo natural, mas o filho da livre nasceu mediante promessa.</verse>
		<verse number="24">Isso é usado aqui como uma ilustração; estas mulheres representam duas alianças. Uma aliança procede do monte Sinai e gera filhos para a escravidão: esta é Hagar.</verse>
		<verse number="25">Hagar representa o monte Sinai, na Arábia, e corresponde à atual cidade de Jerusalém, que está escravizada com os seus filhos.</verse>
		<verse number="26">Mas a Jerusalém do alto é livre, e essa é a nossa mãe.</verse>
		<verse number="27">Pois está escrito: &quot;Regozije-se, ó estéril, você que nunca teve um filho; grite de alegria, você que nunca esteve em trabalho de parto; porque mais são os filhos da mulher abandonada do que os daquela que tem marido&quot;.</verse>
		<verse number="28">Vocês, irmãos, são filhos da promessa, como Isaque.</verse>
		<verse number="29">Naquele tempo, o filho nascido de modo natural perseguia o filho nascido segundo o Espírito. O mesmo acontece agora.</verse>
		<verse number="30">Mas o que diz a Escritura? &quot;Mande embora a escrava e o seu filho, porque o filho da escrava jamais será herdeiro com o filho da livre&quot;.</verse>
		<verse number="31">Portanto, irmãos, não somos filhos da escrava, mas da livre.</verse>
	</chapter>
	<chapter number="5">
		<verse number="1">Foi para a liberdade que Cristo nos libertou. Portanto, permaneçam firmes e não se deixem submeter novamente a um jugo de escravidão.</verse>
		<verse number="2">Ouçam bem o que eu, Paulo, lhes digo: Caso se deixem circuncidar, Cristo de nada lhes servirá.</verse>
		<verse number="3">De novo declaro a todo homem que se deixa circuncidar que está obrigado a cumprir toda a lei.</verse>
		<verse number="4">Vocês, que procuram ser justificados pela lei, separaram-se de Cristo; caíram da graça.</verse>
		<verse number="5">Pois é mediante o Espírito que nós aguardamos pela fé a justiça que é a nossa esperança.</verse>
		<verse number="6">Porque em Cristo Jesus nem circuncisão nem incircuncisão têm efeito algum, mas sim a fé que atua pelo amor.</verse>
		<verse number="7">Vocês corriam bem. Quem os impediu de continuar obedecendo à verdade?</verse>
		<verse number="8">Tal persuasão não provém daquele que os chama.</verse>
		<verse number="9">&quot;Um pouco de fermento leveda toda a massa&quot;.</verse>
		<verse number="10">Estou convencido no Senhor de que vocês não pensarão de nenhum outro modo. Aquele que os perturba, seja quem for, sofrerá a condenação.</verse>
		<verse number="11">Irmãos, se ainda estou pregando a circuncisão, por que continuo sendo perseguido? Nesse caso, o escândalo da cruz foi removido.</verse>
		<verse number="12">Quanto a esses que os perturbam, quem dera que se castrassem!</verse>
		<verse number="13">Irmãos, vocês foram chamados para a liberdade. Mas não usem a liberdade para dar ocasião à vontade da carne; pelo contrário, sirvam uns aos outros mediante o amor.</verse>
		<verse number="14">Toda a lei se resume num só mandamento: &quot;Ame o seu próximo como a si mesmo&quot;.</verse>
		<verse number="15">Mas se vocês se mordem e se devoram uns aos outros, cuidado para não se destruírem mutuamente.</verse>
		<verse number="16">Por isso digo: vivam pelo Espírito, e de modo nenhum satisfarão os desejos da carne.</verse>
		<verse number="17">Pois a carne deseja o que é contrário ao Espírito; e o Espírito, o que é contrário à carne. Eles estão em conflito um com o outro, de modo que vocês não fazem o que desejam.</verse>
		<verse number="18">Mas, se vocês são guiados pelo Espírito, não estão debaixo da lei.</verse>
		<verse number="19">Ora, as obras da carne são manifestas: imoralidade sexual, impureza e libertinagem;</verse>
		<verse number="20">idolatria e feitiçaria; ódio, discórdia, ciúmes, ira, egoísmo, dissensões, facções</verse>
		<verse number="21">e inveja; embriaguez, orgias e coisas semelhantes. Eu os advirto, como antes já os adverti, que os que praticam essas coisas não herdarão o Reino de Deus.</verse>
		<verse number="22">Mas o fruto do Espírito é amor, alegria, paz, paciência, amabilidade, bondade, fidelidade,</verse>
		<verse number="23">mansidão e domínio próprio. Contra essas coisas não há lei.</verse>
		<verse number="24">Os que pertencem a Cristo Jesus crucificaram a carne, com as suas paixões e os seus desejos.</verse>
		<verse number="25">Se vivemos pelo Espírito, andemos também pelo Espírito.</verse>
		<verse number="26">Não sejamos presunçosos, provocando uns aos outros e tendo inveja uns dos outros.</verse>
	</chapter>
	<chapter number="6">
		<verse number="1">Irmãos, se alguém for surpreendido em algum pecado, vocês, que são espirituais deverão restaurá-lo com mansidão. Cuide-se, porém, cada um para que também não seja tentado.</verse>
		<verse number="2">Levem os fardos pesados uns dos outros e, assim, cumpram a lei de Cristo.</verse>
		<verse number="3">Se alguém se considera alguma coisa, não sendo nada, engana-se a si mesmo.</verse>
		<verse number="4">Cada um examine os próprios atos, e então poderá orgulhar-se de si mesmo, sem se comparar com ninguém,</verse>
		<verse number="5">pois cada um deverá levar a própria carga.</verse>
		<verse number="6">O que está sendo instruído na palavra partilhe todas as coisas boas com quem o instrui.</verse>
		<verse number="7">Não se deixem enganar: de Deus não se zomba. Pois o que o homem semear, isso também colherá.</verse>
		<verse number="8">Quem semeia para a sua carne, da carne colherá destruição; mas quem semeia para o Espírito, do Espírito colherá a vida eterna.</verse>
		<verse number="9">E não nos cansemos de fazer o bem, pois no tempo próprio colheremos, se não desanimarmos.</verse>
		<verse number="10">Portanto, enquanto temos oportunidade, façamos o bem a todos, especialmente aos da família da fé.</verse>
		<verse number="11">Vejam com que letras grandes estou lhes escrevendo de próprio punho!</verse>
		<verse number="12">Os que desejam causar boa impressão exteriormente, tentando obrigá-los a se circuncidarem, agem desse modo apenas para não serem perseguidos por causa da cruz de Cristo.</verse>
		<verse number="13">Nem mesmo os que são circuncidados cumprem a lei; querem, no entanto, que vocês sejam circuncidados a fim de se gloriarem no corpo de vocês.</verse>
		<verse number="14">Quanto a mim, que eu jamais me glorie, a não ser na cruz de nosso Senhor Jesus Cristo, por meio da qual o mundo foi crucificado para mim, e eu para o mundo.</verse>
		<verse number="15">De nada vale ser circuncidado ou não. O que importa é ser uma nova criação.</verse>
		<verse number="16">Paz e misericórdia estejam sobre todos os que andam conforme essa regra, e também sobre o Israel de Deus.</verse>
		<verse number="17">Sem mais, que ninguém me perturbe, pois trago em meu corpo as marcas de Jesus.</verse>
		<verse number="18">Irmãos, que a graça de nosso Senhor Jesus Cristo seja com o espírito de vocês. Amém.</verse>
	</chapter>
</book>