﻿<?xml version="1.0" encoding="UTF-8"?>
<book name="Esdras" abbrev="ed" chapters="10">
	<chapter number="1">
		<verse number="1">No primeiro ano do reinado de Ciro, rei da Pérsia, a fim de que se cumprisse a palavra do Senhor falada por Jeremias, o Senhor despertou o coração de Ciro, rei da Pérsia, para redigir uma proclamação e divulgá-la em todo o seu reino, nestes termos:</verse>
		<verse number="2">&quot;Assim diz Ciro, rei da Pérsia: &quot;O Senhor, o Deus dos céus, deu-me todos os reinos da terra e designou-me para construir um templo para ele em Jerusalém de Judá.</verse>
		<verse number="3">Qualquer do seu povo que esteja entre vocês, que o seu Deus esteja com ele, e que vá a Jerusalém de Judá reconstruir o templo do Senhor, o Deus de Israel, o Deus que em Jerusalém tem a sua morada.</verse>
		<verse number="4">E que todo sobrevivente, seja qual for o lugar em que está vivendo, receba dos que ali vivem em prata, ouro, bens e animais; e ofertas voluntárias para o templo de Deus em Jerusalém&quot;.</verse>
		<verse number="5">Então os líderes das famílias de Judá e de Benjamim, como também os sacerdotes e os levitas, todos aqueles cujo coração Deus despertou, dispuseram-se a ir para Jerusalém e a construir o templo do Senhor.</verse>
		<verse number="6">Todos os seus vizinhos os ajudaram, trazendo-lhes utensílios de prata e ouro, bens, animais, e presentes valiosos, além de todas as ofertas voluntárias que fizeram.</verse>
		<verse number="7">Além disso, o rei Ciro mandou tirar os utensílios pertencentes ao templo do Senhor, os quais Nabucodonosor tinha levado de Jerusalém e colocado no templo do seu deus.</verse>
		<verse number="8">Ciro, rei da Pérsia, ordenou que fossem tirados pelo tesoureiro Mitredate, que os enumerou e os entregou a Sesbazar, governador de Judá.</verse>
		<verse number="9">O total foi o seguinte: 30 tigelas de ouro, 1. 000 tigelas de prata, 29 panelas de prata,</verse>
		<verse number="10">30 bacias de ouro, 410 bacias de prata de qualidade inferior e 1. 000 outros objetos</verse>
		<verse number="11">Ao todo foram, na verdade, cinco mil e quatrocentos utensílos de ouro e de prata. Sesbazar trouxe tudo isso consigo quando os exilados vieram da Babilônia para Jerusalém.</verse>
	</chapter>
	<chapter number="2">
		<verse number="1">Esta é a lista dos homens da província que Nabucodonosor, rei da Babilônia, tinha levado prisioneiros para a Babilônia. Eles voltaram para Jerusalém e Judá, cada um para a sua própria cidade.</verse>
		<verse number="2">Vieram na companhia de Zorobabel, Jesua, Neemias, Seraías, Reelaías, Mardoqueu, Bilsã, Mispar, Bigvai, Reum e Baaná. Esta é a lista dos israelitas:</verse>
		<verse number="3">os descendentes de Parós 2. 172</verse>
		<verse number="4">de Sefatias 372</verse>
		<verse number="5">de Ara 775</verse>
		<verse number="6">de Paate-Moabe, por meio da linhagem de Jesua e Joabe, 2. 812</verse>
		<verse number="7">de Elão 1. 254</verse>
		<verse number="8">de Zatu 945</verse>
		<verse number="9">de Zacai 760</verse>
		<verse number="10">de Bani 642</verse>
		<verse number="11">de Bebai 623</verse>
		<verse number="12">de Azgade 1. 222</verse>
		<verse number="13">de Adonicão 666</verse>
		<verse number="14">de Bigvai 2. 056</verse>
		<verse number="15">de Adim 454</verse>
		<verse number="16">de Ater, por meio de Ezequias, 98</verse>
		<verse number="17">de Besai 323</verse>
		<verse number="18">de Jora 112</verse>
		<verse number="19">de Hasum 223</verse>
		<verse number="20">de Gibar 95</verse>
		<verse number="21">os da cidade de Belém 123</verse>
		<verse number="22">de Netofate 56</verse>
		<verse number="23">de Anatote 128</verse>
		<verse number="24">de Azmavete 42</verse>
		<verse number="25">de Quiriate-Jearim, Quefira e Beerote 743</verse>
		<verse number="26">de Ramá e Geba 621</verse>
		<verse number="27">de Micmás 122</verse>
		<verse number="28">de Betel e Ai 223</verse>
		<verse number="29">de Nebo 52</verse>
		<verse number="30">de Magbis 156</verse>
		<verse number="31">da outra Elão 1. 254</verse>
		<verse number="32">de Harim 320</verse>
		<verse number="33">de Lode, Hadide e Ono 725</verse>
		<verse number="34">de Jericó 345</verse>
		<verse number="35">de Senaá 3. 630</verse>
		<verse number="36">Os sacerdotes: os descendentes de Jedaías, por meio da família de Jesua 973</verse>
		<verse number="37">de Imer 1. 052</verse>
		<verse number="38">de Pasur 1. 247</verse>
		<verse number="39">de Harim 1. 017</verse>
		<verse number="40">Os levitas: os descendentes de Jesua e de Cadmiel, por meio da linhagem de Hodavias 74</verse>
		<verse number="41">Os cantores: os descendentes de Asafe 128</verse>
		<verse number="42">Os porteiros do templo: os descendentes de Salum, Ater, Talmom, Acube, Hatita e Sobai 139</verse>
		<verse number="43">Os servidores do templo: os descendentes de Zia, Hasufa, Tabaote,</verse>
		<verse number="44">Queros, Sia, Padom,</verse>
		<verse number="45">Lebana, Hagaba, Acube,</verse>
		<verse number="46">Hagabe, Sanlai, Hanã,</verse>
		<verse number="47">Gidel, Gaar, Reaías,</verse>
		<verse number="48">Rezim, Necoda, Gazão,</verse>
		<verse number="49">Uzá, Paséia, Besai,</verse>
		<verse number="50">Asná, Meunim, Nefusim,</verse>
		<verse number="51">Bacbuque, Hacufa, Harur,</verse>
		<verse number="52">Baslute, Meída, Harsa,</verse>
		<verse number="53">Barcos, Sísera, Tamá,</verse>
		<verse number="54">Nesias e Hatifa.</verse>
		<verse number="55">Os descendentes dos servos de Salomão: os descendentes de Sotai, Soferete, Peruda,</verse>
		<verse number="56">Jaala, Darcom, Gidel,</verse>
		<verse number="57">Sefatias, Hatil, Poquerete-Hazebaim e Ami.</verse>
		<verse number="58">O total dos servidores do templo e dos descendentes dos servos de Salomão 392</verse>
		<verse number="59">Os que chegaram das cidades de Tel-Melá, Tel-Harsa, Querube, Adã e Imer, mas não puderam comprovar que suas famílias descendiam de Israel, foram os seguintes:</verse>
		<verse number="60">Os descendentes de Delaías, Tobias e Necoda 652</verse>
		<verse number="61">E dentre os sacerdotes: Os descendentes de Habaías, Coz e Barzilai, homem que se casou com uma filha de Barzilai, de Gileade, e que era chamado pelo nome do sogro.</verse>
		<verse number="62">Eles procuraram pelos seus registros de família, mas não conseguiram achá-los e foram considerados impuros para o sacerdócio.</verse>
		<verse number="63">Por isso o governador os proibiu de comer alimentos sagrados enquanto não houvesse um sacerdote capaz de consultar a Deus por meio do Urim e do Tumim.</verse>
		<verse number="64">A totalidade dos que voltaram do exílio atingiu o número de 42. 360 homens,</verse>
		<verse number="65">além dos seus 7. 337 servos e servas; havia entre eles 200 cantores e cantoras.</verse>
		<verse number="66">Possuíam 736 cavalos, 245 mulas,</verse>
		<verse number="67">435 camelos e 6. 720 jumentos.</verse>
		<verse number="68">Quando chegaram ao templo do Senhor em Jerusalém, alguns dos chefes das famílias deram ofertas voluntárias para a reconstrução do templo de Deus no seu antigo local.</verse>
		<verse number="69">De acordo com as suas possibilidades, deram à tesouraria para essa obra quinhentos quilos de ouro, três toneladas de prata e cem vestes sacerdotais.</verse>
		<verse number="70">Os sacerdotes, os levitas, os cantores, os porteiros e os servidores do templo, bem como os demais israelitas, estabeleceram-se em suas cidades de origem.</verse>
	</chapter>
	<chapter number="3">
		<verse number="1">Quando chegou o sétimo mês e os israelitas já estavam em suas cidades, o povo se reuniu como um só homem em Jerusalém.</verse>
		<verse number="2">Então Jesua, filho de Jozadaque, seus colegas, os sacerdotes, e Zorobabel, filho de Sealtiel, e seus companheiros começaram a construir o altar do Deus de Israel para nele sacrificarem holocaustos, conforme o que está escrito na Lei de Moisés, homem de Deus.</verse>
		<verse number="3">Apesar do receio que tinham dos povos ao redor, construíram o altar sobre a sua base e nele sacrificaram holocaustos ao Senhor, tanto os sacrifícios da manhã como os da tarde.</verse>
		<verse number="4">Então, de acordo com o que está escrito, celebraram a festa das cabanas com o número determinado de holocaustos prescritos para cada dia.</verse>
		<verse number="5">Depois disso, apresentaram os holocaustos regulares, os sacrifícios da lua nova e os sacrifícios requeridos para todas as festas sagradas determinadas pelo Senhor, bem como os que foram trazidos como ofertas voluntárias ao Senhor.</verse>
		<verse number="6">A partir do dia primeiro do sétimo mês começaram a oferecer holocaustos ao Senhor, embora ainda não tivessem sido lançados os alicerces do templo do Senhor.</verse>
		<verse number="7">Então eles deram dinheiro aos pedreiros e os carpinteiros, e deram comida, bebida e azeite ao povo de Sidom e de Tiro, para que, pelo mar, trouxessem do Líbano para Jope toras de cedro, o que tinha sido autorizado por Ciro, rei da Pérsia.</verse>
		<verse number="8">No segundo mês do segundo ano depois de chegarem ao templo de Deus em Jerusalém, Zorobabel, filho de Sealtiel, Jesua, filho de Jozadaque, e o restante dos seus irmãos, os sacerdotes, os levitas e todos os que tinham voltado do cativeiro para Jerusalém, começaram o trabalho, designando levitas de vinte anos para cima para supervisionarem a construção do templo do Senhor.</verse>
		<verse number="9">Jesua, seus filhos e seus irmãos, e Cadmiel e seus filhos, descendentes de Hodavias, e os filhos de Henadade e seus filhos e seus irmãos, todos eles levitas, uniram-se para supervisionar os que trabalhavam no templo de Deus.</verse>
		<verse number="10">Quando os construtores lançaram os alicerces do templo do Senhor, os sacerdotes, com suas vestes e suas trombetas, e os levitas, filhos de Asafe, com címbalos, tomaram seus lugares para louvar o Senhor, conforme prescrito por Davi, rei de Israel.</verse>
		<verse number="11">Com louvor e ações de graças, cantaram responsivamente ao Senhor: &quot;Ele é bom; seu amor a Israel dura para sempre&quot;. E todo o povo louvou ao Senhor em alta voz, pois haviam sido lançados os alicerces do templo do Senhor.</verse>
		<verse number="12">Mas muitos dos sacerdotes, dos levitas e dos líderes de família mais velhos, que tinham visto o antigo templo, choraram em voz alta quando viram o lançamento dos alicerces desse templo; muitos, porém, gritavam de alegria.</verse>
		<verse number="13">Não era possível distinguir entre o som dos gritos de alegria e o som do choro, pois o povo fazia enorme barulho. E o som foi ouvido a grande distância.</verse>
	</chapter>
	<chapter number="4">
		<verse number="1">Quando os inimigos de Judá e de Benjamim souberam que os exilados estavam reconstruindo o templo do Senhor, o Deus de Israel,</verse>
		<verse number="2">foram falar com Zorobabel e com os chefes das famílias: &quot;Vamos ajudá-los nessa obra porque, como vocês, nós buscamos o Deus de vocês e temos sacrificado a ele desde a época de Esar-Hadom, rei da Assíria, que nos trouxe para cá&quot;.</verse>
		<verse number="3">Contudo, Zorobabel, Jesua e os demais líderes das famílias de Israel responderam: &quot;Não compete a vocês a reconstrução do templo de nosso Deus. Somente nós o construiremos para o Senhor, o Deus de Israel, conforme Ciro, o rei da Pérsia, nos ordenou&quot;.</verse>
		<verse number="4">Então a gente da região começou a desanimar o povo de Judá e a atemorizá-lo, para que não continuassem a construção.</verse>
		<verse number="5">Pagaram alguns funcionários para que se opusessem a eles e frustrassem o plano deles. E fizeram isso durante todo o reinado de Ciro até o reinado de Dario, reis da Pérsia.</verse>
		<verse number="6">No início do reinado de Xerxes, apresentaram uma acusação contra o povo de Judá e de Jerusalém.</verse>
		<verse number="7">E nos dias de Artaxerxes, rei da Pérsia, Bislão, Mitredate, Tabeel e o restante dos seus companheiros escreveram uma carta a Artaxerxes. A carta foi escrita em aramaico, com caracteres aramaicos.</verse>
		<verse number="8">O comandante Reum e o secretário Sinsai escreveram uma carta contra Jerusalém ao rei Artaxerxes nos seguintes termos:</verse>
		<verse number="9">O comandante Reum e o secretário Sinsai, e o restante de seus companheiros, os juízes e os oficiais de Trípoli, da Pérsia, de Ereque e da Babilônia, os elamitas de Susã,</verse>
		<verse number="10">e as outras nações a quem o grande e renomado Assurbanípal deportou e assentou na cidade de Samaria e noutros lugares a oeste do Eufrates,</verse>
		<verse number="11">( esta é uma cópia da carta que lhe enviaram ): &quot;Ao rei Artaxerxes, De seus servos, que vivem a oeste do Eufrates:</verse>
		<verse number="12">É bom o rei ficar sabendo que os judeus que chegaram a nós da tua parte vieram a Jerusalém e estão reconstruindo aquela cidade rebelde e má. Estão fazendo reparos nos muros e consertando os alicerces.</verse>
		<verse number="13">Além disso, é preciso que o rei saiba que, se essa cidade for reconstruída e os seus muros reparados, não mais se pagarão impostos, tributos ou taxas, e as rendas do rei sofrerão prejuízo.</verse>
		<verse number="14">Agora, visto que estamos a serviço do palácio e não nos é conveniente ver a desonra do rei, estamos enviando esta mensagem ao rei,</verse>
		<verse number="15">a fim de que se faça uma pesquisa nos arquivos de seus antecessores. Nesses arquivos o rei descobrirá e saberá que essa cidade é uma cidade rebelde, problemática para reis e províncias, um lugar de revoltas desde épocas antigas, motivo pelo qual foi destruída.</verse>
		<verse number="16">Informamos ao rei que, se essa cidade for reconstruída e seus muros reparados, nada lhe sobrará a oeste do Eufrates&quot;.</verse>
		<verse number="17">O rei enviou-lhes a seguinte resposta: &quot;Ao comandante Reum, ao secretário Sinsai e aos seus demais companheiros que vivem em Samaria e em outras partes, a oeste do Eufrates: Saudações de paz!</verse>
		<verse number="18">A carta que vocês nos enviaram foi traduzida e lida na minha presença.</verse>
		<verse number="19">Sob minhas ordens fez-se uma pesquisa, e descobriu-se que essa cidade tem uma longa história de rebeldia contra os reis e que tem sido um lugar de rebeliões e revoltas.</verse>
		<verse number="20">Jerusalém teve reis poderosos que governaram toda a região a oeste do Eufrates, aos quais se pagavam impostos, tributos e taxas.</verse>
		<verse number="21">Ordene agora a esses homens que parem a obra, para que essa cidade não seja reconstruída enquanto eu não mandar.</verse>
		<verse number="22">&quot;Tenham cuidado, não sejam negligentes neste assunto, para que os interesses reais não sofram prejuízo&quot;.</verse>
		<verse number="23">Lida a cópia da carta do rei Artaxerxes para Reum, para o secretário Sinsai e para os seus companheiros, eles foram depressa a Jerusalém e forçaram os judeus a parar a obra.</verse>
		<verse number="24">Assim a obra do templo de Deus em Jerusalém foi interrompida, e ficou parada até o segundo ano do reinado de Dario, rei da Pérsia.</verse>
	</chapter>
	<chapter number="5">
		<verse number="1">Ora, os profetas Ageu e Zacarias, descendente de Ido, profetizaram aos judeus de Judá e de Jerusalém, em nome do Deus de Israel, que estava sobre eles.</verse>
		<verse number="2">Então Zorobabel, filho de Sealtiel, e Jesua, filho de Jozadaque, começaram a reconstruir o templo de Deus em Jerusalém. E os profetas de Deus estavam com eles e os ajudavam.</verse>
		<verse number="3">Naquela época Tatenai, governador do território a oeste do Eufrates, Setar-Bozenai e seus companheiros foram perguntar a eles: &quot;Quem os autorizou a reconstruir este templo e estes muros?</verse>
		<verse number="4">E como se chamam os homens que estão construíndo este edifício? &quot;</verse>
		<verse number="5">Mas os olhos do seu Deus estavam sobre os líderes dos judeus, e eles não foram impedidos de trabalhar até que um relatório fosse enviado a Dario e dele se recebesse uma ordem oficial a respeito do assunto.</verse>
		<verse number="6">Temos aqui uma cópia da carta que Tatenai, governador do território a oeste do Eufrates, Setar-Bozenai e seus companheiros, os funcionários do oeste do Eufrates, enviaram ao rei Dario.</verse>
		<verse number="7">O relatório que lhe enviaram dizia o seguinte: &quot;Ao rei Dario: Paz e prosperidade!</verse>
		<verse number="8">Informamos ao rei que fomos à província de Judá, ao templo do grande Deus. O povo o está reconstruindo com grandes pedras e colocando vigas de madeira nas paredes. A obra está sendo executada com diligência e está tendo rápido progresso.</verse>
		<verse number="9">Então perguntamos aos líderes: Quem os autorizou a reconstruir este templo e estes muros?</verse>
		<verse number="10">Também perguntamos os nomes dos líderes deles, para que registrássemos para a tua informação.</verse>
		<verse number="11">Esta é a resposta que nos deram: Somos servos do Deus dos céus e da terra, e estamos reconstruindo o templo construído há muitos anos, templo que foi construído e terminado por um grande rei de Israel.</verse>
		<verse number="12">Mas, visto que os nossos antepassados irritaram o Deus dos céus, ele os entregou nas mãos do babilônio Nabucodonosor, rei da Babilônia, que destruiu este templo e deportou o povo para a Babilônia.</verse>
		<verse number="13">Contudo, no seu primeiro ano como rei de Babilônia, o rei Ciro emitiu um decreto ordenando a reconstrução desta casa de Deus.</verse>
		<verse number="14">Ele até mesmo tirou do templo da Babilônia os utensílios de ouro e de prata da casa de Deus, os quais Nabucodonosor havia tirado do templo de Jerusalém e levara para o templo da Babilônia. O rei Ciro os confiou a um homem chamado Sesbazar, ao qual tinha nomeado governador,</verse>
		<verse number="15">e lhe disse: ‘Leve estes utensílios e coloque-os no templo de Jerusalém, e reconstrua a casa de Deus em seu antigo local’.</verse>
		<verse number="16">Então Sesbazar veio e lançou os alicerces do templo de Deus em Jerusalém. Desde aquele dia ela tem estado em construção, mas ainda não foi concluída.</verse>
		<verse number="17">Agora, se for do agrado do rei que se faça uma pesquisa nos arquivos reais da Babilônia para verificar se o rei Ciro de fato emitiu um decreto ordenando a reconstrução da casa de Deus de Jerusalém. E que o rei nos envie sua decisão sobre o assunto&quot;.</verse>
	</chapter>
	<chapter number="6">
		<verse number="1">O rei Dario mandou então fazer uma pesquisa nos arquivos da Babilônia, onde se guardavam os tesouros.</verse>
		<verse number="2">Encontrou-se um rolo na cidadela de Ecbatana, na província da Média, e nele estava escrito o seguinte, que Dario comunicou:</verse>
		<verse number="3">&quot;No primeiro ano do seu reinado o rei Ciro promulgou um decreto acerca do templo de Deus em Jerusalém, nestes termos: &quot; ‘Que o templo seja reconstruído como local para apresentar sacrifícios, e que se lancem os seus alicerces. Ele terá vinte e sete metros de altura e vinte e sete metros de largura,</verse>
		<verse number="4">com três carreiras de pedras grandes e uma carreira de madeira. O custo será pago pela tesouraria do rei.</verse>
		<verse number="5">E os utensílios de ouro e de prata da casa de Deus que Nabucodonosor tirou do templo de Jerusalém e trouxe para a Babilônia serão devolvidos aos seus lugares no templo de Jerusalém; devem ser colocados na casa de Deus’.</verse>
		<verse number="6">&quot;Agora, então, Tatenai, governador do território a oeste do Eufrates, e Setar-Bozenai, e vocês, funcionários dessa província e amigos deles, mantenham-se afastados de lá.</verse>
		<verse number="7">Não interfiram na obra que se faz nesse templo de Deus. Deixem o governador e os líderes dos judeus reconstruírem este templo de Deus em seu antigo local.</verse>
		<verse number="8">&quot;Além disso, promulgo o seguinte decreto a respeito do que vocês farão por esses líderes dos judeus na construção deste templo de Deus: &quot;As despesas destes homens serão integralmente pagas pela tesouraria do rei, do tributo recebido do território a oeste do Eufrates, para que a obra não pare.</verse>
		<verse number="9">E o que for necessário: novilhos, carneiros, cordeiros para os holocaustos oferecidos ao Deus dos céus, e trigo, sal, vinho e azeite, conforme for solicitado pelos sacerdotes em Jerusalém, tudo deverá ser entregue diariamente a eles, sem falta,</verse>
		<verse number="10">para que ofereçam sacrifícios agradáveis ao Deus dos céus e orem pelo bem-estar do rei e dos seus filhos.</verse>
		<verse number="11">&quot;Além disso determino que, se alguém alterar este decreto, atravessem-lhe o corpo com uma viga tirada de sua casa e deixem-no empalado. E seja a casa dele transformada num monte de entulho.</verse>
		<verse number="12">E que Deus, que fez o seu nome ali habitar, derrube qualquer rei ou povo que estender a mão para mudar este decreto ou para destruir esse templo de Jerusalém. &quot;Eu, Dario, o decretei. Que seja plenamente executado&quot;.</verse>
		<verse number="13">Então, em vista do decreto do rei Dario, Tatenai, governador do território a oeste do Eufrates, Setar-Bozenai e os companheiros deles o cumpriram plenamente.</verse>
		<verse number="14">Dessa maneira, os líderes dos judeus continuaram a construir e a prosperar, encorajados pela pregação dos profetas Ageu e Zacarias, descendente de Ido. Eles terminaram a reconstrução do templo conforme a ordem do Deus de Israel e os decretos de Ciro, de Dario e de Artaxerxes, reis da Pérsia.</verse>
		<verse number="15">O templo foi concluído no terceiro dia do mês de adar, no sexto ano do reinado do rei Dario.</verse>
		<verse number="16">Então o povo de Israel, sacerdotes, levitas e o restante dos exilados, celebraram com alegria a dedicação do templo de Deus.</verse>
		<verse number="17">Para a dedicação do templo de Deus ofereceram cem touros, duzentos carneiros, quatrocentos cordeiros e, como oferta pelo pecado de todo o Israel, doze bodes, de acordo com o número das tribos de Israel.</verse>
		<verse number="18">E organizaram os sacerdotes em suas divisões e os levitas em seus grupos para o serviço de Deus em Jerusalém, de acordo com o que está escrito no Livro de Moisés.</verse>
		<verse number="19">No décimo quarto dia do primeiro mês, os exilados celebraram a Páscoa.</verse>
		<verse number="20">Os sacerdotes e os levitas tinham se purificado; estavam todos cerimonialmente puros. Os levitas sacrificaram o cordeiro da Páscoa para todos os exilados, para os seus colegas sacerdotes e para eles mesmos.</verse>
		<verse number="21">Assim os israelitas, que tinham voltado do exílio, comeram do cordeiro, juntamente com todos que se haviam separado das práticas impuras de seus vizinhos gentios, a fim de buscarem o Senhor, o Deus de Israel.</verse>
		<verse number="22">Durante sete dias eles celebraram com alegria a festa dos pães sem fermento, pois o Senhor os enchera de alegria ao mudar o coração do rei da Assíria, de maneira que ele lhes deu força para realizarem a obra de reconstrução do templo de Deus, do Deus de Israel.</verse>
	</chapter>
	<chapter number="7">
		<verse number="1">Depois dessas coisas, no reinado de Artaxerxes, rei da Pérsia, vivia Esdras, filho de Seraías, filho de Azarias, filho de Hilquias,</verse>
		<verse number="2">filho de Salum, filho de Zadoque, filho de Aitube,</verse>
		<verse number="3">filho de Amarias, filho de Azarias, filho de Meraiote,</verse>
		<verse number="4">filho de Zeraías, filho de Uzi, filho de Buqui,</verse>
		<verse number="5">filho de Abisua, filho de Finéias, filho de Eleazar, filho do sumo sacerdote Arão.</verse>
		<verse number="6">Este Esdras veio da Babilônia. Ele era um escriba que conhecia muito a Lei de Moisés dada pelo Senhor, o Deus de Israel. O rei lhe concedera tudo o que ele tinha pedido, pois a mão do Senhor, o seu Deus, estava sobre ele.</verse>
		<verse number="7">Alguns dos israelitas, inclusive sacerdotes, levitas, cantores, porteiros e servidores do templo, também foram para Jerusalém no sétimo ano do reinado de Artaxerxes.</verse>
		<verse number="8">Esdras chegou a Jerusalém no quinto mês do sétimo ano desse reinado.</verse>
		<verse number="9">No dia primeiro do primeiro mês ele saiu da Babilônia, e chegou a Jerusalém no primeiro dia do quinto mês, porquanto a boa mão de seu Deus estava sobre ele.</verse>
		<verse number="10">Pois Esdras tinha decidido dedicar-se a estudar a Lei do Senhor e a praticá-la, e a ensinar os seus decretos e mandamentos aos israelitas.</verse>
		<verse number="11">Temos aqui uma cópia da carta que o rei Artaxerxes entregou ao sacerdote e escriba Esdras, conhecedor dos mandamentos e decretos do Senhor para Israel:</verse>
		<verse number="12">&quot;Artaxerxes, rei dos reis, &quot;Ao sacerdote Esdras, escriba da Lei do Deus dos céus: &quot;Paz e prosperidade!</verse>
		<verse number="13">&quot;Estou decretando que qualquer israelita em meu reino, inclusive sacerdotes e levitas, que desejar ir a Jerusalém com você, poderá fazê-lo.</verse>
		<verse number="14">Você está sendo enviado pelo rei e por seus sete conselheiros para fazer uma investigação em Judá e em Jerusalém com respeito à Lei do seu Deus, que está nas suas mãos.</verse>
		<verse number="15">Além disso, você levará a prata e o ouro que o rei e seus conselheiros voluntariamente ofereceram ao Deus de Israel, cuja habitação está em Jerusalém,</verse>
		<verse number="16">juntamente com toda a prata e ouro que você receber da província da Babilônia, bem como as ofertas voluntárias do povo e dos sacerdotes para o templo do Deus deles em Jerusalém.</verse>
		<verse number="17">Com esse dinheiro compre novilhos, carneiros e cordeiros, como também o que for necessário para as suas ofertas de cereal e de bebida, e sacrifique-os no altar do templo do seu Deus em Jerusalém.</verse>
		<verse number="18">&quot;Você e seus irmãos poderão fazer o que acharem melhor com o restante da prata e do ouro, de acordo com a vontade do seu Deus.</verse>
		<verse number="19">Entregue ao Deus de Jerusalém todos os utensílios que foram confiados a você para o culto no templo de seu Deus.</verse>
		<verse number="20">E todas as demais despesas necessárias com relação ao templo de seu Deus serão pagas pelo tesouro real.</verse>
		<verse number="21">&quot;Agora eu, o rei Artaxerxes, ordeno a todos os tesoureiros do território a oeste do Eufrates que forneçam tudo o que o sacerdote Esdras, escriba da Lei do Deus dos céus, solicitar a vocês,</verse>
		<verse number="22">até três toneladas e meia de prata, cem tonéis de trigo, dez barris de vinho, dez barris de azeite de oliva, e sal à vontade.</verse>
		<verse number="23">Tudo o que o Deus dos céus tenha prescrito, que se faça com presteza para o templo do Deus dos céus, para que a sua ira não venha contra o império do rei e dos seus descendentes.</verse>
		<verse number="24">Saibam também que vocês não têm autoridade para exigir impostos, tributos ou taxas de nenhum sacerdote, levita, cantor, porteiro, servidor do templo e de todos quantos trabalham neste templo de Deus.</verse>
		<verse number="25">&quot;E você, Esdras, com a sabedoria que o seu Deus lhe deu, nomeie magistrados e juízes para ministrarem justiça a todo o povo do território a oeste do Eufrates, a todos os que conhecem as leis do seu Deus. E aos que não as conhecem, você deverá ensiná-las.</verse>
		<verse number="26">Aquele que não obedecer à lei do Deus de vocês e à lei do rei seja punido com a morte, ou com o exílio, ou com o confisco de bens ou com a prisão&quot;.</verse>
		<verse number="27">Bendito seja o Senhor, o Deus de nossos antepassados, que pôs no coração do rei o propósito de honrar desta maneira o templo do Senhor em Jerusalém,</verse>
		<verse number="28">e que, por sua bondade, levou o rei, os seus conselheiros e todos os seus altos oficiais. Como a mão do Senhor meu Deus esteve sobre mim, tomei coragem e reuni alguns líderes de Israel para me acompanharem.</verse>
	</chapter>
	<chapter number="8">
		<verse number="1">Estes são os chefes de suas famílias e dos que com eles foram registrados, os quais saíram comigo da Babilônia durante o reinado do rei Artaxerxes:</verse>
		<verse number="2">dos descendentes de Finéias, Gérson; dos descendentes de Itamar, Daniel; dos descendentes de Davi, Hatus,</verse>
		<verse number="3">dos descendentes de Secanias; dos descendentes de Parós, Zacarias, sendo registrados com ele 150 homens;</verse>
		<verse number="4">dos descendentes de Paate-Moabe, Elioenai, filho de Zeraías, e com ele 200 homens;</verse>
		<verse number="5">dos descendentes de Zatu, Secanias, filho de Jaaziel, e com ele 300 homens;</verse>
		<verse number="6">dos descendentes de Adim, Ebede, filho de Jônatas, e com ele 50 homens;</verse>
		<verse number="7">dos descendentes de Elão, Jesaías, filho de Atalias, e com ele 70 homens;</verse>
		<verse number="8">dos descendentes de Sefatias, Zebadias, filho de Micael, e com ele 80 homens;</verse>
		<verse number="9">dos descendentes de Joabe, Obadias, filho de Jeiel, e com ele 218 homens;</verse>
		<verse number="10">dos descendentes de Bani, Selomite, filho de Josifias, e com ele 160 homens;</verse>
		<verse number="11">dos descendentes de Bebai, Zacarias, filho de Bebai, e com ele 28 homens;</verse>
		<verse number="12">dos descendentes de Azgade, Joanã, filho de Hacatã, e com ele 110 homens;</verse>
		<verse number="13">dos descendentes de Adonicão, os últimos que chegaram, Elifelete, Jeiel e Semaías, e com eles 60 homens;</verse>
		<verse number="14">dos descendentes de Bigvai, Utai e Zabude, e com eles 70 homens.</verse>
		<verse number="15">Eu os reuni junto ao canal que corre para Aava, e acampamos ali por três dias. Quando passei em revista o povo e os sacerdotes, não encontrei nenhum levita.</verse>
		<verse number="16">Por isso convoquei Eliézer, Ariel, Semaías, Elnatã, Jaribe, Elnatã, Natã, Zacarias e Mesulão, que eram líderes, e Joiaribe e Natã, que eram homens sábios,</verse>
		<verse number="17">e eu os enviei a Ido, o líder de Casifia. Eu lhes falei o que deveriam dizer a Ido e aos parentes dele, os servidores do templo, em Casifia, para que nos trouxessem servidores para o templo de nosso Deus.</verse>
		<verse number="18">Como a bondosa mão de Deus estava sobre nós, eles nos trouxeram Serebias, homem capaz, dentre os descendentes de Mali, filho de Levi, neto de Israel, e os filhos e irmãos de Serebias, dezoito homens;</verse>
		<verse number="19">e também Hasabias, acompanhado de Jesaías, dentre os descendentes de Merari, e seus irmãos e filhos, vinte homens.</verse>
		<verse number="20">Eles trouxeram ainda duzentos e vinte dos servidores do templo, um grupo que Davi e os seus oficiais tinham formado para ajudar os levitas. Todos eles tinham seus nomes registrados.</verse>
		<verse number="21">Ali, junto ao canal de Aava, proclamei um jejum, a fim de que nos humilhássemos diante do nosso Deus e lhe pedíssemos uma viagem segura para nós e nossos filhos, com todos os nossos bens.</verse>
		<verse number="22">Tive vergonha de pedir soldados e cavaleiros ao rei para nos protegerem dos inimigos na estrada, pois tínhamos dito ao rei: &quot;A mão bondosa de nosso Deus está sobre todos os que o buscam, mas o seu poder e a sua ira são contra todos os que o abandonam&quot;.</verse>
		<verse number="23">Por isso jejuamos e suplicamos essa bênção ao nosso Deus, e ele nos atendeu.</verse>
		<verse number="24">Depois separei doze dos principais sacerdotes, a saber, Serebias, Hasabias e com eles, dez dos seus irmãos,</verse>
		<verse number="25">e pesei diante deles a oferta de prata e de ouro e os utensílios que o rei, seus conselheiros, seus oficiais e todo o Israel ali presente tinham doado para a casa de nosso Deus.</verse>
		<verse number="26">Pesei e entreguei-lhes vinte e duas toneladas e setecentos e cinqüenta quilos de prata, três toneladas e meia de utensílios de prata, três toneladas e meia de ouro,</verse>
		<verse number="27">vinte tigelas de ouro pesando oito quilos e meio, e dois utensílios finos de bronze polido, tão valiosos quanto ouro.</verse>
		<verse number="28">E eu lhes disse: Tanto vocês quanto estes utensílios estão consagrados ao Senhor. A prata e o ouro são uma oferta voluntária ao Senhor, o Deus dos seus antepassados.</verse>
		<verse number="29">Guardem-nos bem até que os pesem nas salas do templo do Senhor em Jerusalém diante dos sacerdotes principais, dos levitas e dos chefes das famílias de Israel.</verse>
		<verse number="30">Então os sacerdotes e os levitas receberam a prata, o ouro e os utensílios sagrados, depois que tinham sido pesados, para levá-los a Jerusalém, ao templo do nosso Deus.</verse>
		<verse number="31">No décimo segundo dia do primeiro mês nós partimos do canal de Aava e fomos para Jerusalém. A mão do nosso Deus esteve sobre nós, e ele nos protegeu do ataque de inimigos e assaltantes pelo caminho.</verse>
		<verse number="32">Assim chegamos a Jerusalém, e ficamos descansando três dias.</verse>
		<verse number="33">No quarto dia, no templo do nosso Deus, pesamos a prata, o ouro e os utensílios sagrados, e os demos a Meremote, filho do sacerdote Urias. Estavam com ele Eleazar, filho de Finéias, e os levitas Jozabade, filho de Jesua, e Noadias, filho de Binui.</verse>
		<verse number="34">Tudo foi contado e pesado, e o peso total foi registrado naquela mesma hora.</verse>
		<verse number="35">Então os exilados que tinham voltado do cativeiro sacrificaram holocaustos ao Deus de Israel: doze touros em favor de todo o Israel, noventa e seis carneiros, setenta e sete cordeiros e, como oferta pelo pecado, doze bodes. Tudo isso foi oferecido como um holocausto ao Senhor.</verse>
		<verse number="36">Eles também entregaram as ordens do rei aos sátrapas e aos governadores do território a oeste do Eufrates, e eles ajudaram o povo na obra do templo de Deus.</verse>
	</chapter>
	<chapter number="9">
		<verse number="1">Depois que foram feitas essas coisas, os líderes vieram dizer-me: &quot;O povo de Israel, inclusive os sacerdotes e os levitas, não se mantiveram separados dos povos vizinhos e suas práticas repugnantes, como as dos cananeus, dos hititas, dos ferezeus, dos jebuseus, dos amonitas, dos moabitas, dos egípcios e dos amorreus.</verse>
		<verse number="2">Eles e seus filhos se casaram com mulheres daqueles povos e com eles misturaram a descendência santa. E os líderes e os oficiais estão à frente nessa atitude infiel! &quot;</verse>
		<verse number="3">Quando ouvi isso, rasguei a minha túnica e o meu manto, arranquei os cabelos da cabeça e da barba e me sentei estarrecido!</verse>
		<verse number="4">Então todos os que tremiam diante das palavras do Deus de Israel reuniram-se ao meu redor por causa da infidelidade dos exilados. E eu fiquei sentado ali, estarrecido, até o sacrifício da tarde.</verse>
		<verse number="5">Então, na hora do sacrifício da tarde, eu saí do meu abatimento, com a túnica e o manto rasgados, e caí de joelhos com as mãos estendidas para o Senhor, para o meu Deus,</verse>
		<verse number="6">e orei: Meu Deus, estou por demais envergonhado e humilhado para levantar o rosto diante de ti, meu Deus, porque os nossos pecados cobrem as nossas cabeças e a nossa culpa sobe até aos céus.</verse>
		<verse number="7">Desde os dias dos nossos antepassados até agora, a nossa culpa tem sido grande. Por causa dos nossos pecados, nós, os nossos reis e os nossos sacerdotes temos sido entregues à espada e ao cativeiro, ao despojo e à humilhação nas mãos de reis estrangeiros, como acontece hoje.</verse>
		<verse number="8">Mas agora, por um breve momento, o Senhor nosso Deus foi misericordioso, deixando-nos um remanescente e dando-nos um lugar seguro em seu santuário, e dessa maneira o nosso Deus ilumina os nossos olhos e nos dá um pequeno alívio em nossa escravidão.</verse>
		<verse number="9">Somos escravos, mas o nosso Deus não nos abandonou na escravidão. Ele tem sido bondoso para conosco diante dos reis da Pérsia: Ele nos deu vida nova para reconstruir o templo do nosso Deus e levantar suas ruínas, e nos deu um muro de proteção em Judá e em Jerusalém.</verse>
		<verse number="10">Mas agora, ó nosso Deus, o que podemos dizer depois disto? Pois nós abandonamos os mandamentos que</verse>
		<verse number="11">nos deste por meio dos teus servos, os profetas, quando disseste: &quot;A terra que vocês estão conquistando está contaminada pelas práticas repugnantes de seus povos. Com essas práticas eles encheram de impureza toda essa terra.</verse>
		<verse number="12">Por isso, não dêem as suas filhas em casamento aos filhos deles, nem aceitem as filhas deles para os filhos de vocês. Nunca procurem o bem-estar e a prosperidade desses povos, para que vocês sejam fortes e desfrutem os bons produtos da terra e a deixem para os seus filhos como herança eterna&quot;.</verse>
		<verse number="13">Depois de tudo o que nos aconteceu por causa de nossas más obras e por causa de nossa grande culpa, apesar de que, ó Deus, tu nos puniste menos do que os nossos pecados mereciam e ainda nos deste um remanescente como este,</verse>
		<verse number="14">como podemos voltar a quebrar os teus mandamentos e a realizar casamentos mistos com esses povos de práticas repugnantes? Como não ficarias irado conosco, não nos destruirias, e não nos deixarias sem remanescente ou sobrevivente algum?</verse>
		<verse number="15">Ó Senhor, Deus de Israel, tu és justo! E até hoje nos deixaste sobreviver como um remanescente. Aqui estamos diante de ti com a nossa culpa, embora saibamos que por causa dela nenhum de nós pode permanecer na tua presença.</verse>
	</chapter>
	<chapter number="10">
		<verse number="1">Enquanto Esdras estava orando e confessando, chorando prostrado diante do templo de Deus, uma grande multidão de israelitas, homens, mulheres e crianças, reuniram-se em volta dele. Eles também choravam amargamente.</verse>
		<verse number="2">Então Secanias, filho de Jeiel, um dos descendentes de Elão, disse a Esdras: &quot;Fomos infiéis ao nosso Deus quando nos casamos com mulheres estrangeiras procedentes dos povos vizinhos. Mas, apesar disso, ainda há esperança para Israel.</verse>
		<verse number="3">Façamos agora um acordo diante do nosso Deus, e mandemos de volta todas essas mulheres e seus filhos, segundo o conselho do meu senhor e daqueles que tremem diante dos mandamentos de nosso Deus. Que isso seja feito em conformidade com a Lei.</verse>
		<verse number="4">Levante-se! Esta questão está em suas mãos, mas nós o apoiaremos. Tenha coragem e mãos à obra! &quot;</verse>
		<verse number="5">Esdras levantou-se e fez os sacerdotes principais e os levitas e todo o Israel jurarem que fariam o que fora sugerido. E eles juraram.</verse>
		<verse number="6">Então Esdras retirou-se de diante do templo de Deus e foi para o quarto de Joanã, filho de Eliasibe. Enquanto esteve ali, não comeu nem bebeu nada, lamentando a infidelidade dos exilados.</verse>
		<verse number="7">Fez-se então uma proclamação em todo o Judá e em Jerusalém convocando todos os exilados a se reunirem em Jerusalém.</verse>
		<verse number="8">Os líderes e as demais autoridades tinham decidido que aquele que não viesse no prazo de três dias perderia todos os seus bens e seria excluído da comunidade dos exilados.</verse>
		<verse number="9">No prazo de três dias, todos os homens de Judá e de Benjamim tinham se reunido em Jerusalém, e no vigésimo dia do nono mês todo o povo estava sentado na praça que ficava diante do templo de Deus. Todos estavam profundamente abatidos por causa do motivo da reunião e também porque chovia muito.</verse>
		<verse number="10">Então o sacerdote Esdras levantou-se e disse-lhes: &quot;Vocês têm sido infiéis! Vocês se casaram com mulheres estrangeiras, aumentando a culpa de Israel.</verse>
		<verse number="11">Agora confessem ao Senhor, o Deus dos seus antepassados, e façam a vontade dele. Separem-se dos povos vizinhos e das suas mulheres estrangeiras&quot;.</verse>
		<verse number="12">A comunidade toda respondeu em voz alta: &quot;Você está certo! Devemos fazer o que você diz.</verse>
		<verse number="13">Mas há muita gente aqui, e esta é a estação das chuvas; por isso não podemos ficar do lado de fora. Além disso, essa questão não pode ser resolvida em um dia ou dois, porquanto foram muitos os que assim pecaram.</verse>
		<verse number="14">Que os nossos líderes decidam por toda a assembléia. Então que cada um de nossas cidades que se casou com mulher estrangeira venha numa data marcada, acompanhado dos líderes e juízes de cada cidade, para que se afaste de nós o furor da ira de nosso Deus por causa deste pecado&quot;.</verse>
		<verse number="15">Somente Jônatas, filho de Asael, e Jaseías, filho de Ticvá, apoiados por Mesulão e o levita Sabetai, discordaram.</verse>
		<verse number="16">E assim os exilados fizeram conforme proposto. O sacerdote Esdras escolheu chefes de famílias, um de cada grupo de famílias, todos eles chamados por nome. E no dia primeiro do décimo mês eles se assentaram para investigar cada caso.</verse>
		<verse number="17">No dia primeiro do primeiro mês terminaram de investigar todos os casos de casamento com mulheres estrangeiras.</verse>
		<verse number="18">Entre os descendentes dos sacerdotes, estes foram os que se casaram com mulheres estrangeiras: Dentre os descendentes de Jesua, filho de Jozadaque, e seus irmãos Maaséias, Eliézer, Jaribe e Gedalias.</verse>
		<verse number="19">Todos eles apertaram as mãos em sinal de garantia que iam despedir suas mulheres, e cada um apresentou um carneiro do rebanho como oferta por sua culpa.</verse>
		<verse number="20">Dentre os descendentes de Imer: Hanani e Zebadias.</verse>
		<verse number="21">Dentre os descendentes de Harim: Maaséias, Elias, Semaías, Jeiel e Uzias.</verse>
		<verse number="22">Dentre os descendentes de Pasur: Elioenai, Maaséias, Ismael, Natanael, Jozabade e Eleasa.</verse>
		<verse number="23">Dentre os levitas: Jozabade, Simei, Quelaías, também chamado Quelita, Petaías, Judá e Eliézer.</verse>
		<verse number="24">Dentre os cantores: Eliasibe. Dentre os porteiros: Salum, Telém e Uri.</verse>
		<verse number="25">E dentre os outros israelitas: Dentre os descendentes de Parós: Ramias, Jezias, Malquias, Miamim, Eleazar, Malquias e Benaia.</verse>
		<verse number="26">Dentre os descendentes de Elão: Matanias, Zacarias, Jeiel, Abdi, Jeremote e Elias.</verse>
		<verse number="27">Dentre os descendentes de Zatu: Elioenai, Eliasibe, Matanias, Jeremote, Zabade e Aziza.</verse>
		<verse number="28">Dentre os descendentes de Bebai: Joanã, Hananias, Zabai e Atlai.</verse>
		<verse number="29">Dentre os descendentes de Bani: Mesulão, Maluque, Adaías, Jasube, Seal e Jeremote.</verse>
		<verse number="30">Dentre os descendentes de Paate-Moabe: Adna, Quelal, Benaia, Maaséias, Matanias, Bezalel, Binui e Manassés.</verse>
		<verse number="31">Dentre os descendentes de Harim: Eliézer, Issias, Malquias, Semaías, Simeão,</verse>
		<verse number="32">Benjamim, Maluque e Semarias.</verse>
		<verse number="33">Dentre os descendentes de Hasum: Matenai, Matatá, Zabade, Elifelete, Jeremai, Manassés e Simei.</verse>
		<verse number="34">Dentre os descendentes de Bani: Maadai, Anrão, Uel,</verse>
		<verse number="35">Benaia, Bedias, Queluí,</verse>
		<verse number="36">Vanias, Meremote, Eliasibe,</verse>
		<verse number="37">Matanias, Matenai e Jaasai.</verse>
		<verse number="38">Dentre os descendentes de Binui: Simei,</verse>
		<verse number="39">Selemias, Natã, Adaías,</verse>
		<verse number="40">Macnadbai, Sasai, Sarai,</verse>
		<verse number="41">Azareel, Selemias, Semarias,</verse>
		<verse number="42">Salum, Amarias e José.</verse>
		<verse number="43">Dentre os descendentes de Nebo: Jeiel, Matitias, Zabade, Zebina, Jadai, Joel e Benaia.</verse>
		<verse number="44">Todos esses tinham se casado com mulheres estrangeiras, e alguns deles tiveram filhos dessas mulheres.</verse>
	</chapter>
</book>