﻿<?xml version="1.0" encoding="UTF-8"?>
<book name="Miquéias" abbrev="mq" chapters="7">
	<chapter number="1">
		<verse number="1">A palavra do Senhor que veio a Miquéias de Moresete durante os reinados de Jotão, Acaz e Ezequias, reis de Judá; a visão que ele teve acerca de Samaria e de Jerusalém:</verse>
		<verse number="2">Ouçam, todos os povos; prestem atenção, ó terra e todos os que nela habitam; que o Senhor Soberano, do seu santo templo, testemunhe contra vocês.</verse>
		<verse number="3">Vejam! O Senhor já está saindo da sua habitação; ele desce e pisa os lugares altos da terra.</verse>
		<verse number="4">Debaixo dele os montes se derretem como cera diante do fogo, e os vales racham ao meio, como que rasgados pelas águas que descem velozes encosta abaixo.</verse>
		<verse number="5">Tudo por causa da transgressão de Jacó, dos pecados da nação de Israel. Qual é a transgressão de Jacó? Acaso não é Samaria? Qual é o altar idólatra de Judá? Acaso não é Jerusalém?</verse>
		<verse number="6">&quot;Por isso farei de Samaria um monte de entulho em campo aberto, um lugar para plantação de vinhas; atirarei as suas pedras no vale e porei a descoberto os seus alicerces.</verse>
		<verse number="7">Todas as suas imagens esculpidas serão despedaçadas e todos os seus ganhos imorais serão consumidos pelo fogo; destruirei todas as suas imagens. Visto que o que ela ajuntou foi como ganho da prostituição, como salário de prostituição tornará a ser usado. &quot;</verse>
		<verse number="8">Por causa disso chorarei e lamentarei; andarei descalço e nu. Uivarei como um chacal e gemerei como um filhote de coruja.</verse>
		<verse number="9">Pois a ferida de Samaria é incurável; e chegou a Judá. O flagelo alcançou até mesmo a porta do meu povo, até a própria Jerusalém!</verse>
		<verse number="10">Não contem isso em Gate, e não chorem. Habitantes de Bete-Ofra, revolvam-se no pó.</verse>
		<verse number="11">Saiam nus e cobertos de vergonha, vocês que moram em Safir. Os habitantes de Zaanã não sairão de sua cidade. Bete-Ezel está em prantos; foi-lhe tirada a proteção.</verse>
		<verse number="12">Os que vivem em Marote se contorcem de dor aguardando alívio, porque a desgraça veio da parte do Senhor até às portas de Jerusalém.</verse>
		<verse number="13">Habitantes de Láquis, atrelem aos carros as parelhas de cavalos. Esse foi o início do pecado da cidade de Sião, pois as transgressões de Israel foram aprendidas com vocês.</verse>
		<verse number="14">Por isso vocês darão presentes de despedida a Moresete-Gate. A cidade de Aczibe se revelará enganosa aos reis de Israel.</verse>
		<verse number="15">Trarei um conquistador contra vocês, que vivem em Maressa. A glória de Israel irá a Adulão.</verse>
		<verse number="16">Rapem as suas cabeças em pranto por causa dos filhos nos quais vocês se tanto alegram; fiquem calvos como a águia, pois eles serão levados de vocês para o exílio.</verse>
	</chapter>
	<chapter number="2">
		<verse number="1">Ai daqueles que planejam maldade, dos que tramam o mal em suas camas! Quando alvorece, eles o executam, porque isso eles podem fazer.</verse>
		<verse number="2">Cobiçam terrenos e se apoderam deles; cobiçam casas e as tomam. Fazem violência ao homem e à sua família, a ele e aos seus herdeiros.</verse>
		<verse number="3">Portanto, assim diz o Senhor: &quot;Estou planejando contra essa gente uma desgraça, da qual vocês não poderão salvar-se. Vocês já não vão andar com arrogância, pois será tempo de desgraça.</verse>
		<verse number="4">Naquele dia vocês serão ridicularizados; zombarão de vocês com esta triste canção: ‘Estamos totalmente arruinados; dividida foi a propriedade do meu povo. Ele tirou-a de mim! Entregou a invasores as nossas terras’ &quot;.</verse>
		<verse number="5">Portanto, vocês não estarão na assembléia do Senhor para a divisão da terra por sorteio.</verse>
		<verse number="6">&quot;Não preguem&quot;, dizem os seus profetas. &quot;Não preguem acerca dessas coisas; a desgraça não nos alcançará&quot;. Ó descendência de Jacó,</verse>
		<verse number="7">é isto que está sendo falado: &quot;O Espírito do Senhor perdeu a paciência? É assim que ele age? &quot; &quot;As minhas palavras não fazem bem àquele cujos caminhos são retos?</verse>
		<verse number="8">Mas ultimamente como inimigos vocês atacam o meu povo. Além da túnica arrancam a capa daqueles que passam confiantes, como quem volta da guerra.</verse>
		<verse number="9">Vocês tiram as mulheres do meu povo de seus lares agradáveis. De seus filhos vocês removem a minha dignidade para sempre.</verse>
		<verse number="10">Levantem-se, vão embora! Pois este não é o lugar de descanso, porque ele está contaminado, está arruinado, sem que haja remédio.</verse>
		<verse number="11">Se um mentiroso e enganador vier e disser: ‘Eu pregarei para vocês fartura de vinho e de bebida fermentada’, ele será o profeta deste povo! &quot;</verse>
		<verse number="12">&quot;Eu vou de fato ajuntar todos vocês, ó Jacó; sim, vou reunir o remanescente de Israel. Eu os ajuntarei como ovelhas num aprisco, como um rebanho numa pastagem; haverá barulho de muita gente.</verse>
		<verse number="13">Aquele que abre o caminho irá adiante deles; passarão pela porta e sairão. O rei deles, o Senhor, os guiará&quot;.</verse>
	</chapter>
	<chapter number="3">
		<verse number="1">Então eu disse: &quot;Ouçam, vocês que são chefes de Jacó, governantes da nação de Israel. Vocês deveriam conhecer a justiça!</verse>
		<verse number="2">Mas odeiam o bem e amam o mal; arrancam a pele do meu povo e a carne dos seus ossos.</verse>
		<verse number="3">Aqueles que comem a carne do meu povo, arrancam a sua pele, despedaçam os seus ossos e cortam-no como se fosse carne para a panela,</verse>
		<verse number="4">um dia clamarão ao Senhor, mas ele não lhes responderá. Naquela tempo ele esconderá deles o rosto por causa do mal que eles têm feito.</verse>
		<verse number="5">Assim diz o Senhor aos profetas que fazem o meu povo desviar-se; quando lhes dão o que mastigar, proclamam paz, mas proclamam guerra santa contra quem não lhes enche a boca:</verse>
		<verse number="6">Por tudo isso a noite virá sobre vocês, noite sem visões; haverá trevas, sem adivinhações. O sol se porá para os profetas, e o dia se escurecerá para eles.</verse>
		<verse number="7">Os videntes ficarão envergonhados, e os adivinhos constrangidos. Todos cobrirão o rosto porque não haverá resposta da parte de Deus&quot;.</verse>
		<verse number="8">Mas, quanto a mim, graças ao poder do Espírito do Senhor, estou cheio de força e de justiça, para declarar a Jacó a sua transgressão, e a Israel o seu pecado.</verse>
		<verse number="9">Ouçam isto, vocês que são chefes da descendência de Jacó, governantes da nação de Israel, que detestam a justiça e pervertem tudo o que é justo;</verse>
		<verse number="10">que constroem Sião com derramamento de sangue, e Jerusalém com impiedade.</verse>
		<verse number="11">Seus líderes julgam a troco de suborno, seus sacerdotes ensinam por lucro, e seus profetas adivinham em troca de prata. E ainda se apóiam no Senhor, dizendo: &quot;O Senhor está no meio de nós. Nenhuma desgraça vai nos acontecer&quot;.</verse>
		<verse number="12">Por isso, por causa de vocês, Sião será arada como um campo, Jerusalém se tornará um monte de entulho, e a colina do templo, um matagal.</verse>
	</chapter>
	<chapter number="4">
		<verse number="1">Nos últimos dias acontecerá que o monte do templo do Senhor será estabelecido como o principal entre os montes; e se elevará acima das colinas, e os povos a ele acorrerão.</verse>
		<verse number="2">Muitas nações virão, dizendo: &quot;Venham, subamos ao monte do Senhor, ao templo do Deus de Jacó. Ele nos ensinará os seus caminhos, para que andemos nas suas veredas&quot;. Pois a lei virá de Sião, a palavra do Senhor, de Jerusalém.</verse>
		<verse number="3">Ele julgará entre muitos povos e resolverá contendas entre nações poderosas e distantes. Das suas espadas, farão arados, e das suas lanças, foices. Nenhuma nação erguerá a espada contra outra, e não aprenderão mais a guerra.</verse>
		<verse number="4">Todo homem poderá sentar-se debaixo da sua videira e debaixo da sua figueira, e ninguém os incomodará, pois assim falou o Senhor dos Exércitos.</verse>
		<verse number="5">Pois todas as nações andam, cada uma em nome dos seus deuses, mas nós andaremos no nome do Senhor, o nosso Deus, para todo o sempre.</verse>
		<verse number="6">&quot;Naquele dia&quot;, declara o Senhor, &quot;ajuntarei os que tropeçam e reunirei os dispersos, aqueles a quem afligi.</verse>
		<verse number="7">Farei dos que tropeçam um remanescente, e dos dispersos, uma nação forte. O Senhor reinará sobre eles no monte Sião, daquele dia em diante e para sempre.</verse>
		<verse number="8">Quanto a você, ó torre do rebanho, ó fortaleza da cidade de Sião, o antigo domínio lhe será restaurado; a realeza virá para a cidade de Jerusalém. &quot;</verse>
		<verse number="9">Agora, por que gritar tão alto? Você não tem rei? Seu conselheiro morreu, para que a dor seja tão forte como a de uma mulher em trabalho de parto?</verse>
		<verse number="10">Contorça-se em agonia, ó cidade de Sião, como a mulher em trabalho de parto, porque agora terá que deixar os seus muros para habitar em campo aberto. Você irá para a Babilônia, e lá você será libertada. Lá o Senhor a resgatará da mão dos seus inimigos.</verse>
		<verse number="11">Mas agora muitas nações estão reunidas contra você. Elas dizem: &quot;Que Sião seja profanada, e que isso aconteça diante dos nossos olhos! &quot;</verse>
		<verse number="12">Mas elas não conhecem os pensamentos do Senhor; não compreendem o plano daquele que as ajunta como feixes para a eira.</verse>
		<verse number="13">&quot;Levante-se e debulhe, ó cidade de Sião, pois eu darei a você chifres de ferro; e cascos de bronze para despedaçar muitas nações&quot;. Você consagrará ao Senhor os ganhos ilícitos delas, e a riqueza delas ao Soberano de toda a terra.</verse>
	</chapter>
	<chapter number="5">
		<verse number="1">Reúna suas tropas, ó cidade das tropas, pois há um cerco contra nós. O líder de Israel será ferido na face, com uma vara.</verse>
		<verse number="2">&quot;Mas tu, Belém-Efrata, embora sejas pequena entre os clãs de Judá, de ti virá para mim aquele que será o governante sobre Israel. Suas origens estão no passado distante, em tempos antigos. &quot;</verse>
		<verse number="3">Por isso os israelitas serão abandonados até que dê à luz a que está em trabalho de parto. Então o restante dos irmãos do governante voltarão para unir-se aos israelitas.</verse>
		<verse number="4">Ele se estabelecerá e os pastoreará na força do Senhor, na majestade do nome do Senhor, o seu Deus. E eles viverão em segurança, pois a grandeza dele alcançará os confins da terra.</verse>
		<verse number="5">Ele será a sua paz. Quando os assírios invadirem a nossa terra e marcharem sobre as nossas fortalezas, levantaremos contra eles sete pastores, até oito líderes escolhidos.</verse>
		<verse number="6">Eles pastorearão a Assíria com a espada, e a terra de Ninrode com a espada empunhada. Eles nos livrarão quando os assírios invadirem a nossa terra, e entrarem por nossas fronteiras.</verse>
		<verse number="7">O remanescente de Jacó estará no meio de muitos povos como orvalho da parte do Senhor, como aguaceiro sobre a relva; não porá sua esperança no homem nem dependerá dos seres humanos.</verse>
		<verse number="8">O remanescente de Jacó estará entre as nações, no meio de muitos povos, como um leão entre os animais da floresta, como um leão forte entre rebanhos de ovelhas, leão que, quando ataca, destroça e mutila a presa, sem que ninguém a possa livrar.</verse>
		<verse number="9">Sua mão se levantará contra os seus adversários, e todos os seus inimigos serão destruídos.</verse>
		<verse number="10">&quot;Naquele dia&quot;, declara o Senhor, &quot;matarei os seus cavalos e destruirei os seus carros de guerra.</verse>
		<verse number="11">Destruirei também as cidades da sua terra e arrasarei todas as suas fortalezas.</verse>
		<verse number="12">Acabarei com a sua feitiçaria, e vocês não farão mais adivinhações.</verse>
		<verse number="13">Destruirei as suas imagens esculpidas e as suas colunas sagradas; vocês não se curvarão mais diante da obra de suas mãos.</verse>
		<verse number="14">Desarraigarei do meio de vocês os seus postes sagrados e derrubarei os seus ídolos.</verse>
		<verse number="15">Com ira e indignação me vingarei das nações que não me obedeceram. &quot;  </verse>
	</chapter>
	<chapter number="6">
		<verse number="1">Ouçam o que diz o Senhor: &quot;Fique de pé, abra processo perante os montes; que as colinas ouçam o que você tem a dizer.</verse>
		<verse number="2">Ouçam, ó montes, a acusação do Senhor; escutem, alicerces eternos da terra. Pois o Senhor tem uma acusação contra o seu povo; ele está entrando em juízo contra Israel.</verse>
		<verse number="3">&quot;Meu povo, que foi que eu fiz contra você? Fui muito exigente? Responda-me.</verse>
		<verse number="4">Eu o tirei do Egito, e o redimi da terra da escravidão; enviei Moisés, Arão e Miriã para conduzi-lo.</verse>
		<verse number="5">Meu povo, lembre-se do que Balaque, rei de Moabe, pediu e do que Balaão, filho de Beor, respondeu. Recorde a viagem que você fez desde Sitim até Gilgal, e reconheça que os atos do Senhor são justos&quot;.</verse>
		<verse number="6">Com que eu poderia comparecer diante do Senhor e curvar-me perante o Deus exaltado? Deveria oferecer holocaustos de bezerros de um ano?</verse>
		<verse number="7">Ficaria o Senhor satisfeito com milhares de carneiros, com dez mil ribeiros de azeite? Devo oferecer o meu filho mais velho por causa da minha transgressão, o fruto do meu corpo por causa do meu próprio pecado?</verse>
		<verse number="8">Ele mostrou a você, ó homem, o que é bom e o que o Senhor exige: Pratique a justiça, ame a fidelidade e ande humildemente com o seu Deus.</verse>
		<verse number="9">A voz do Senhor está clamando à cidade; é sensato temer o teu nome! &quot;Ouçam, tribo de Judá e assembléia da cidade!</verse>
		<verse number="10">Não há, na casa do ímpio, o tesouro da impiedade, e a medida falsificada, que é maldita?</verse>
		<verse number="11">Poderia alguém ser puro com balanças desonestas e pesos falsos?</verse>
		<verse number="12">Os ricos dentre vocês são violentos; o seu povo é mentiroso, e as suas línguas falam enganosamente.</verse>
		<verse number="13">Por isso, eu mesmo os farei sofrer e os arruinarei por causa dos seus pecados.</verse>
		<verse number="14">Vocês comerão, mas não ficarão satisfeitos; continuarão de estômago vazio. Vocês ajuntarão, mas nada preservarão, porquanto o que guardarem, à espada entregarei.</verse>
		<verse number="15">Vocês plantarão, mas não colherão; espremerão azeitonas, mas não se ungirão com o azeite; espremerão uvas, mas não beberão o vinho.</verse>
		<verse number="16">Porque vocês têm obedecido aos decretos de Onri e a todas as práticas da família de Acabe, e têm seguido as tradições deles. Por isso os entregarei à ruína e o seu povo ao desprezo; vocês sofrerão a zombaria das nações. &quot;</verse>
	</chapter>
	<chapter number="7">
		<verse number="1">Que desgraça a minha! Sou como quem colhe frutos de verão na respiga da vinha; não há nenhum cacho de uvas para provar, nenhum figo novo que eu tanto desejo.</verse>
		<verse number="2">Os piedosos desapareceram do país; não há um justo sequer. Todos estão à espreita para derramar sangue; cada um caça seu irmão com um laço.</verse>
		<verse number="3">Com as mãos prontas para fazer o mal, o governante exige presentes, o juiz aceita suborno, os poderosos impõem o que querem; todos tramam em conjunto.</verse>
		<verse number="4">O melhor deles é como espinheiro, e o mais correto é pior que uma cerca de espinhos. Chegou o dia anunciado pelas suas sentinelas, o dia do castigo de Deus. Agora reinará a confusão entre eles.</verse>
		<verse number="5">Não confiem nos vizinhos; nem acreditem nos amigos. Até com aquela que o abraça tenha cada um cuidado com o que diz.</verse>
		<verse number="6">Pois o filho despreza o pai, a filha se rebela contra a mãe, a nora, contra a sogra; os inimigos do homem são os seus próprios familiares.</verse>
		<verse number="7">Mas, quanto a mim, ficarei atento ao Senhor, esperando em Deus, o meu Salvador, pois o meu Deus me ouvirá.</verse>
		<verse number="8">Não se alegre a minha inimiga com a minha desgraça. Embora eu tenha caído, eu me levantarei. Embora eu esteja morando nas trevas, o Senhor será a minha luz.</verse>
		<verse number="9">Por eu ter pecado contra o Senhor, suportarei a sua ira, até que ele apresente a minha defesa e estabeleça o meu direito. Ele me fará sair para a luz; contemplarei a sua justiça.</verse>
		<verse number="10">Então a minha inimiga o verá e ficará coberta de vergonha, ela que me disse: &quot;Onde está o Senhor, o seu Deus? &quot; Meus olhos verão a sua queda; ela será pisada como o barro das ruas.</verse>
		<verse number="11">O dia da reconstrução dos seus muros chegará, o dia em que se ampliarão as suas fronteiras virá.</verse>
		<verse number="12">Naquele dia virá a você gente desde a Assíria até o Egito, e desde o Egito até o Eufrates, de mar a mar e de montanha a montanha.</verse>
		<verse number="13">Mas a terra será desolada por causa dos seus habitantes, em conseqüência de suas ações.</verse>
		<verse number="14">Pastoreia o teu povo com o teu cajado, o rebanho da tua herança, que vive à parte numa floresta, em férteis pastagens. Deixa-os pastar em Basã e em Gileade, como antigamente.</verse>
		<verse number="15">&quot;Como nos dias em que você saiu do Egito, ali mostrarei as minhas maravilhas&quot;.</verse>
		<verse number="16">As nações verão isso e se envergonharão, despojadas de todo o seu poder. Porão a mão na boca, e taparão os ouvidos.</verse>
		<verse number="17">Lamberão o pó como a serpente, como animais que se arrastam no chão. Sairão tremendo das suas fortalezas; com temor se voltarão para o Senhor, o nosso Deus, e terão medo de ti.</verse>
		<verse number="18">Quem é comparável a ti, ó Deus, que perdoas o pecado e esqueces a transgressão do remanescente da sua herança? Tu que não permaneces irado para sempre, mas tens prazer em mostrar amor.</verse>
		<verse number="19">De novo terás compaixão de nós; pisarás as nossas maldades e atirarás todos os nossos pecados nas profundezas do mar.</verse>
		<verse number="20">Mostrarás fidelidade a Jacó, e bondade a Abraão, conforme prometeste sob juramento aos nossos antepassados, na antigüidade.</verse>
	</chapter>
</book>