﻿<?xml version="1.0" encoding="UTF-8"?>
<book name="Efésios" abbrev="ef" chapters="6">
	<chapter number="1">
		<verse number="1">Paulo, apóstolo de Cristo Jesus pela vontade de Deus, aos santos e fiéis em Cristo Jesus que estão em Éfeso:</verse>
		<verse number="2">A vocês, graça e paz da parte de Deus nosso Pai e do Senhor Jesus Cristo.</verse>
		<verse number="3">Bendito seja o Deus e Pai de nosso Senhor Jesus Cristo, que nos abençoou com todas as bênçãos espirituais nas regiões celestiais em Cristo.</verse>
		<verse number="4">Porque Deus nos escolheu nele antes da criação do mundo, para sermos santos e irrepreensíveis em sua presença.</verse>
		<verse number="5">Em amor nos predestinou para sermos adotados como filhos por meio de Jesus Cristo, conforme o bom propósito da sua vontade,</verse>
		<verse number="6">para o louvor da sua gloriosa graça, a qual nos deu gratuitamente no Amado.</verse>
		<verse number="7">Nele temos a redenção por meio de seu sangue, o perdão dos pecados, de acordo com as riquezas da graça de Deus,</verse>
		<verse number="8">a qual ele derramou sobre nós com toda a sabedoria e entendimento.</verse>
		<verse number="9">E nos revelou o mistério da sua vontade, de acordo com o seu bom propósito que ele estabeleceu em Cristo,</verse>
		<verse number="10">isto é, de fazer convergir em Cristo todas as coisas, celestiais ou terrenas, na dispensação da plenitude dos tempos.</verse>
		<verse number="11">Nele fomos também escolhidos, tendo sido predestinados conforme o plano daquele que faz todas as coisas segundo o propósito da sua vontade,</verse>
		<verse number="12">a fim de que nós, os que primeiro esperamos em Cristo, sejamos para o louvor da sua glória.</verse>
		<verse number="13">Nele, quando vocês ouviram e creram na palavra da verdade, o evangelho que os salvou, vocês foram selados com o Espírito Santo da promessa,</verse>
		<verse number="14">que é a garantia da nossa herança até a redenção daqueles que pertencem a Deus, para o louvor da sua glória.</verse>
		<verse number="15">Por essa razão, desde que ouvi falar da fé que vocês têm no Senhor Jesus e do amor que demonstram para com todos os santos,</verse>
		<verse number="16">não deixo de dar graças por vocês, mencionando-os em minhas orações.</verse>
		<verse number="17">Peço que o Deus de nosso Senhor Jesus Cristo, o glorioso Pai, lhes dê espírito de sabedoria e de revelação, no pleno conhecimento dele.</verse>
		<verse number="18">Oro também para que os olhos do coração de vocês sejam iluminados, a fim de que vocês conheçam a esperança para a qual ele os chamou, as riquezas da gloriosa herança dele nos santos</verse>
		<verse number="19">e a incomparável grandeza do seu poder para conosco, os que cremos, conforme a atuação da sua poderosa força.</verse>
		<verse number="20">Esse poder ele exerceu em Cristo, ressuscitando-o dos mortos e fazendo-o assentar-se à sua direita, nas regiões celestiais,</verse>
		<verse number="21">muito acima de todo governo e autoridade, poder e domínio, e de todo nome que se possa mencionar, não apenas nesta era, mas também na que há de vir.</verse>
		<verse number="22">Deus colocou todas as coisas debaixo de seus pés e o designou como cabeça de todas as coisas para a igreja,</verse>
		<verse number="23">que é o seu corpo, a plenitude daquele que enche todas as coisas, em toda e qualquer circunstância.</verse>
	</chapter>
	<chapter number="2">
		<verse number="1">Vocês estavam mortos em suas transgressões e pecados,</verse>
		<verse number="2">nos quais costumavam viver, quando seguiam a presente ordem deste mundo e o príncipe do poder do ar, o espírito que agora está atuando nos que vivem na desobediência.</verse>
		<verse number="3">Anteriormente, todos nós também vivíamos entre eles, satisfazendo as vontades da nossa carne, seguindo os seus desejos e pensamentos. Como os outros, éramos por natureza merecedores da ira.</verse>
		<verse number="4">Todavia, Deus, que é rico em misericórdia, pelo grande amor com que nos amou,</verse>
		<verse number="5">deu-nos vida juntamente com Cristo, quando ainda estávamos mortos em transgressões — pela graça vocês são salvos.</verse>
		<verse number="6">Deus nos ressuscitou com Cristo e com ele nos fez assentar nos lugares celestiais em Cristo Jesus,</verse>
		<verse number="7">para mostrar, nas eras que hão de vir, a incomparável riqueza de sua graça, demonstrada em sua bondade para conosco em Cristo Jesus.</verse>
		<verse number="8">Pois vocês são salvos pela graça, por meio da fé, e isto não vem de vocês, é dom de Deus;</verse>
		<verse number="9">não por obras, para que ninguém se glorie.</verse>
		<verse number="10">Porque somos criação de Deus realizada em Cristo Jesus para fazermos boas obras, as quais Deus preparou de antemão para que nós as praticássemos.</verse>
		<verse number="11">Portanto, lembrem-se de que anteriormente vocês eram gentios por nascimento e chamados incircuncisão pelos que se chamam circuncisão, feita no corpo por mãos humanas, e que</verse>
		<verse number="12">naquela época vocês estavam sem Cristo, separados da comunidade de Israel, sendo estrangeiros quanto às alianças da promessa, sem esperança e sem Deus no mundo.</verse>
		<verse number="13">Mas agora, em Cristo Jesus, vocês, que antes estavam longe, foram aproximados mediante o sangue de Cristo.</verse>
		<verse number="14">Pois ele é a nossa paz, o qual de ambos fez um e destruiu a barreira, o muro de inimizade,</verse>
		<verse number="15">anulando em seu corpo a lei dos mandamentos expressa em ordenanças. O objetivo dele era criar em si mesmo, dos dois, um novo homem, fazendo a paz,</verse>
		<verse number="16">e reconciliar com Deus os dois em um corpo, por meio da cruz, pela qual ele destruiu a inimizade.</verse>
		<verse number="17">Ele veio e anunciou paz a vocês que estavam longe e paz aos que estavam perto,</verse>
		<verse number="18">pois por meio dele tanto nós como vocês temos acesso ao Pai, por um só Espírito.</verse>
		<verse number="19">Portanto, vocês já não são estrangeiros nem forasteiros, mas concidadãos dos santos e membros da família de Deus,</verse>
		<verse number="20">edificados sobre o fundamento dos apóstolos e dos profetas, tendo Jesus Cristo como pedra angular,</verse>
		<verse number="21">no qual todo o edifício é ajustado e cresce para tornar-se um santuário santo no Senhor.</verse>
		<verse number="22">Nele vocês também estão sendo juntamente edificados, para se tornarem morada de Deus por seu Espírito.</verse>
	</chapter>
	<chapter number="3">
		<verse number="1">Por essa razão, eu, Paulo, prisioneiro de Cristo Jesus por amor de vocês, gentios —</verse>
		<verse number="2">Certamente vocês ouviram falar da responsabilidade imposta a mim em favor de vocês pela graça de Deus,</verse>
		<verse number="3">isto é, o mistério que me foi dado a conhecer por revelação, como já lhes escrevi brevemente.</verse>
		<verse number="4">Ao lerem isso vocês poderão entender a minha compreensão do mistério de Cristo.</verse>
		<verse number="5">Esse mistério não foi dado a conhecer aos homens doutras gerações, mas agora foi revelado pelo Espírito aos santos apóstolos e profetas de Deus,</verse>
		<verse number="6">a saber, que mediante o evangelho os gentios são co-herdeiros com Israel, membros do mesmo corpo, e co-participantes da promessa em Cristo Jesus.</verse>
		<verse number="7">Deste me tornei ministro pelo dom da graça de Deus, a mim concedida pela operação de seu poder.</verse>
		<verse number="8">Embora eu seja o menor dos menores dentre todos os santos, foi-me concedida esta graça de anunciar aos gentios as insondáveis riquezas de Cristo</verse>
		<verse number="9">e esclarecer a todos a administração deste mistério que, durante as épocas passadas, foi mantido oculto em Deus, que criou todas as coisas.</verse>
		<verse number="10">A intenção dessa graça era que agora, mediante a igreja, a multiforme sabedoria de Deus se tornasse conhecida dos poderes e autoridades nas regiões celestiais,</verse>
		<verse number="11">de acordo com o seu eterno plano que ele realizou em Cristo Jesus, nosso Senhor,</verse>
		<verse number="12">por intermédio de quem temos livre acesso a Deus em confiança, pela fé nele.</verse>
		<verse number="13">Portanto, peço-lhes que não se desanimem por causa das minhas tribulações em seu favor, pois elas são uma glória para vocês.</verse>
		<verse number="14">Por essa razão, ajoelho-me diante do Pai,</verse>
		<verse number="15">do qual recebe o nome toda a família nos céus e na terra.</verse>
		<verse number="16">Oro para que, com as suas gloriosas riquezas, ele os fortaleça no íntimo do seu ser com poder, por meio do seu Espírito,</verse>
		<verse number="17">para que Cristo habite em seus corações mediante a fé; e oro para que vocês, arraigados e alicerçados em amor,</verse>
		<verse number="18">possam, juntamente com todos os santos, compreender a largura, o comprimento, a altura e a profundidade,</verse>
		<verse number="19">e conhecer o amor de Cristo que excede todo conhecimento, para que vocês sejam cheios de toda a plenitude de Deus.</verse>
		<verse number="20">Àquele que é capaz de fazer infinitamente mais do que tudo o que pedimos ou pensamos, de acordo com o seu poder que atua em nós,</verse>
		<verse number="21">a ele seja a glória na igreja e em Cristo Jesus, por todas as gerações, para todo o sempre! Amém!</verse>
	</chapter>
	<chapter number="4">
		<verse number="1">Como prisioneiro no Senhor, rogo-lhes que vivam de maneira digna da vocação que receberam.</verse>
		<verse number="2">Sejam completamente humildes e dóceis, e sejam pacientes, suportando uns aos outros com amor.</verse>
		<verse number="3">Façam todo o esforço para conservar a unidade do Espírito pelo vínculo da paz.</verse>
		<verse number="4">Há um só corpo e um só Espírito, assim como a esperança para a qual vocês foram chamados é uma só;</verse>
		<verse number="5">há um só Senhor, uma só fé, um só batismo,</verse>
		<verse number="6">um só Deus e Pai de todos, que é sobre todos, por meio de todos e em todos.</verse>
		<verse number="7">E a cada um de nós foi concedida a graça, conforme a medida repartida por Cristo.</verse>
		<verse number="8">Por isso é que foi dito: &quot;Quando ele subiu em triunfo às alturas, levou cativo muitos prisioneiros, e deu dons aos homens&quot;.</verse>
		<verse number="9">( Que significa &quot;ele subiu&quot;, senão que também descera às profundezas da terra?</verse>
		<verse number="10">Aquele que desceu é o mesmo que subiu acima de todos os céus, a fim de encher todas as coisas. )</verse>
		<verse number="11">E ele designou alguns para apóstolos, outros para profetas, outros para evangelistas, e outros para pastores e mestres,</verse>
		<verse number="12">com o fim de preparar os santos para a obra do ministério, para que o corpo de Cristo seja edificado,</verse>
		<verse number="13">até que todos alcancemos a unidade da fé e do conhecimento do Filho de Deus, e cheguemos à maturidade, atingindo a medida da plenitude de Cristo.</verse>
		<verse number="14">O propósito é que não sejamos mais como crianças, levados de um lado para outro pelas ondas, nem jogados para cá e para lá por todo vento de doutrina e pela astúcia e esperteza de homens que induzem ao erro.</verse>
		<verse number="15">Antes, seguindo a verdade em amor, cresçamos em tudo naquele que é a cabeça, Cristo.</verse>
		<verse number="16">Dele todo o corpo, ajustado e unido pelo auxílio de todas as juntas, cresce e edifica-se a si mesmo em amor, na medida em que cada parte realiza a sua função.</verse>
		<verse number="17">Assim, eu lhes digo, e no Senhor insisto, que não vivam mais como os gentios, que vivem na futilidade dos seus pensamentos.</verse>
		<verse number="18">Eles estão obscurecidos no entendimento e separados da vida de Deus por causa da ignorância em que estão, devido ao endurecimento dos seus corações.</verse>
		<verse number="19">Tendo perdido toda a sensibilidade, ele se entregaram à depravação, cometendo com avidez toda espécie de impureza.</verse>
		<verse number="20">Todavia, não foi assim que vocês aprenderam de Cristo.</verse>
		<verse number="21">De fato, vocês ouviram falar dele, e nele foram ensinados de acordo com a verdade que está em Jesus.</verse>
		<verse number="22">Quanto à antiga maneira de viver, vocês foram ensinados a despir-se do velho homem, que se corrompe por desejos enganosos,</verse>
		<verse number="23">a serem renovados no modo de pensar e</verse>
		<verse number="24">a revestir-se do novo homem, criado para ser semelhante a Deus em justiça e em santidade provenientes da verdade.</verse>
		<verse number="25">Portanto, cada um de vocês deve abandonar a mentira e falar a verdade ao seu próximo, pois todos somos membros de um mesmo corpo.</verse>
		<verse number="26">&quot;Quando vocês ficarem irados, não pequem&quot;. Apazigüem a sua ira antes que o sol se ponha,</verse>
		<verse number="27">e não dêem lugar ao diabo.</verse>
		<verse number="28">O que furtava não furte mais; antes trabalhe, fazendo algo de útil com as mãos, para que tenha o que repartir com quem estiver em necessidade.</verse>
		<verse number="29">Nenhuma palavra torpe saia da boca de vocês, mas apenas a que for útil para edificar os outros, conforme a necessidade, para que conceda graça aos que a ouvem.</verse>
		<verse number="30">Não entristeçam o Espírito Santo de Deus, com o qual vocês foram selados para o dia da redenção.</verse>
		<verse number="31">Livrem-se de toda amargura, indignação e ira, gritaria e calúnia, bem como de toda maldade.</verse>
		<verse number="32">Sejam bondosos e compassivos uns para com os outros, perdoando-se mutuamente, assim como Deus perdoou vocês em Cristo.</verse>
	</chapter>
	<chapter number="5">
		<verse number="1">Portanto, sejam imitadores de Deus, como filhos amados,</verse>
		<verse number="2">e vivam em amor, como também Cristo nos amou e se entregou por nós como oferta e sacrifício de aroma agradável a Deus.</verse>
		<verse number="3">Entre vocês não deve haver nem sequer menção de imoralidade sexual nem de qualquer espécie de impureza nem de cobiça; pois estas coisas não são próprias para os santos.</verse>
		<verse number="4">Não haja obscenidade nem conversas tolas nem gracejos imorais, que são inconvenientes, mas, ao invés disso, ação de graças.</verse>
		<verse number="5">Porque vocês podem estar certos disto: nenhum imoral nem impuro nem ganancioso, que é idólatra, tem herança no Reino de Cristo e de Deus.</verse>
		<verse number="6">Ninguém os engane com palavras tolas, pois é por causa dessas coisas que a ira de Deus vem sobre os que vivem na desobediência.</verse>
		<verse number="7">Portanto, não participem com eles dessas coisas.</verse>
		<verse number="8">Porque outrora vocês eram trevas, mas agora são luz no Senhor. Vivam como filhos da luz,</verse>
		<verse number="9">pois o fruto da luz consiste em toda bondade, justiça e verdade;</verse>
		<verse number="10">e aprendam a discernir o que é agradável ao Senhor.</verse>
		<verse number="11">Não participem das obras infrutíferas das trevas; antes, exponham-nas à luz.</verse>
		<verse number="12">Porque aquilo que eles fazem em oculto, até mencionar é vergonhoso.</verse>
		<verse number="13">Mas, tudo o que é exposto pela luz torna-se visível, pois a luz torna visíveis todas as coisas.</verse>
		<verse number="14">Por isso é que foi dito: &quot;Desperta, ó tu que dormes, levanta-te dentre os mortos e Cristo resplandecerá sobre ti&quot;.</verse>
		<verse number="15">Tenham cuidado com a maneira como vocês vivem; que não seja como insensatos, mas como sábios,</verse>
		<verse number="16">aproveitando ao máximo cada oportunidade, porque os dias são maus.</verse>
		<verse number="17">Portanto, não sejam insensatos, mas procurem compreender qual é a vontade do Senhor.</verse>
		<verse number="18">Não se embriaguem com vinho, que leva à libertinagem, mas deixem-se encher pelo Espírito,</verse>
		<verse number="19">falando entre si com salmos, hinos e cânticos espirituais, cantando e louvando de coração ao Senhor,</verse>
		<verse number="20">dando graças constantemente a Deus Pai por todas as coisas, em nome de nosso Senhor Jesus Cristo.</verse>
		<verse number="21">Sujeitem-se uns aos outros, por temor a Cristo.</verse>
		<verse number="22">Mulheres, sujeitem-se a seus maridos, como ao Senhor,</verse>
		<verse number="23">pois o marido é o cabeça da mulher, como também Cristo é o cabeça da igreja, que é o seu corpo, do qual ele é o Salvador.</verse>
		<verse number="24">Assim como a igreja está sujeita a Cristo, também as mulheres estejam em tudo sujeitas a seus maridos.</verse>
		<verse number="25">Maridos, amem suas mulheres, assim como Cristo amou a igreja e entregou-se a si mesmo por ela</verse>
		<verse number="26">para santificá-la, tendo-a purificado pelo lavar da água mediante a palavra,</verse>
		<verse number="27">e apresentá-la a si mesmo como igreja gloriosa, sem mancha nem ruga ou coisa semelhante, mas santa e inculpável.</verse>
		<verse number="28">Da mesma forma, os maridos devem amar as suas mulheres como a seus próprios corpos. Quem ama sua mulher, ama a si mesmo.</verse>
		<verse number="29">Além do mais, ninguém jamais odiou o seu próprio corpo, antes o alimenta e dele cuida, como também Cristo faz com a igreja,</verse>
		<verse number="30">pois somos membros do seu corpo.</verse>
		<verse number="31">&quot;Por essa razão, o homem deixará pai e mãe e se unirá à sua mulher, e os dois se tornarão uma só carne&quot;.</verse>
		<verse number="32">Este é um mistério profundo; refiro-me, porém, a Cristo e à igreja.</verse>
		<verse number="33">Portanto, cada um de vocês também ame a sua mulher como a si mesmo, e a mulher trate o marido com todo o respeito.</verse>
	</chapter>
	<chapter number="6">
		<verse number="1">Filhos, obedeçam a seus pais no Senhor, pois isso é justo.</verse>
		<verse number="2">&quot;Honra teu pai e tua mãe&quot;, este é o primeiro mandamento com promessa:</verse>
		<verse number="3">&quot;para que tudo te corra bem e tenhas longa vida sobre a terra&quot;.</verse>
		<verse number="4">Pais, não irritem seus filhos; antes criem-nos segundo a instrução e o conselho do Senhor.</verse>
		<verse number="5">Escravos, obedeçam a seus senhores terrenos com respeito e temor, com sinceridade de coração, como a Cristo.</verse>
		<verse number="6">Obedeçam-lhes não apenas para agradá-los quando eles os observam, mas como escravos de Cristo, fazendo de coração a vontade de Deus.</verse>
		<verse number="7">Sirvam aos seus senhores de boa vontade, como ao Senhor, e não aos homens,</verse>
		<verse number="8">porque vocês sabem que o Senhor recompensará a cada um pelo bem que praticar, seja escravo, seja livre.</verse>
		<verse number="9">Vocês, senhores, tratem seus escravos da mesma forma. Não os ameacem, uma vez que vocês sabem que o Senhor deles e de vocês está nos céus, e ele não faz diferença entre as pessoas.</verse>
		<verse number="10">Finalmente, fortaleçam-se no Senhor e no seu forte poder.</verse>
		<verse number="11">Vistam toda a armadura de Deus, para poderem ficar firmes contra as ciladas do diabo,</verse>
		<verse number="12">pois a nossa luta não é contra pessoas, mas contra os poderes e autoridades, contra os dominadores deste mundo de trevas, contra as forças espirituais do mal nas regiões celestiais.</verse>
		<verse number="13">Por isso, vistam toda a armadura de Deus, para que possam resistir no dia mau e permanecer inabaláveis, depois de terem feito tudo.</verse>
		<verse number="14">Assim, mantenham-se firmes, cingindo-se com o cinto da verdade, vestindo a couraça da justiça</verse>
		<verse number="15">e tendo os pés calçados com a prontidão do evangelho da paz.</verse>
		<verse number="16">Além disso, usem o escudo da fé, com o qual vocês poderão apagar todas as setas inflamadas do Maligno.</verse>
		<verse number="17">Usem o capacete da salvação e a espada do Espírito, que é a palavra de Deus.</verse>
		<verse number="18">Orem no Espírito em todas as ocasiões, com toda oração e súplica; tendo isso em mente, estejam atentos e perseverem na oração por todos os santos.</verse>
		<verse number="19">Orem também por mim, para que, quando eu falar, seja-me dada a mensagem a fim de que, destemidamente, torne conhecido o mistério do evangelho,</verse>
		<verse number="20">pelo qual sou embaixador preso em correntes. Orem para que, permanecendo nele, eu fale com coragem, como me cumpre fazer.</verse>
		<verse number="21">Tíquico, o irmão amado e fiel servo do Senhor, lhes informará tudo, para que vocês também saibam qual é a minha situação e o que estou fazendo.</verse>
		<verse number="22">Enviei-o a vocês por essa mesma razão, para que saibam como estamos e para que ele os encoraje.</verse>
		<verse number="23">Paz seja com os irmãos, e amor com fé da parte de Deus Pai e do Senhor Jesus Cristo.</verse>
		<verse number="24">A graça seja com todos os que amam a nosso Senhor Jesus Cristo com amor incorruptível.</verse>
	</chapter>
</book>