﻿<?xml version="1.0" encoding="UTF-8"?>
<book name="2ª Timóteo" abbrev="2tm" chapters="4">
	<chapter number="1">
		<verse number="1">Paulo, apóstolo de Cristo Jesus pela vontade de Deus, segundo a promessa da vida que está em Cristo Jesus,</verse>
		<verse number="2">a Timóteo, meu amado filho: Graça, misericórdia e paz da parte de Deus Pai e de Cristo Jesus, nosso Senhor.</verse>
		<verse number="3">Dou graças a Deus, a quem sirvo com a consciência limpa, como o serviram os meus antepassados, ao lembrar-me constantemente de você noite e dia em minhas orações.</verse>
		<verse number="4">Lembro-me das suas lágrimas e desejo muito vê-lo, para que a minha alegria seja completa.</verse>
		<verse number="5">Recordo-me da sua fé não fingida, que primeiro habitou em sua avó Lóide e em sua mãe Eunice, e estou convencido de que também habita em você.</verse>
		<verse number="6">Por essa razão, torno a lembrar-lhe que mantenha viva a chama do dom de Deus que está em você mediante a imposição das minhas mãos.</verse>
		<verse number="7">Pois Deus não nos deu espírito de covardia, mas de poder, de amor e de equilíbrio.</verse>
		<verse number="8">Portanto, não se envergonhe de testemunhar do Senhor, nem de mim, que sou prisioneiro dele, mas suporte comigo os sofrimentos pelo evangelho, segundo o poder de Deus,</verse>
		<verse number="9">que nos salvou e nos chamou com uma santa vocação, não em virtude das nossas obras, mas por causa da sua própria determinação e graça. Esta graça nos foi dada em Cristo Jesus desde os tempos eternos,</verse>
		<verse number="10">sendo agora revelada pela manifestação de nosso Salvador, Cristo Jesus. Ele tornou inoperante a morte e trouxe à luz a vida e a imortalidade por meio do evangelho.</verse>
		<verse number="11">Deste evangelho fui constituído pregador, apóstolo e mestre.</verse>
		<verse number="12">Por essa causa também sofro, mas não me envergonho, porque sei em quem tenho crido e estou bem certo de que ele é poderoso para guardar o meu depósito até aquele dia.</verse>
		<verse number="13">Retenha, com fé e amor em Cristo Jesus, o modelo da sã doutrina que você ouviu de mim.</verse>
		<verse number="14">Quanto ao bom depósito, guarde-o por meio do Espírito Santo que habita em nós.</verse>
		<verse number="15">Você sabe que todos os da província da Ásia me abandonaram, inclusive Fígelo e Hermógenes.</verse>
		<verse number="16">O Senhor conceda misericórdia à casa de Onesíforo, porque muitas vezes ele me reanimou e não se envergonhou por eu estar preso;</verse>
		<verse number="17">pelo contrário, quando chegou a Roma procurou-me diligentemente até me encontrar.</verse>
		<verse number="18">Conceda-lhe o Senhor que, naquele dia, encontre misericórdia da parte do Senhor! Você sabe muito bem quantos serviços ele me prestou em Éfeso.</verse>
	</chapter>
	<chapter number="2">
		<verse number="1">Portanto, você, meu filho, fortifique-se na graça que há em Cristo Jesus.</verse>
		<verse number="2">E as coisas que me ouviu dizer na presença de muitas testemunhas, confie a homens fiéis que sejam também capazes de ensinar a outros.</verse>
		<verse number="3">Suporte comigo os sofrimentos, como bom soldado de Cristo Jesus.</verse>
		<verse number="4">Nenhum soldado se deixa envolver pelos negócios da vida civil, já que deseja agradar aquele que o alistou.</verse>
		<verse number="5">Semelhantemente, nenhum atleta é coroado como vencedor, se não competir de acordo com as regras.</verse>
		<verse number="6">O lavrador que trabalha arduamente deve ser o primeiro a participar dos frutos da colheita.</verse>
		<verse number="7">Reflita no que estou dizendo, pois o Senhor lhe dará entendimento em tudo.</verse>
		<verse number="8">Lembre-se de Jesus Cristo, ressuscitado dos mortos, descendente de Davi, conforme o meu evangelho,</verse>
		<verse number="9">pelo qual sofro a ponto de estar preso como criminoso; contudo a palavra de Deus não está presa.</verse>
		<verse number="10">Por isso, tudo suporto por causa dos eleitos, para que também eles alcancem a salvação que está em Cristo Jesus, com glória eterna.</verse>
		<verse number="11">Esta palavra é digna de confiança: Se morremos com ele, com ele também viveremos;</verse>
		<verse number="12">se perseveramos, com ele também reinaremos. Se o negamos, ele também nos negará;</verse>
		<verse number="13">se somos infiéis, ele permanece fiel, pois não pode negar-se a si mesmo.</verse>
		<verse number="14">Continue a lembrar essas coisas a todos, advertindo-os solenemente diante de Deus, para que não se envolvam em discussões acerca de palavras; isso não tem proveito, e serve apenas para perverter os ouvintes.</verse>
		<verse number="15">Procure apresentar-se a Deus aprovado, como obreiro que não tem do que se envergonhar, que maneja corretamente a palavra da verdade.</verse>
		<verse number="16">Evite as conversas inúteis e profanas, pois os que se dão a isso prosseguem cada vez mais para a impiedade.</verse>
		<verse number="17">O ensino deles alastra como câncer; entre eles estão Himeneu e Fileto.</verse>
		<verse number="18">Estes se desviaram da verdade, dizendo que a ressurreição já aconteceu, e assim a alguns pervertem a fé.</verse>
		<verse number="19">Entretanto, o firme fundamento de Deus permanece inabalável e selado com esta inscrição: &quot;O Senhor conhece quem lhe pertence&quot; e &quot;afaste-se da iniqüidade todo aquele que confessa o nome do Senhor&quot;.</verse>
		<verse number="20">Numa grande casa há vasos não apenas de ouro e prata, mas também de madeira e barro; alguns para fins honrosos, outros para fins desonrosos.</verse>
		<verse number="21">Se alguém se purificar dessas coisas, será vaso para honra, santificado, útil para o Senhor e preparado para toda boa obra.</verse>
		<verse number="22">Fuja dos desejos malignos da juventude e siga a justiça, a fé, o amor e a paz, juntamente com os que, de coração puro, invocam o Senhor.</verse>
		<verse number="23">Evite as controvérsias tolas e fúteis, pois você sabe que acabam em brigas.</verse>
		<verse number="24">Ao servo do Senhor não convém brigar mas, sim, ser amável para com todos, apto para ensinar, paciente.</verse>
		<verse number="25">Deve corrigir com mansidão os que se lhe opõem, na esperança de que Deus lhes conceda o arrependimento, levando-os ao conhecimento da verdade,</verse>
		<verse number="26">para que assim voltem à sobriedade e escapem da armadilha do diabo, que os aprisionou para fazerem a sua vontade.</verse>
	</chapter>
	<chapter number="3">
		<verse number="1">Saiba disto: nos últimos dias sobrevirão tempos terríveis.</verse>
		<verse number="2">Os homens serão egoístas, avarentos, presunçosos, arrogantes, blasfemos, desobedientes aos pais, ingratos, ímpios,</verse>
		<verse number="3">sem amor pela família, irreconciliáveis, caluniadores, sem domínio próprio, cruéis, inimigos do bem,</verse>
		<verse number="4">traidores, precipitados, soberbos, mais amantes dos prazeres do que amigos de Deus,</verse>
		<verse number="5">tendo aparência de piedade, mas negando o seu poder. Afaste-se também destes.</verse>
		<verse number="6">São estes os que se introduzem pelas casas e conquistam mulherzinhas sobrecarregadas de pecados, as quais se deixam levar por toda espécie de desejos.</verse>
		<verse number="7">Elas estão sempre aprendendo, mas não conseguem nunca de chegar ao conhecimento da verdade.</verse>
		<verse number="8">Como Janes e Jambres se opuseram a Moisés, esses também resistem à verdade. A mente deles é depravada; são reprovados na fé.</verse>
		<verse number="9">Não irão longe, porém; como no caso daqueles, a sua insensatez se tornará evidente a todos.</verse>
		<verse number="10">Mas você tem seguido de perto o meu ensino, a minha conduta, o meu propósito, a minha fé, a minha paciência, o meu amor, a minha perseverança,</verse>
		<verse number="11">as perseguições e os sofrimentos que enfrentei, coisas que me aconteceram em Antioquia, Icônio e Listra. Quanta perseguição suportei! Mas, de todas essas coisas o Senhor me livrou!</verse>
		<verse number="12">De fato, todos os que desejam viver piedosamente em Cristo Jesus serão perseguidos.</verse>
		<verse number="13">Contudo, os perversos e impostores irão de mal a pior, enganando e sendo enganados.</verse>
		<verse number="14">Quanto a você, porém, permaneça nas coisas que aprendeu e das quais tem convicção, pois você sabe de quem o aprendeu.</verse>
		<verse number="15">Porque desde criança você conhece as sagradas letras, que são capazes de torná-lo sábio para a salvação mediante a fé em Cristo Jesus.</verse>
		<verse number="16">Toda a Escritura é inspirada por Deus e útil para o ensino, para a repreensão, para a correção e para a instrução na justiça,</verse>
		<verse number="17">para que o homem de Deus seja apto e plenamente preparado para toda boa obra.</verse>
	</chapter>
	<chapter number="4">
		<verse number="1">Na presença de Deus e de Cristo Jesus, que há de julgar os vivos e os mortos por sua manifestação e por seu Reino, eu o exorto solenemente:</verse>
		<verse number="2">Pregue a palavra, esteja preparado a tempo e fora de tempo, repreenda, corrija, exorte com toda a paciência e doutrina.</verse>
		<verse number="3">Pois virá o tempo em que não suportarão a sã doutrina; pelo contrário, sentindo coceira nos ouvidos, segundo os seus próprios desejos juntarão mestres para si mesmos.</verse>
		<verse number="4">Eles se recusarão a dar ouvidos à verdade, voltando-se para os mitos.</verse>
		<verse number="5">Você, porém, seja sóbrio em tudo, suporte os sofrimentos, faça a obra de um evangelista, cumpra plenamente o seu ministério.</verse>
		<verse number="6">Eu já estou sendo derramado como uma oferta de bebida. Está próximo o tempo da minha partida.</verse>
		<verse number="7">Combati o bom combate, terminei a corrida, guardei a fé.</verse>
		<verse number="8">Agora me está reservada a coroa da justiça, que o Senhor, justo Juiz, me dará naquele dia; e não somente a mim, mas também a todos os que amam a sua vinda.</verse>
		<verse number="9">Procure vir logo ao meu encontro,</verse>
		<verse number="10">pois Demas, amando este mundo, abandonou-me e foi para Tessalônica. Crescente foi para a Galácia, e Tito, para a Dalmácia.</verse>
		<verse number="11">Só Lucas está comigo. Traga Marcos com você, porque ele me é útil para o ministério.</verse>
		<verse number="12">Enviei Tíquico a Éfeso.</verse>
		<verse number="13">Quando você vier, traga a capa que deixei na casa de Carpo, em Trôade, e os meus livros, especialmente os pergaminhos.</verse>
		<verse number="14">Alexandre, o ferreiro, causou-me muitos males. O Senhor lhe dará a retribuição pelo que fez.</verse>
		<verse number="15">Previna-se contra ele, porque se opôs fortemente às nossas palavras.</verse>
		<verse number="16">Na minha primeira defesa, ninguém apareceu para me apoiar; todos me abandonaram. Que isso não lhes cobrado.</verse>
		<verse number="17">Mas o Senhor permaneceu ao meu lado e me deu forças, para que por mim a mensagem fosse plenamente proclamada, e todos os gentios a ouvissem. E eu fui libertado da boca do leão.</verse>
		<verse number="18">O Senhor me livrará de toda obra maligna e me levará a salvo para o seu Reino celestial. A ele seja a glória para todo o sempre. Amém.</verse>
		<verse number="19">Saudações a Priscila e Áqüila, e à casa de Onesíforo.</verse>
		<verse number="20">Erasto permaneceu em Corinto, mas deixei Trófimo doente em Mileto.</verse>
		<verse number="21">Procure vir antes do inverno. Êubulo, Prudente, Lino, Cláudia e todos os irmãos enviam-lhe saudações.</verse>
		<verse number="22">O Senhor seja com o seu espírito. A graça seja com vocês.</verse>
	</chapter>
</book>