﻿<?xml version="1.0" encoding="UTF-8"?>
<book name="Neemias" abbrev="ne" chapters="13">
	<chapter number="1">
		<verse number="1">As palavras de Neemias, filho de Hacalias: No mês de quisleu, no vigésimo ano, enquanto eu estava na cidade de Susã,</verse>
		<verse number="2">Hanani, um dos meus irmãos, veio de Judá com alguns outros homens, e eu lhes perguntei acerca dos judeus que restaram, os sobreviventes do cativeiro, e também sobre Jerusalém.</verse>
		<verse number="3">E eles me responderam: &quot;Aqueles que sobreviveram ao cativeiro e estão lá na província, passam por grande sofrimento e humilhação. O muro de Jerusalém foi derrubado, e suas portas foram destruídas pelo fogo&quot;.</verse>
		<verse number="4">Quando ouvi essas coisas, sentei-me e chorei. Passei dias lamentando, jejuando e orando ao Deus dos céus.</verse>
		<verse number="5">Então eu disse: Senhor, Deus dos céus, Deus grande e temível, fiel à aliança e misericordioso com os que o amam e obedecem aos seus mandamentos,</verse>
		<verse number="6">que os teus ouvidos estejam atentos e os teus olhos estejam abertos para ouvir a oração que o teu servo está fazendo dia e noite diante de ti em favor de teus servos, o povo de Israel. Confesso os pecados que nós, os israelitas, temos cometido contra ti. Sim, eu e o meu povo temos pecado contra ti.</verse>
		<verse number="7">Agimos de forma corrupta e vergonhosa contra ti. Não temos obedecido aos mandamentos, aos decretos e às leis que deste ao teu servo Moisés.</verse>
		<verse number="8">Lembra-te agora do que disseste a Moisés, teu servo: &quot;Se vocês forem infiéis, eu os espalharei entre as nações,</verse>
		<verse number="9">mas, se voltarem para mim, e obedecerem aos meus mandamentos e os puserem em prática, mesmo que vocês estejam espalhados pelos lugares mais distantes debaixo do céu, de lá eu os reunirei e os trarei para o lugar que escolhi para estabelecer o meu nome&quot;.</verse>
		<verse number="10">Estes são os teus servos, o teu povo. Tu os resgataste com o teu grande poder e com o teu braço forte.</verse>
		<verse number="11">Senhor, que os teus ouvidos estejam atentos à oração deste teu servo e à oração dos teus servos que têm prazer em temer o teu nome. Faze que hoje este teu servo seja bem sucedido, concedendo-lhe a benevolência deste homem. Nessa época, eu era o copeiro do rei.</verse>
	</chapter>
	<chapter number="2">
		<verse number="1">No mês de nisã do vigésimo ano do rei Artaxerxes, na hora de servir-lhe o vinho, levei-o ao rei. Nunca antes eu tinha estado triste na presença dele;</verse>
		<verse number="2">Por isso o rei me perguntou: &quot;Por que o seu rosto parece tão triste, se você não está doente? Essa tristeza só, pode ser do coração! &quot; Com muito medo,</verse>
		<verse number="3">eu disse ao rei: &quot;Que o rei viva para sempre! Como não estaria triste o meu rosto, se a cidade em que estão sepultados os meus pais está em ruínas, e as suas portas foram destruídas pelo fogo? &quot;</verse>
		<verse number="4">O rei me disse: &quot;O que você gostaria de pedir? &quot; Então orei ao Deus dos céus,</verse>
		<verse number="5">e respondi ao rei: &quot;Se for do agrado do rei e se o seu servo puder contar com a benevolência do rei, que ele me deixe ir à cidade de Judá onde meus pais estão enterrados, para que eu possa reconstruí-la&quot;.</verse>
		<verse number="6">Então o rei, com a rainha sentada ao seu lado, perguntou-me: &quot;Quanto tempo levará a viagem? Quando você voltará? &quot; Marquei um prazo com o rei, e ele concordou que eu fosse.</verse>
		<verse number="7">E a seguir acrescentei: Se for do agrado do rei, que me dê cartas aos governadores do Trans-Eufrates para que me deixem passar até chegar a Judá.</verse>
		<verse number="8">Que me dê também uma carta para Asafe, guarda da floresta do rei, para que ele me forneça madeira para as vigas das portas da cidadela que fica junto ao templo, do muro da cidade e da residência que irei ocupar. Visto que a bondosa mão de Deus estava sobre mim, o rei atendeu os meus pedidos.</verse>
		<verse number="9">Com isso fui aos governadores do Trans-Eufrates e lhes entreguei as cartas do rei. O rei fez-me acompanhar uma escolta de oficiais do exército e de cavaleiros.</verse>
		<verse number="10">Sambalate, o horonita, e Tobias, o oficial amonita, ficaram muito irritados quando que alguém estava interessado no bem dos israelitas.</verse>
		<verse number="11">Cheguei a Jerusalém e, depois de três dias de permanência ali,</verse>
		<verse number="12">saí de noite com alguns dos meus amigos. Eu não havia contado a ninguém o que o meu Deus havia posto em meu coração que eu fizesse por Jerusalém. Não levava nenhum outro animal além daquele em que eu estava montado.</verse>
		<verse number="13">De noite saí pela porta do Vale na direção da fonte do Dragão e da porta do Esterco, examinando o muro de Jerusalém que havia sido derrubado, e suas portas, que haviam sido destruídas pelo fogo.</verse>
		<verse number="14">Fui até a porta da Fonte e do tanque do rei, mas ali não havia espaço para o meu animal passar;</verse>
		<verse number="15">por isso subi o vale, de noite, examinando o muro. Finalmente voltei e tornei a entrar pela porta do Vale.</verse>
		<verse number="16">Os oficiais não sabiam aonde eu tinha ido ou o que eu estava fazendo, pois até então eu não tinha dito nada aos judeus, aos sacerdotes, aos nobres, aos oficiais e aos outros que iriam realizar a obra.</verse>
		<verse number="17">Então eu lhes disse: Vocês estão vendo a situação terrível em que estamos: Jerusalém está em ruínas, e suas portas foram destruídas pelo fogo. Venham, vamos reconstruir o muro de Jerusalém, para que não fiquemos mais nesta situação humilhante.</verse>
		<verse number="18">Também lhes contei como Deus tinha sido bondoso comigo e o que o rei me tinha dito. Eles responderam: &quot;Sim, vamos começar a reconstrução&quot;. E se encorajaram para esse bom projeto.</verse>
		<verse number="19">Quando, porém, Sambalate, o horonita, Tobias, o oficial amonita, e Gesém, o árabe, souberam disso, zombaram de nós, desprezaram-nos e perguntaram: &quot;O que é isso que vocês estão fazendo? Estão se rebelando contra o rei? &quot;</verse>
		<verse number="20">Eu lhes respondi: O Deus dos céus fará que sejamos bem sucedidos. Nós, os seus servos, começaremos a reconstrução, mas, no que lhes diz respeito, vocês não têm parte nem direito legal sobre Jerusalém, e em sua história não há nada de memorável que favoreça vocês!</verse>
	</chapter>
	<chapter number="3">
		<verse number="1">O sumo sacerdote Eliasibe e os seus colegas sacerdotes começaram o seu trabalho e reconstruíram a porta das Ovelhas. Eles a consagraram e colocaram as portas no lugar. Depois construíram o muro até a torre dos Cem, que consagraram, e até a torre de Hananeel.</verse>
		<verse number="2">Os homens de Jericó construíram o trecho seguinte, e Zacur, filho de Inri, construiu logo adiante.</verse>
		<verse number="3">A porta do Peixe foi reconstruída pelos filhos de Hassenaá. Eles puseram as vigas e colocaram as portas, os ferrolhos e as trancas no lugar.</verse>
		<verse number="4">Meremote, filho de Urias, neto de Coz, fez os reparos do trecho seguinte. Ao lado dele Mesulão, filho de Berequias, neto de Mesezabel, fez os reparos, e ao lado dele Zadoque, filho de Baaná, também fez os reparos.</verse>
		<verse number="5">O trecho seguinte foi reparado pelos homens de Tecoa, mas os nobres dessa cidade não quiseram se juntar ao serviço, rejeitando a orientação de seus supervisores.</verse>
		<verse number="6">A porta Jesaná foi consertada por Joiada, filho de Paséia, e por Mesulão, filho de Besodias. Eles puseram as vigas e colocaram as portas, os ferrolhos e as trancas no lugar.</verse>
		<verse number="7">No trecho seguinte, os reparos foram feitos por homens de Gibeom e de Mispá, Melatias de Gibeom e Jadom de Meronote, locais que estavam sob a autoridade do governador da província do Trans-Eufrates.</verse>
		<verse number="8">Uziel, filho de Haraías, um dos ourives, fez os reparos do trecho seguinte; e Hananias, um dos perfumistas, fez os reparos ao seu lado. Eles resconstruíram Jerusalém até o muro Largo.</verse>
		<verse number="9">Refaías, filho de Hur, governador da metade do distrito de Jerusalém, fez os reparos do trecho seguinte.</verse>
		<verse number="10">Ao seu lado, Jedaías, filho de Harumafe, fez os reparos em frente da sua casa, e Hatus, filho de Hasabnéias, fez os reparos ao lado dele.</verse>
		<verse number="11">Malquias, filho de Harim, e Hassube, filho de Paate-Moabe, repararam outro trecho e a torre dos Fornos.</verse>
		<verse number="12">Salum, filho de Haloés, governador da outra metade do distrito de Jerusalém, fez os reparos do trecho seguinte com a ajuda de suas filhas.</verse>
		<verse number="13">A porta do Vale foi reparada por Hanum e pelos moradores de Zanoa. Eles a reconstruíram e colocaram as portas, os ferrolhos e as trancas no lugar. Também repararam quatrocentos e cinqüenta metros do muro, até a porta do Esterco.</verse>
		<verse number="14">A porta do Esterco foi reparada por Malquias, filho de Recabe, governador do distrito de Bete-Haquerém. Ele a reconstruiu e colocou as portas, os ferrolhos e as trancas no lugar.</verse>
		<verse number="15">A porta da Fonte foi reparada por Salum, filho de Col-Hozé, governador do distrito de Mispá. Ele a reconstruiu, a cobriu e colocou as portas, os ferrolhos e as trancas no lugar. Também fez os reparos do muro do tanque de Siloé, junto ao jardim do Rei, até aos degraus que descem da cidade de Davi.</verse>
		<verse number="16">Além dele, Neemias, filho de Azbuque, governador de meio distrito de Bete-Zur, fez os reparos até em frente dos túmulos de Davi, até o açude artificial e a casa dos soldados.</verse>
		<verse number="17">Depois dele os reparos foram feitos pelos levitas que estavam sob a responsabilidade de Reum, filho de Bani. Junto a ele Hasabias, governador de meio distrito de Queila, fez os reparos em seu distrito.</verse>
		<verse number="18">Depois dele os reparos foram feitos pelos seus compatriotas que estavam sob a responsabilidade de Binui, filho de Henadade, governador de meio distrito de Queila.</verse>
		<verse number="19">Ao seu lado Ézer, filho de Jesua, governador de Mispá, reconstruiu outro trecho, começando de um ponto que fica em frente da subida para a casa das armas, indo até à esquina do muro.</verse>
		<verse number="20">Depois dele Baruque, filho de Zabai, reparou com zelo outro trecho, desde a esquina do muro até à entrada da casa do sumo sacerdote Eliasibe.</verse>
		<verse number="21">Em seguida Meremote, filho de Urias, neto de Coz, reparou outro trecho, desde a entrada da casa de Eliasibe até o fim dela.</verse>
		<verse number="22">Os demais reparos foram feitos pelos sacerdotes das redondezas.</verse>
		<verse number="23">Depois, Benjamim e Hassube fizeram os reparos em frente da sua casa; e ao lado deles Azarias, filho de Maaséias, filho de Ananias, fez os reparos ao lado de sua casa.</verse>
		<verse number="24">Depois dele, Binui, filho de Henadade, reparou outro trecho, desde a casa de Azarias até à esquina do muro,</verse>
		<verse number="25">e Palal, filho de Uzai, trabalhou em frente da esquina do muro e da torre que sai do palácio superior, perto do pátio da guarda. Junto a ele, Pedaías, filho de Parós,</verse>
		<verse number="26">e os servos do templo que viviam na colina de Ofel fizeram os reparos até em frente da porta das Águas, na direção do leste e da torre que ali sobressaía.</verse>
		<verse number="27">Depois dele os homens de Tecoa repararam outro trecho, desde a grande torre até o muro de Ofel.</verse>
		<verse number="28">Acima da porta dos Cavalos, os sacerdotes fizeram os reparos, cada um em frente da sua própria casa.</verse>
		<verse number="29">Depois deles Zadoque, filho de Imer, fez os reparos em frente da sua casa. Ao seu lado Semaías, filho de Secanias, o guarda da porta Oriental, fez os reparos.</verse>
		<verse number="30">Depois, Hananias, filho de Selemias, e Hanum, filho de Zalafe, fez os reparos do outro trecho. Ao seu lado, Mesulão, filho de Berequias, fez os reparos em frente da sua moradia.</verse>
		<verse number="31">Depois dele, Malquias, um ourives, fez os reparos do muro até à casa dos servos do templo e dos comerciantes, em frente à porta da Inspeção, até o posto de vigia da esquina;</verse>
		<verse number="32">e entre a sala acima da esquina e a porta das Ovelhas os ourives e os comerciantes fizeram os reparos.</verse>
	</chapter>
	<chapter number="4">
		<verse number="1">Quando Sambalate soube que estávamos reconstruindo o muro, ficou furioso. Ridicularizou os judeus</verse>
		<verse number="2">e, na presença de seus compatriotas e dos poderosos de Samaria, disse: &quot;O que aqueles frágeis judeus estão fazendo? Será que vão restaurar o seu muro? Irão oferecer sacrifícios? Irão terminar a obra num só dia? Será que vão conseguir ressuscitar pedras de construção daqueles montes de entulho e de pedras queimadas? &quot;</verse>
		<verse number="3">Tobias, o amonita, que estava ao seu lado, completou: &quot;Pois que construam! Basta que uma raposa suba lá, para que esse muro de pedras desabe! &quot;</verse>
		<verse number="4">Ouve-nos, ó Deus, pois estamos sendo desprezados. Faze cair sobre eles a zombaria. E sejam eles levados prisioneiros como despojo para outra terra.</verse>
		<verse number="5">Não perdoes os seus pecados nem apagues as suas maldades, pois provocaram a tua ira diante dos construtores.</verse>
		<verse number="6">Nesse meio tempo fomos reconstruindo o muro, até que em toda a sua extensão chegamos à metade da sua altura, pois o povo estava totalmente dedicado ao trabalho.</verse>
		<verse number="7">Quando, porém, Sambalate, Tobias, os árabes, os amonitas e os homens de Asdode souberam que os reparos nos muros de Jerusalém tinham avançado e que as brechas estavam sendo fechadas, ficaram furiosos.</verse>
		<verse number="8">Todos juntos planejaram atacar Jerusalém e causar confusão.</verse>
		<verse number="9">Mas nós oramos ao nosso Deus e colocamos guardas de dia e de noite para proteger-nos deles.</verse>
		<verse number="10">Enquanto isso, o povo de Judá começou a dizer: &quot;Os trabalhadores já não têm mais forças e ainda há muito entulho. Por nós mesmos não conseguiremos reconstruir o muro&quot;.</verse>
		<verse number="11">E os nossos inimigos diziam: &quot;Antes que descubram qualquer coisa ou nos vejam, estaremos bem ali no meio deles; vamos matá-los e acabar com o trabalho deles&quot;.</verse>
		<verse number="12">Os judeus que moravam perto deles dez vezes nos preveniram: &quot;Para onde quer que vocês se virarem, saibam que seremos atacados de todos os lados&quot;.</verse>
		<verse number="13">Por isso posicionei alguns do povo atrás dos pontos mais baixos do muro, nos lugares abertos, divididos por famílias, armados de espadas, lanças e arcos.</verse>
		<verse number="14">Fiz uma rápida inspeção e imediatamente disse aos nobres, aos oficiais e ao restante do povo: &quot;Não tenham medo deles. Lembrem-se de que o Senhor é grande e temível, e lutem por seus irmãos, por seus filhos e por suas filhas, por suas mulheres e por suas casas&quot;.</verse>
		<verse number="15">Quando os nossos inimigos descobriram que sabíamos de tudo e que Deus tinha frustrado a sua trama, todos nós voltamos para o muro, cada um para o seu trabalho.</verse>
		<verse number="16">Daquele dia em diante, enquanto a metade dos meus homens fazia o trabalho, a outra metade permanecia armada de lanças, escudos, arcos e couraças. Os oficiais davam apoio a todo o povo de Judá</verse>
		<verse number="17">que estava construindo o muro. Aqueles que transportavam material faziam o trabalho com uma mão e com a outra seguravam uma arma,</verse>
		<verse number="18">e cada um dos construtores trazia na cintura uma espada enquanto trabalhava; e comigo ficava um homem pronto para tocar a trombeta.</verse>
		<verse number="19">Então eu disse aos nobres, aos oficiais e ao restante do povo: &quot;A obra é grande e extensa, e estamos separados, distantes uns dos outros, ao longo do muro.</verse>
		<verse number="20">Do lugar de onde ouvirem o som da trombeta, juntem-se a nós ali. Nosso Deus lutará por nós! &quot;</verse>
		<verse number="21">Dessa maneira prosseguimos o trabalho com metade dos homens empunhando espadas, desde o raiar da alvorada até o cair da tarde.</verse>
		<verse number="22">Naquela ocasião eu também disse ao povo: &quot;Cada um de vocês e o seu ajudante devem ficar à noite em Jerusalém, para que possam servir de guarda à noite e trabalhar durante o dia&quot;.</verse>
		<verse number="23">Eu, os meus irmãos, os meus homens de confiança e os guardas que estavam comigo nem tirávamos a roupa, e cada um permanecia de arma na mão.</verse>
	</chapter>
	<chapter number="5">
		<verse number="1">Ora, o povo, homens e mulheres, começou a reclamar muito de seus irmãos judeus.</verse>
		<verse number="2">Alguns diziam: &quot;Nós e nossos filhos e filhas somos numerosos; precisamos de trigo para comer e continuar vivos&quot;.</verse>
		<verse number="3">Outros diziam: &quot;Tivemos que penhorar nossas terras, nossas vinhas e nossas casas para conseguir trigo para matar a fome&quot;.</verse>
		<verse number="4">E havia ainda outros que diziam: &quot;Tivemos que tomar dinheiro emprestado para pagar o imposto cobrado sobre as nossas terras e as vinhas.</verse>
		<verse number="5">Apesar de sermos do mesmo sangue dos nossos compatriotas e dos nossos filhos serem tão bons quanto os deles, ainda assim temos que sujeitar os nossos filhos e as nossas filhas à escravidão. E, de fato, algumas de nossas filhas já foram entregues como escravas e não podemos fazer nada, pois as nossas terras e as nossas vinhas pertencem a outros&quot;.</verse>
		<verse number="6">Quando ouvi a reclamação e essas acusações, fiquei furioso.</verse>
		<verse number="7">Fiz uma avaliação de tudo e então repreendi os nobres e os oficiais, dizendo-lhes: &quot;Vocês estão cobrando juros dos seus compatriotas! &quot; Por isso convoquei uma grande reunião contra eles</verse>
		<verse number="8">e disse: &quot;Na medida do possível nós compramos de volta nossos irmãos judeus que haviam sido vendidos aos outros povos. Agora vocês estão até vendendo os seus irmãos! E assim eles terão que ser vendidos a nós de novo! &quot; Eles ficaram em silêncio, pois ficaram sem resposta.</verse>
		<verse number="9">Por isso prossegui: &quot;O que vocês estão fazendo não está certo. Vocês devem andar no temor do Senhor para evitar a zombaria dos outros povos, os nossos inimigos.</verse>
		<verse number="10">Eu, os meus irmãos e os meus homens de confiança também estamos emprestando dinheiro e trigo ao povo. Mas vamos acabar com a cobrança de juros!</verse>
		<verse number="11">Devolvam-lhes imediatamente suas terras, suas vinhas, suas oliveiras e suas casas, e também o juro que cobraram deles, a centésima parte do dinheiro, do trigo, do vinho e do azeite&quot;.</verse>
		<verse number="12">E eles responderam: &quot;Nós devolveremos tudo o que você citou, e não exigiremos mais nada deles. Vamos fazer o que você está pedindo&quot;. Então convoquei os sacerdotes e os fiz prometer sob juramento cumprirem o que haviam prometido.</verse>
		<verse number="13">Também sacudi a dobra do meu manto e disse: &quot;Deus assim sacuda de sua casa e de seus bens todo aquele que não mantiver a sua promessa. Tal homem seja sacudido e esvaziado! &quot; Diante disso, toda a assembléia disse &quot;Amém&quot; e louvou o Senhor. E o povo cumpriu o que prometeu.</verse>
		<verse number="14">Além disso, desde o vigésimo ano do rei Artaxerxes, quando fui nomeado governador deles na terra de Judá, até o trigésimo-segundo ano do reinado, durante doze anos, nem eu nem meus irmãos comemos a comida destinada ao governador.</verse>
		<verse number="15">Mas os governantes anteriores, aqueles que me precederam, puseram um peso sobre o povo e tomaram deles quatrocentos e oitenta gramas de prata, além de comida e vinho. Até os seus auxiliares oprimiam o povo. Mas, por temer a Deus, não agi dessa maneira.</verse>
		<verse number="16">Ao contrário, eu mesmo me dediquei ao trabalho neste muro. Todos os meus homens de confiança foram reunidos ali para o trabalho; e não compramos nenhum pedaço de terra.</verse>
		<verse number="17">Além do mais, cento e cinqüenta homens, entre judeus do povo e seus oficiais, comiam à minha mesa, como também pessoas das nações vizinhas que vinham visitar-nos.</verse>
		<verse number="18">Todos os dias eram preparados, à minha custa, um boi, seis das melhores ovelhas e aves, e cada dez dias eu recebia uma grande remessa de vinhos de todo tipo. Apesar de tudo isso, jamais exigi a comida destinada ao governador, pois eram demasiadas as exigências que pesavam sobre o povo.</verse>
		<verse number="19">Lembra-te de mim, ó meu Deus, levando em conta tudo o que fiz por esse povo.</verse>
	</chapter>
	<chapter number="6">
		<verse number="1">Quando Sambalate, Tobias, Gesém, o árabe, e o restante de nossos inimigos souberam que eu havia reconstruído o muro e que não havia ficado nenhuma brecha, embora até então eu ainda não tivesse colocado as portas nos seus lugares,</verse>
		<verse number="2">Sambalate e Gesém mandaram-me a seguinte mensagem: &quot;Venha, vamos nos encontrar num dos povoados da planície de Ono&quot;. Eles, contudo, estavam tramando fazer-me mal;</verse>
		<verse number="3">por isso enviei-lhes mensageiros com esta resposta: &quot;Estou executando um grande projeto e não posso descer. Por que parar a obra para ir encontrar-me com vocês? &quot;</verse>
		<verse number="4">Eles me mandaram quatro vezes a mesma mensagem, e em todas elas dei-lhes a mesma resposta.</verse>
		<verse number="5">Então, na quinta vez, Sambalate mandou-me um dos seus homens de confiança com a mesma mensagem; ele tinha na mão uma carta aberta</verse>
		<verse number="6">em que estava escrito: &quot;Dizem entre as nações, e Gesém diz que é verdade, que você e os judeus estão tramando uma revolta e que, por isso, estão reconstruindo o muro. Além do mais, conforme dizem, você está na iminência de se tornar o rei deles,</verse>
		<verse number="7">e até nomeou profetas para fazerem em Jerusalém a seguinte proclamação a seu respeito: ‘Há um rei em Judá! ’ Ora, essa informação será levada ao rei; por isso, vamos conversar&quot;.</verse>
		<verse number="8">Eu lhe mandei esta resposta: Nada disso que você diz está acontecendo; é pura invenção da sua cabeça.</verse>
		<verse number="9">Estavam todos tentando intimidar-nos, pensando: &quot;Eles serão enfraquecidos e não concluirão a obra&quot;. Eu, porém, orei: Agora, fortalece as minhas mãos!</verse>
		<verse number="10">Um dia fui à casa de Semaías, filho de Delaías, neto de Meetabel, que estava trancado portas adentro. Ele disse: &quot;Vamos encontrar-nos na casa de Deus, no templo, a portas fechadas, pois estão querendo matá-lo; eles virão esta noite&quot;.</verse>
		<verse number="11">Todavia, eu lhe respondi: Acha que um homem como eu deveria fugir? Alguém como eu deveria entrar no templo para salvar a vida? Não, eu não irei!</verse>
		<verse number="12">Percebi que Deus não o tinha enviado, e que ele tinha profetizado contra mim porque Tobias e Sambalate o tinham contratado.</verse>
		<verse number="13">Ele tinha sido pago para me intimidar, a fim de que eu cometesse um pecado agindo assim, e então eles poderiam difamar-me e desacreditar-me.</verse>
		<verse number="14">Lembra-te do que fizeram Tobias e Sambalate, meu Deus, lembra-te também da profetisa Noadia e do restante dos profetas que estão tentando me intimidar.</verse>
		<verse number="15">O muro ficou pronto no dia vinte e cinco de elul, em cinqüenta e dois dias.</verse>
		<verse number="16">Quando todos os nossos inimigos souberam disso, todas as nações vizinhas ficaram atemorizadas e abateu-se o seu orgulho, pois perceberam que essa obra havia sido executada com a ajuda de nosso Deus.</verse>
		<verse number="17">E também, naqueles dias, os nobres de Judá estavam enviando muitas cartas a Tobias, que lhes enviava suas respostas.</verse>
		<verse number="18">Porque muitos de Judá estavam comprometidos com ele por juramento, visto que era genro de Secanias, filho de Ara, e seu filho Joanã havia se casado com a filha de Mesulão, neto de Berequias.</verse>
		<verse number="19">Até ousavam elogiá-lo na minha presença e iam contar-lhe o que eu dizia. E Tobias continuou a enviar-me cartas para me intimidar.</verse>
	</chapter>
	<chapter number="7">
		<verse number="1">Depois que o muro foi reconstruído e que eu coloquei as portas no lugar, foram nomeados os porteiros, os cantores e os levitas.</verse>
		<verse number="2">Para governar Jerusalém encarreguei o meu irmão Hanani e, com ele, Hananias, comandante da cidade forte, pois Hananias era íntegro e temia a Deus mais do que a maioria dos homens.</verse>
		<verse number="3">Eu lhes disse: As portas de Jerusalém não deverão ser abertas enquanto o sol não estiver alto. E antes de deixarem o serviço, os porteiros deverão fechar e travar as portas. Também designei moradores de Jerusalém para sentinelas, alguns em postos no muro, outros em frente das suas casas.</verse>
		<verse number="4">Ora, a cidade era grande e espaçosa, mas havia poucos moradores, e as casas ainda não tinham sido reconstruídas.</verse>
		<verse number="5">Por isso o meu Deus pôs no meu coração reunir os nobres, os oficiais e todo o povo para registrá-los por famílias. Encontrei o registro genealógico dos que foram os primeiros a voltar. E assim estava registrado ali:</verse>
		<verse number="6">Estes são os homens da província que voltaram do exílio, os quais Nabucodonosor, rei da Babilônia, havia levado prisioneiros. Eles voltaram para Jerusalém e para Judá, cada um para a sua própria cidade,</verse>
		<verse number="7">em companhia de Zorobabel, Jesua, Neemias, Azarias, Raamias, Naamani, Mardoqueu, Bilsã, Misperete, Bigvai, Neum e Baaná. E esta é a lista e o número dos que retornaram, pelos chefes de família e respectivas cidades:</verse>
		<verse number="8">os descendentes de Parós 2. 172</verse>
		<verse number="9">de Sefatias 372</verse>
		<verse number="10">de Ara 652</verse>
		<verse number="11">de Paate-Moabe, por meio da linhagem de Jesua e Joabe, 2. 818</verse>
		<verse number="12">de Elão 1. 254</verse>
		<verse number="13">de Zatu 845</verse>
		<verse number="14">de Zacai 760</verse>
		<verse number="15">de Binui 648</verse>
		<verse number="16">de Bebai 628</verse>
		<verse number="17">de Azgade 2. 322</verse>
		<verse number="18">de Adonicão 667</verse>
		<verse number="19">de Bigvai 2. 067</verse>
		<verse number="20">de Adim 655</verse>
		<verse number="21">de Ater, por meio de Ezequias, 98</verse>
		<verse number="22">de Hasum 328</verse>
		<verse number="23">de Besai 324</verse>
		<verse number="24">de Harife 112</verse>
		<verse number="25">de Gibeom 95</verse>
		<verse number="26">das cidades de Belém e de Netofate 188</verse>
		<verse number="27">de Anatote 128</verse>
		<verse number="28">de Bete-Azmavete 42</verse>
		<verse number="29">de Quiriate-Jearim, Cefira e Beerote 743</verse>
		<verse number="30">de Ramá e Geba 621</verse>
		<verse number="31">de Micmás 122</verse>
		<verse number="32">de Betel e Ai 123</verse>
		<verse number="33">do outro Nebo 52</verse>
		<verse number="34">do outro Elão 1. 254</verse>
		<verse number="35">de Harim 320</verse>
		<verse number="36">de Jericó 345</verse>
		<verse number="37">de Lode, Hadide e Ono 721</verse>
		<verse number="38">de Senaá 3. 930.</verse>
		<verse number="39">Os sacerdotes: os descendentes de Jedaías, por meio da família de Jesua, 973</verse>
		<verse number="40">de Imer 1. 052</verse>
		<verse number="41">de Pasur 1. 247</verse>
		<verse number="42">de Harim 1. 017.</verse>
		<verse number="43">Os levitas: os descendentes de Jesua, por meio de Cadmiel, pela linhagem de Hodeva 74.</verse>
		<verse number="44">Os cantores: os descendentes de Asafe 148.</verse>
		<verse number="45">Os porteiros do templo: os descendentes de Salum, Ater, Talmom, Acube, Hatita e Sobai 138.</verse>
		<verse number="46">Os servidores do templo: os descendentes de Zia, Hasufa, Tabaote,</verse>
		<verse number="47">Queros, Sia, Padom,</verse>
		<verse number="48">Lebana, Hagaba, Salmai,</verse>
		<verse number="49">Hanã, Gidel, Gaar,</verse>
		<verse number="50">Reaías, Rezim, Necoda,</verse>
		<verse number="51">Gazão, Uzá, Paséia,</verse>
		<verse number="52">Besai, Meunim, Nefusim,</verse>
		<verse number="53">Baquebuque, Hacufa, Harur,</verse>
		<verse number="54">Baslite, Meída, Harsa,</verse>
		<verse number="55">Barcos, Sísera, Tamá,</verse>
		<verse number="56">Nesias e Hatifa.</verse>
		<verse number="57">Os descendentes dos servos de Salomão: os descendentes de Sotai, Soferete, Perida,</verse>
		<verse number="58">Jaala, Darcom, Gidel,</verse>
		<verse number="59">Sefatias, Hatil, Poquerete-Hazebaim e Amom.</verse>
		<verse number="60">Os servos do templo e os descendentes dos servos de Salomão 392.</verse>
		<verse number="61">Os que chegaram das cidades de Tel-Melá, Tel-Harsa, Querube, Adom e Imer, mas não puderam provar que suas famílias eram descendentes de Israel:</verse>
		<verse number="62">Os descendentes de Delaías, Tobias e Necoda 642.</verse>
		<verse number="63">E dentre os sacerdotes: os descendentes de Habaías, Coz e Barzilai, homem que se casou com uma filha de Barzilai, de Gileade, e que era chamado por aquele nome.</verse>
		<verse number="64">Esses procuraram seus registros de família, mas não conseguiram achá-los e, dessa forma, foram considerados impuros para o sacerdócio.</verse>
		<verse number="65">Por isso o governador determinou que eles não comessem das ofertas santíssimas enquanto não houvesse um sacerdote para consultar o Urim e o Tumim.</verse>
		<verse number="66">O total de todos os registrados foi 42. 360 homens,</verse>
		<verse number="67">além de seus 7. 337 servos e servas; havia entre eles 245 cantores e cantoras.</verse>
		<verse number="68">Possuíam 736 cavalos, 245 mulas,</verse>
		<verse number="69">435 camelos e 6. 720 jumentos.</verse>
		<verse number="70">Alguns dos chefes das famílias contribuíram para o trabalho. O governador deu à tesouraria oito quilos de ouro, 50 bacias e 530 vestes para os sacerdotes.</verse>
		<verse number="71">Alguns dos chefes das famílias deram à tesouraria, para a realização do trabalho, cento e sessenta quilos de ouro e uma tonelada e trezentos e vinte quilos de prata.</verse>
		<verse number="72">O total dado pelo restante do povo foi de cento e sessenta quilos de ouro, uma tonelada e duzentos quilos de prata e 67 vestes para os sacerdotes.</verse>
		<verse number="73">Os sacerdotes, os levitas, os porteiros, os cantores e os servidores do templo, e também alguns do povo e os demais israelitas, estabeleceram-se em suas próprias cidades. Quando chegou o sétimo mês e os israelitas tinham se instalado em suas cidades,</verse>
	</chapter>
	<chapter number="8">
		<verse number="1">todo o povo juntou-se como se fosse um só homem na praça, em frente da porta das Águas. Pediram ao escriba Esdras que trouxesse o Livro da Lei de Moisés, que o Senhor dera a Israel.</verse>
		<verse number="2">Assim, no dia primeiro do sétimo mês, o sacerdote Esdras trouxe a Lei diante da assembléia, que era constituída de homens e mulheres e de todos os que podiam entender.</verse>
		<verse number="3">Ele a leu em voz alta desde o raiar da manhã até o meio-dia, de frente para a praça, em frente da porta das Águas, na presença dos homens, mulheres e de outros que podiam entender. E todo o povo ouvia com atenção a leitura do Livro da Lei.</verse>
		<verse number="4">O escriba Esdras estava numa plataforma elevada, de madeira, construída para a ocasião. Ao seu lado, à direita, estavam Matitias, Sema, Anaías, Urias, Hilquias e Maaséias; e à esquerda estavam Pedaías, Misael, Malquias, Hasum, Hasbadana, Zacarias e Mesulão.</verse>
		<verse number="5">Esdras abriu o livro diante de todo o povo, e este podia vê-lo, pois ele estava num lugar mais alto. E, quando abriu o livro, o povo todo se levantou.</verse>
		<verse number="6">Esdras louvou o Senhor, o grande Deus, e todo o povo ergueu as mãos e respondeu: &quot;Amém! Amém! &quot; Então eles adoraram o Senhor, prostrados, rosto em terra.</verse>
		<verse number="7">Os levitas Jesua, Bani, Serebias, Jamim, Acube, Sabetai, Hodias, Maaséias, Quelita, Azarias, Jozabade, Hanã e Pelaías, instruíram o povo na Lei, e todos permaneciam ali.</verse>
		<verse number="8">Leram o Livro da Lei de Deus, interpretando-o e explicando-o, a fim de que o povo entendesse o que estava sendo lido.</verse>
		<verse number="9">Então Neemias, o governador, Esdras, o sacerdote e escriba, e os levitas que estavam instruindo o povo disseram a todos: &quot;Este dia é consagrado ao Senhor Deus. Nada de tristeza e de choro! &quot; Pois todo o povo estava chorando enquanto ouvia as palavras da Lei.</verse>
		<verse number="10">E Neemias acrescentou: &quot;Podem sair, e comam e bebam do melhor que tiverem, e repartam com os que nada têm preparado. Este dia é consagrado ao nosso Senhor. Não se entristeçam, porque a alegria do Senhor os fortalecerá&quot;.</verse>
		<verse number="11">Os levitas tranqüilizaram todo o povo, dizendo: &quot;Acalmem-se porque este é um dia santo. Não fiquem tristes! &quot;</verse>
		<verse number="12">Então todo o povo saiu para comer, beber, repartir com os que nada tinham preparado e para comemorar com grande alegria, pois agora compreendiam as palavras que lhes foram explicadas.</verse>
		<verse number="13">No segundo dia do mês, os chefes de todas as famílias, os sacerdotes e os levitas reuniram-se com o escriba Esdras para estudar as palavras da Lei.</verse>
		<verse number="14">Descobriram que estava escrito na Lei, que o Senhor tinha ordenado por meio de Moisés, que os israelitas deviam morar em tendas durante a festa do sétimo mês.</verse>
		<verse number="15">Por isso anunciaram em todas as suas cidades e em Jerusalém: &quot;Saiam às montanhas e tragam ramos de oliveiras cultivadas, de oliveiras silvestres, de murtas, de tamareiras e de árvores frondosas, para fazerem tendas&quot;, conforme está escrito.</verse>
		<verse number="16">Então o povo saiu e trouxe os ramos, e eles mesmos construíram tendas nos seus terraços, nos seus pátios, nos pátios do templo de Deus e na praça junto à porta das Águas e na que fica junto à porta de Efraim.</verse>
		<verse number="17">Todos os que tinham voltado do exílio construíram tendas e moraram nelas. Desde os dias de Josué, filho de Num, até aquele dia, os israelitas não tinham celebrado a festa dessa maneira. E a alegria deles foi muito grande.</verse>
		<verse number="18">Dia após dia, desde o primeiro até o último dia da festa, Esdras leu o Livro da Lei de Deus. Eles celebraram a festa durante sete dias, e no oitavo dia, conforme o ritual, houve uma reunião solene.</verse>
	</chapter>
	<chapter number="9">
		<verse number="1">No dia vinte e quatro do mês, os israelitas se reuniram, jejuaram, vestiram pano de saco e puseram terra sobre a cabeça.</verse>
		<verse number="2">Os que eram de ascendência israelita tinham se separado de todos os estrangeiros. Levantaram-se nos seus lugares, confessaram seus pecados e a maldade dos seus antepassados.</verse>
		<verse number="3">Ficaram onde estavam e leram o Livro da Lei do Senhor, do seu Deus, durante três horas, e passaram outras três horas confessando e adorando o Senhor, o seu Deus.</verse>
		<verse number="4">De pé, na plataforma, estavam os levitas Jesua, Bani, Cadmiel, Sebanias, Buni, Serebias, Bani e Quenani, que em alta voz clamavam ao Senhor, ao seu Deus.</verse>
		<verse number="5">E os levitas Jesua, Cadmiel, Bani, Hasabnéias, Serebias, Hodias, Sebanias e Petaías conclamavam o povo, dizendo: &quot;Levantem-se e louvem o Senhor, o seu Deus, que vive para todo o sempre. &quot;Bendito seja o teu nome glorioso! A tua grandeza está acima de toda expressão de louvor.</verse>
		<verse number="6">Só tu és o Senhor. Fizeste os céus, e os mais altos céus, e tudo que neles há, a terra e tudo o que nela existe, os mares e tudo o que neles existe. Tu deste vida a todos os seres, e os exércitos dos céus te adoram.</verse>
		<verse number="7">&quot;Tu és o Senhor, o Deus que escolheu Abrão, trouxe-o de Ur dos caldeus e deu-lhe o nome de Abraão.</verse>
		<verse number="8">Viste que o coração dele era fiel, e fizeste com ele uma aliança, prometendo dar aos seus descendentes a terra dos cananeus, dos hititas, dos amorreus, dos ferezeus, dos jebuseus e dos girgaseus. E cumpriste a tua promessa porque tu és justo.</verse>
		<verse number="9">&quot;Viste o sofrimento dos nossos antepassados no Egito, e ouviste o clamor deles no mar Vermelho.</verse>
		<verse number="10">Fizeste sinais e maravilhas contra o faraó e todos os seus oficiais e contra todo o povo da sua terra, pois sabias com quanta arrogância os egípcios os tratavam. Alcançaste renome, que permanece até hoje.</verse>
		<verse number="11">Dividiste o mar diante deles, para que o atravessassem a seco, mas lançaste os seus perseguidores nas profundezas, como uma pedra em águas agitadas.</verse>
		<verse number="12">Tu os conduziste de dia com uma nuvem e de noite com uma coluna de fogo, para iluminar o caminho que tinham que percorrer.</verse>
		<verse number="13">&quot;Tu desceste ao monte Sinai; dos céus lhes falaste. Deste-lhes ordenanças justas e leis verdadeiras, e decretos e mandamentos excelentes.</verse>
		<verse number="14">Fizeste que conhecessem o teu sábado santo e lhes deste ordens, decretos e leis por meio de Moisés, teu servo.</verse>
		<verse number="15">Na fome deste-lhes pão do céu, e na sede tiraste para eles água da rocha; mandaste-os entrar e tomar posse da terra que, sob juramento, tinhas prometido dar-lhes.</verse>
		<verse number="16">&quot;Mas os nossos antepassados tornaram-se arrogantes e obstinados, e não obedeceram aos teus mandamentos.</verse>
		<verse number="17">Eles se recusaram a ouvir-te e esqueceram-se dos milagres que realizaste entre eles. Tornaram-se obstinados e, na sua rebeldia, escolheram um líder a fim de voltarem à sua escravidão. Mas tu és um Deus perdoador, um Deus bondoso e misericordioso, muito paciente e cheio de amor. Por isso não os abandonaste,</verse>
		<verse number="18">mesmo quando fundiram para si um ídolo na forma de bezerro e disseram: ‘Este é o seu deus, que os tirou do Egito’, ou quando proferiram blasfêmias terríveis.</verse>
		<verse number="19">&quot;Foi por tua grande compaixão que não os abandonaste no deserto. De dia a nuvem não deixava de guiá-los em seu caminho, nem de noite a coluna de fogo deixava de brilhar sobre o caminho que deviam percorrer.</verse>
		<verse number="20">Deste o teu bom Espírito para instruí-los. Não retiveste o teu maná que os alimentava, e deste-lhes água para matar a sede.</verse>
		<verse number="21">Durante quarenta anos tu os sustentaste no deserto; nada lhes faltou, as roupas deles não se gastaram nem os seus pés ficaram inchados.</verse>
		<verse number="22">&quot;Deste-lhes reinos e nações, cuja terra repartiste entre eles. Eles conquistaram a terra de Seom, rei de Hesbom, e a terra de Ogue, rei de Basã.</verse>
		<verse number="23">Tornaste os seus filhos tão numerosos como as estrelas do céu, e os trouxeste para entrar e possuir a terra que prometeste aos seus antepassados.</verse>
		<verse number="24">Seus filhos entraram e tomaram posse da terra. Tu subjugaste diante deles os cananeus, que viviam na terra, e os entregaste nas suas mãos, com os seus reis e com os povos daquela terra, para que os tratassem como bem quisessem.</verse>
		<verse number="25">Conquistaram cidades fortificadas e terra fértil; apossaram-se de casas cheias de bens, poços já escavados, vinhas, olivais e muitas árvores frutíferas. Comeram até fartar-se e foram bem alimentados; eles desfrutaram de tua grande bondade.</verse>
		<verse number="26">&quot;Mas foram desobedientes e se rebelaram contra ti; deram as costas para a tua Lei. Mataram os teus profetas, que os tinham advertido que se voltassem para ti; e te fizeram ofensas detestáveis.</verse>
		<verse number="27">Por isso tu os entregaste nas mãos de seus inimigos, que os oprimiram. Mas, quando foram oprimidos, clamaram a ti. Dos céus tu os ouviste, e na tua grande compaixão deste-lhes libertadores, que os livraram das mãos de seus inimigos.</verse>
		<verse number="28">&quot;Mas, tão logo voltavam a ter paz, de novo faziam o que tu reprovas. Então os abandonavas às mãos de seus inimigos para que dominassem sobre eles. E, quando novamente clamavam a ti, dos céus tu os ouvias e na tua compaixão os livravas vez após vez.</verse>
		<verse number="29">&quot;Tu os advertiste que voltassem à tua Lei, mas eles se tornaram arrogantes e desobedeceram aos teus mandamentos. Pecaram contra as tuas ordenanças, pelas quais o homem vive se lhes obedece. Com teimosia te deram as costas, tornaram-se obstinados e recusaram-se a ouvir-te.</verse>
		<verse number="30">E durante muitos anos foste paciente com eles. Mediante o teu Espírito os advertiste por meio de teus profetas. Contudo, não te deram atenção, de modo que os entregaste nas mãos dos povos vizinhos.</verse>
		<verse number="31">Graças, porém, à tua grande misericórdia, não os destruíste nem os abandonaste, pois és Deus bondoso e misericordioso.</verse>
		<verse number="32">&quot;Agora, portanto, nosso Deus, ó Deus grande, poderoso e temível, fiel à tua aliança e misericordioso, não fiques indiferente a toda a aflição que veio sobre nós, sobre os nossos reis e os nossos líderes, sobre os nossos sacerdotes e profetas, sobre os nossos antepassados e sobre todo o teu povo, desde os dias dos reis da Assíria até hoje.</verse>
		<verse number="33">Em tudo o que nos aconteceu foste justo; agiste com lealdade mesmo quando fomos infiéis.</verse>
		<verse number="34">Nossos reis, nossos líderes, nossos sacerdotes e nossos antepassados não seguiram a tua Lei; não deram atenção aos teus mandamentos nem às advertências que lhes fizeste.</verse>
		<verse number="35">Mesmo quando estavam no reino deles, desfrutando da tua grande bondade na terra espaçosa e fértil que lhes deste, eles não te serviram nem abandonaram os seus maus caminhos.</verse>
		<verse number="36">&quot;Vê, porém, que hoje somos escravos, escravos na terra que deste aos nossos antepassados para que usufruíssem dos seus frutos e das outras boas coisas que ela produz.</verse>
		<verse number="37">Por causa de nossos pecados, a sua grande produção pertence aos reis que puseste sobre nós. Eles dominam sobre nós e sobre os nossos rebanhos como bem lhes parece. É grande a nossa angústia!</verse>
		<verse number="38">&quot;Em vista disso tudo, estamos fazendo um acordo, por escrito, e assinado por nossos líderes, nossos levitas e nossos sacerdotes&quot;.</verse>
	</chapter>
	<chapter number="10">
		<verse number="1">Esta é a relação dos que o assinaram: Neemias, o governador, filho de Hacalias, e Zedequias,</verse>
		<verse number="2">Seraías, Azarias, Jeremias,</verse>
		<verse number="3">Pasur, Amarias, Malquias,</verse>
		<verse number="4">Hatus, Sebanias, Maluque,</verse>
		<verse number="5">Harim, Meremote, Obadias,</verse>
		<verse number="6">Daniel, Ginetom, Baruque,</verse>
		<verse number="7">Mesulão, Abias, Miamim,</verse>
		<verse number="8">Maazias, Bilgai e Semaías. Esses eram sacerdotes.</verse>
		<verse number="9">Dos levitas: Jesua, filho de Azanias, Binui, dos filhos de Henadade, Cadmiel</verse>
		<verse number="10">e seus colegas: Sebanias, Hodias, Quelita, Pelaías, Hanã,</verse>
		<verse number="11">Mica, Reobe, Hasabias,</verse>
		<verse number="12">Zacur, Serebias, Sebanias,</verse>
		<verse number="13">Hodias, Bani e Beninu.</verse>
		<verse number="14">Dos líderes do povo: Parós, Paate-Moabe, Elão, Zatu, Bani,</verse>
		<verse number="15">Buni, Azgade, Bebai,</verse>
		<verse number="16">Adonias, Bigvai, Adim,</verse>
		<verse number="17">Ater, Ezequias, Azur,</verse>
		<verse number="18">Hodias, Hasum, Besai,</verse>
		<verse number="19">Harife, Anatote, Nebai,</verse>
		<verse number="20">Magpias, Mesulão, Hezir,</verse>
		<verse number="21">Mesezabeel, Zadoque, Jadua,</verse>
		<verse number="22">Pelatias, Hanã, Anaías,</verse>
		<verse number="23">Oséias, Hananias, Hassube,</verse>
		<verse number="24">Haloés, Pílea, Sobeque,</verse>
		<verse number="25">Reum, Hasabna, Maaséias,</verse>
		<verse number="26">Aías, Hanã, Anã,</verse>
		<verse number="27">Maluque, Harim e Baaná.</verse>
		<verse number="28">&quot;O restante do povo: sacerdotes, levitas, porteiros, cantores, servidores do templo e todos os que se separaram dos povos vizinhos por amor à Lei de Deus, juntamente com suas mulheres e com todos os seus filhos e filhas que eram capazes de entender,</verse>
		<verse number="29">agora se unem aos seus irmãos, os nobres, e se obrigam sob maldição e sob juramento a seguir a Lei de Deus dada por meio do servo de Deus Moisés e a obedecer fielmente a todos os mandamentos, ordenanças e decretos do Senhor, o nosso Senhor.</verse>
		<verse number="30">&quot;Prometemos não dar nossas filhas em casamento aos povos vizinhos nem aceitar que as filhas deles se casem com os nossos filhos.</verse>
		<verse number="31">&quot;Quando os povos vizinhos trouxerem mercadorias ou cereal para venderem em dia de sábado ou de festa, não compraremos deles nesses dias. Cada sete anos abriremos mão de trabalhar a terra e cancelaremos todas as dívidas.</verse>
		<verse number="32">&quot;Assumimos a responsabilidade de, conforme o mandamento, dar anualmente quatro gramas para o serviço do templo de nosso Deus:</verse>
		<verse number="33">para os pães consagrados, para as ofertas regulares de cereal e para os holocaustos, para as ofertas dos sábados, das festas de lua nova e para as festas fixas, para as ofertas sagradas, para as ofertas pelo pecado para fazer propiciação por Israel, e para as necessidades do templo de nosso Deus.</verse>
		<verse number="34">&quot;Também tiramos sorte entre as famílias dos sacerdotes, dos levitas e do povo, para escalar anualmente a que deverá trazer lenha ao templo de nosso Deus, no tempo determinado, para queimar sobre o altar do Senhor, o nosso Deus, conforme está escrito na Lei.</verse>
		<verse number="35">&quot;Também assumimos a responsabilidade de trazer anualmente ao templo do Senhor os primeiros frutos de nossas colheitas e de toda árvore frutífera.</verse>
		<verse number="36">&quot;Conforme também está escrito na Lei, traremos o primeiro de nossos filhos e a primeira cria de nossos rebanhos, tanto de ovelhas como de bois, para o templo de nosso Deus, para os sacerdotes que ali estiverem ministrando.</verse>
		<verse number="37">&quot;Além do mais, traremos para os depósitos do templo de nosso Deus, para os sacerdotes, a nossa primeira massa de cereal moído, e as nossas primeiras ofertas de cereal, do fruto de todas as nossas árvores e de nosso vinho e azeite. E traremos o dízimo das nossas colheitas para os levitas, pois são eles que recolhem os dízimos em todas as cidades onde trabalhamos.</verse>
		<verse number="38">Um sacerdote descendente de Arão deverá acompanhar os levitas quando receberem os dízimos, e os levitas terão que trazer um décimo dos dízimos ao templo de nosso Deus, aos depósitos do templo.</verse>
		<verse number="39">O povo de Israel, inclusive os levitas, deverão trazer ofertas de cereal, de vinho novo e de azeite aos depósitos onde se guardam os utensílios para o santuário. É ali que os sacerdotes ministram e que os porteiros e os cantores ficam. &quot;Não negligenciaremos o templo de nosso Deus&quot;.</verse>
	</chapter>
	<chapter number="11">
		<verse number="1">Os líderes do povo passaram a morar em Jerusalém, e o restante do povo fez um sorteio para que, de cada dez pessoas, uma viesse morar em Jerusalém, a santa cidade; as outras nove deveriam ficar em suas próprias cidades.</verse>
		<verse number="2">O povo abençoou todos os homens que se apresentaram voluntariamente para morar em Jerusalém.</verse>
		<verse number="3">Alguns israelitas, sacerdotes, levitas, servos do templo e descendentes dos servos de Salomão viviam nas cidades de Judá, cada um em sua propriedade. Estes são os líderes da província que passaram a morar em Jerusalém;</verse>
		<verse number="4">além deles veio gente tanto de Judá quanto de Benjamim viver em Jerusalém. Dentre os descendentes de Judá: Ataías, filho de Uzias, neto de Zacarias, bisneto de Amarias; Amarias era filho de Sefatias e neto de Maalaleel, descendente de Perez.</verse>
		<verse number="5">Maaséias, filho de Baruque, neto de Col-Hozé, bisneto de Hazaías; Hazaías era filho de Adaías, neto de Joiaribe e bisneto de Zacarias, descendente de Selá.</verse>
		<verse number="6">Os descendentes de Perez que viviam em Jerusalém totalizavam 468 homens de destaque.</verse>
		<verse number="7">Dentre os descendentes de Benjamim: Salu, filho de Mesulão, neto de Joede, bisneto de Pedaías; Pedaías era filho de Colaías, neto de Maaséias, bisneto de Itiel, tataraneto de Jesaías;</verse>
		<verse number="8">os seguidores de Salu, Gabai e Salai totalizavam 928 homens.</verse>
		<verse number="9">Joel, filho de Zicri, era o oficial superior entre eles, e Judá, filho de Senua, era responsável pelo segundo distrito da cidade.</verse>
		<verse number="10">Dentre os sacerdotes: Jedaías; o filho de Joiaribe; Jaquim;</verse>
		<verse number="11">Seraías, filho de Hilquias, neto de Mesulão, bisneto de Zadoque; Zadoque era filho de Meraiote, neto de Aitube, supervisor na casa de Deus,</verse>
		<verse number="12">e seus colegas, que faziam o trabalho do templo totalizavam 822 homens. Adaías, filho de Jeroão, neto de Pelaías, bisneto de Anzi; Anzi que era filho de Zacarias, neto de Pasur, bisneto de Malquias,</verse>
		<verse number="13">e seus colegas, que eram chefes de famílias, totalizavam 242 homens. Amassai, filho de Azareel, neto de Azai, bisneto de Mesilemote, tataraneto de Imer,</verse>
		<verse number="14">e os seus colegas, que eram homens de destaque, totalizavam 128. O oficial superior deles era Zabdiel, filho de Gedolim.</verse>
		<verse number="15">Dentre os levitas: Semaías, filho de Hassube, neto de Azricão, bisneto de Hasabias, tataraneto de Buni;</verse>
		<verse number="16">Sabetai e Jozabade, dois dos líderes dos levitas, encarregados do trabalho externo do templo de Deus;</verse>
		<verse number="17">Matanias, filho de Mica, neto de Zabdi, bisneto de Asafe, o dirigente que conduzia as ações de graça e as orações; Bacbuquias, o segundo entre os seus colegas; e Abda, filho de Samua, neto de Galal, bisneto de Jedutum.</verse>
		<verse number="18">Os levitas totalizavam 284 na cidade santa.</verse>
		<verse number="19">Os porteiros: Acube, Talmom e os homens dos seus clãs; eram 172 homens que guardavam as portas.</verse>
		<verse number="20">Os demais israelitas, incluindo os sacerdotes e os levitas, estavam em todas as cidades de Judá, cada um na propriedade de sua herança.</verse>
		<verse number="21">Os que prestavam serviço no templo moravam na colina de Ofel, e Zia e Gispa estavam encarregados deles.</verse>
		<verse number="22">O oficial superior dos levitas em Jerusalém era Uzi, filho de Bani, neto de Hasabias, bisneto de Matanias, tataraneto de Mica. Uzi era um dos descendentes de Asafe, que eram responsáveis pela música do templo de Deus.</verse>
		<verse number="23">Eles estavam sujeitos às prescrições do rei, que regulamentavam suas atividades diárias.</verse>
		<verse number="24">Petaías, filho de Mesezabeel, descendente de Zerá, filho de Judá, representavam o rei nas questões de ordem civil.</verse>
		<verse number="25">Alguns do povo de Judá foram morar em Quiriate-Arba e em seus povoados ao redor, em Dibom e seus povoados, em Jecabzeel e seus povoados,</verse>
		<verse number="26">em Jesua, em Moladá, em Bete-Pelete,</verse>
		<verse number="27">em Hazar-Sual, em Berseba e seus povoados,</verse>
		<verse number="28">em Ziclague, em Meconá e seus povoados,</verse>
		<verse number="29">em En-Rimom, em Zorá, em Jarmute,</verse>
		<verse number="30">em Zanoa, em Adulão e em seus povoados, em Láquis e seus arredores, e em Azeca e seus povoados. Eles se estabeleceram desde Berseba até o vale de Hinom.</verse>
		<verse number="31">Os descendentes dos benjamitas foram viver em Geba, Micmás, Aia, Betel e seus povoados,</verse>
		<verse number="32">em Anatote, Nobe e Ananias,</verse>
		<verse number="33">Hazor, Ramá e Gitaim,</verse>
		<verse number="34">Hadide, Zeboim e Nebalate,</verse>
		<verse number="35">Lode e Ono, e no vale dos Artesãos.</verse>
		<verse number="36">Alguns grupos dos levitas de Judá se estabeleceram em Benjamim.</verse>
	</chapter>
	<chapter number="12">
		<verse number="1">Estes foram os sacerdotes e os levitas que voltaram com Zorobabel, filho de Sealtiel, e com Jesua: Seraías, Jeremias, Esdras,</verse>
		<verse number="2">Amarias, Maluque, Hatus,</verse>
		<verse number="3">Secanias, Reum, Meremote,</verse>
		<verse number="4">Ido, Ginetom, Abias,</verse>
		<verse number="5">Miamim, Maadias, Bilga,</verse>
		<verse number="6">Semaías, Joiaribe, Jedaías,</verse>
		<verse number="7">Salu, Amoque, Hilquias e Jedaías. Esses foram os chefes dos sacerdotes e seus colegas nos dias de Jesua.</verse>
		<verse number="8">Os levitas foram Jesua, Binui, Cadmiel, Serebias, Judá, e também Matanias, que, junto com seus colegas, estava encarregado dos cânticos de ações de graças.</verse>
		<verse number="9">Bacbuquias e Uni, colegas deles, ficavam em frente deles para responder-lhes.</verse>
		<verse number="10">Jesua foi o pai de Joiaquim, Joiaquim foi o pai de Eliasibe, Eliasibe foi o pai de Joiada,</verse>
		<verse number="11">Joiada foi o pai de Jônatas, Jônatas foi o pai de Jadua.</verse>
		<verse number="12">Nos dias de Joiaquim estes foram os líderes das famílias dos sacerdotes: da família de Seraías, Meraías; da família de Jeremias, Hananias;</verse>
		<verse number="13">da família de Esdras, Mesulão; da família de Amarias, Joanã;</verse>
		<verse number="14">da família de Maluqui, Jônatas; da família de Secanias, José;</verse>
		<verse number="15">da família de Harim, Adna; da família de Meremote, Helcai;</verse>
		<verse number="16">da família de Ido, Zacarias; da família de Ginetom, Mesulão;</verse>
		<verse number="17">da família de Abias, Zicri; da família de Miniamim e de Maadias, Piltai;</verse>
		<verse number="18">da família de Bilga, Samua; da família de Semaías, Jônatas;</verse>
		<verse number="19">da família de Joiaribe, Matenai; da família de Jedaías, Uzi;</verse>
		<verse number="20">da família de Salai, Calai; da família de Amoque, Héber;</verse>
		<verse number="21">da família de Hilquias, Hasabias; da família de Jedaías, Natanael.</verse>
		<verse number="22">Os chefes das famílias dos levitas e dos sacerdotes, nos dias de Eliasibe, Joiada, Joanã e Jadua, foram registrados no reinado de Dario, o persa.</verse>
		<verse number="23">Os chefes das famílias dos descendentes de Levi até à época de Joanã, filho de Eliasibe, foram registrados no livro das crônicas.</verse>
		<verse number="24">Os líderes dos levitas foram Hasabias, Serebias, Jesua, filho de Cadmiel, e seus colegas, que ficavam em frente deles quando entoavam louvores e ações de graças; um grupo respondia ao outro, conforme prescrito por Davi, homem de Deus.</verse>
		<verse number="25">Matanias, Bacbuquias, Obadias, Mesulão, Talmom e Acube eram porteiros; vigiavam os depósitos junto às portas.</verse>
		<verse number="26">Eles serviram nos dias de Joiaquim, filho de Jesua, neto de Jozadaque, e nos dias do governador Neemias e de Esdras, sacerdote e escriba.</verse>
		<verse number="27">Por ocasião da dedicação dos muros de Jerusalém, os levitas foram procurados e trazidos de onde moravam para Jerusalém para celebrarem a dedicação alegremente, com cânticos e ações de graças, ao som de címbalos, harpas e liras.</verse>
		<verse number="28">Os cantores foram trazidos dos arredores de Jerusalém, dos povoados dos netofatitas,</verse>
		<verse number="29">de Bete-Gilgal, e da região de Geba e Azmavete, pois os cantores haviam construído povoados para si ao redor de Jerusalém.</verse>
		<verse number="30">Os sacerdotes e os levitas se purificaram cerimonialmente, e depois purificaram também o povo, as portas e os muros.</verse>
		<verse number="31">Ordenei aos líderes de Judá que subissem ao alto do muro. Também designei dois grandes coros para darem graças. Um deles avançou em cima do muro, para a direita, até à porta do Esterco.</verse>
		<verse number="32">Hosaías e metade dos líderes de Judá os seguiram,</verse>
		<verse number="33">e mais Azarias, Esdras, Mesulão,</verse>
		<verse number="34">Judá, Benjamim, Semaías, Jeremias,</verse>
		<verse number="35">bem como alguns sacerdotes com trombetas, além de Zacarias, filho de Jônatas, neto de Semaías, bisneto de Matanias, que era filho de Micaías, neto de Zacur, bisneto de Asafe,</verse>
		<verse number="36">e seus colegas, Semaías, Azareel, Milalai, Gilalai, Maai, Natanael, Judá e Hanani, que tocavam os instrumentos musicais prescritos por Davi, homem de Deus. Esdras, o escriba, ia na frente deles.</verse>
		<verse number="37">À porta da Fonte eles subiram diretamente os degraus da cidade de Davi, na subida para o muro, e passaram sobre a casa de Davi até à porta das Águas, a leste.</verse>
		<verse number="38">O segundo coro avançou no sentido oposto. Eu os acompanhei, quando iam sobre o muro, levando comigo a metade do povo; passamos pela torre dos Fornos até à porta Larga,</verse>
		<verse number="39">sobre a porta de Efraim, a porta Jesaná, a porta do Peixe, a torre de Hananeel e a torre dos Cem, indo até à porta das Ovelhas. Junto à porta da Guarda eles pararam.</verse>
		<verse number="40">Então, os dois coros encarregados das ações de graças, assumiram os seus lugares no templo de Deus, o que também fiz eu acompanhado da metade dos oficiais,</verse>
		<verse number="41">e também dos sacerdotes Eliaquim, Maaséias, Miniamim, Micaías, Elioenai, Zacarias e Hananias, com suas trombetas</verse>
		<verse number="42">e também de Maaséias, Semaías, Eleazar, Uzi, Joanã, Malquias, Elão e Ézer. Os coros cantaram sob a direção de Jezraías.</verse>
		<verse number="43">E naquele dia contentes ofereceram grandes sacrifícios, pois Deus lhes enchera de grande alegria. As mulheres e as crianças também se alegravam, e os sons da alegria de Jerusalém podiam ser ouvidos de longe.</verse>
		<verse number="44">Naquela ocasião foram designados alguns encarregados dos depósitos onde se recebiam as contribuições gerais, os primeiros frutos e os dízimos. Das lavouras que havia em torno das cidades eles deviam trazer para os depósitos as porções exigidas pela Lei para os sacerdotes e os levitas. E, de fato, o povo de Judá estava satisfeito com os sacerdotes e os levitas que ministravam no templo.</verse>
		<verse number="45">Eles celebravam o culto ao seu Deus e o ritual de purificação, dos quais também participavam os cantores e os porteiros, de acordo com as ordens de Davi e do seu filho Salomão.</verse>
		<verse number="46">Pois muito tempo antes, nos dias de Davi e de Asafe, havia dirigentes dos cantores e que dirigiam os cânticos de louvor e de graças a Deus.</verse>
		<verse number="47">Sucedeu, pois, que nos dias de Zorobabel e de Neemias, todo o Israel contribuía com ofertas diárias para os cantores e para os porteiros, além de separar a parte dos outros levitas, e os levitas separavam a porção dos descendentes de Arão.</verse>
	</chapter>
	<chapter number="13">
		<verse number="1">Naquele dia o livro de Moisés foi lido em voz alta diante do povo, e ali achou-se escrito que nenhum amonita ou moabita jamais poderia ser admitido no povo de Deus,</verse>
		<verse number="2">pois eles, em vez de dar água e comida aos israelitas, tinham contratado Balaão para invocar uma maldição sobre eles. O nosso Deus, porém, transformou a maldição em bênção.</verse>
		<verse number="3">Quando o povo ouviu essa Lei, excluiu de Israel todos que eram de ascendência estrangeira.</verse>
		<verse number="4">Antes disso o sacerdote Eliasibe tinha sido encarregado dos depósitos do templo de nosso Deus. Ele era parente próximo de Tobias,</verse>
		<verse number="5">e lhe havia cedido uma grande sala, anteriormente utilizada para guardar as ofertas de cereal, o incenso, os utensílios do templo, e também os dízimos do trigo, do vinho novo e do azeite prescritos para os levitas, para os cantores e para os porteiros, e as ofertas para os sacerdotes.</verse>
		<verse number="6">Mas, enquanto tudo isso estava acontecendo, eu não estava em Jerusalém, pois no trigésimo segundo ano do reinado de Artaxerxes, rei da Babilônia, voltei ao rei. Algum tempo depois pedi sua permissão</verse>
		<verse number="7">e voltei para Jerusalém. Aqui soube do mal que Eliasibe fizera ao ceder uma sala para Tobias nos pátios do templo de Deus.</verse>
		<verse number="8">Fiquei muito aborrecido e joguei todos os móveis de Tobias fora da sala.</verse>
		<verse number="9">Mandei purificar as salas, e coloquei de volta nelas os utensílios do templo de Deus, com as ofertas de cereal e o incenso.</verse>
		<verse number="10">Também fiquei sabendo que os levitas não tinham recebido a parte que lhes era devida, e que todos os levitas e cantores responsáveis pelo culto haviam voltado para suas próprias terras.</verse>
		<verse number="11">Por isso repreendi os oficiais e lhes perguntei: &quot;Por que essa negligência com o templo de Deus? &quot; Então eu convoquei os levitas e cantores e os coloquei em seus postos.</verse>
		<verse number="12">E todo o povo de Judá trouxe os dízimos do trigo, do vinho novo e do azeite aos depósitos.</verse>
		<verse number="13">Coloquei o sacerdote Selemias, o escriba Zadoque e um levita chamado Pedaías como encarregados dos depósitos e fiz de Hanã, filho de Zacur, neto de Matanias, assistente deles, porque esses homens eram de confiança, e ficaram responsáveis pela distribuição de suprimentos aos seus colegas.</verse>
		<verse number="14">Lembra-te de mim por isso, meu Deus, e não te esqueças do que fiz com tanta fidelidade pelo templo de meu Deus e pelo seu culto.</verse>
		<verse number="15">Naqueles dias vi que em Judá alguns pisavam uvas nos tanques de prensá-las no sábado e ajuntavam trigo e o carregavam em jumentos, junto com vinho, uvas, figos e todo tipo de carga. Tudo isso era trazido para Jerusalém em pleno sábado. Então os adverti que não vendessem alimento nesse dia.</verse>
		<verse number="16">Havia alguns da cidade de Tiro que moravam em Jerusalém e traziam peixes e toda espécie de mercadoria e as vendiam em Jerusalém, no sábado, para o povo de Judá.</verse>
		<verse number="17">Diante disso, repreendi os nobres de Judá e disse-lhes: &quot;Que mal é esse que vocês estão fazendo, profanando o dia de sábado?</verse>
		<verse number="18">Por acaso os seus antepassados não fizeram o mesmo, levando o nosso Deus a trazer toda essa desgraça sobre nós e sobre esta cidade? Pois agora, profanando o sábado, vocês provocam mais ira contra Israel! &quot;</verse>
		<verse number="19">Quando as sombras da tarde cobriram as portas de Jerusalém na véspera do sábado, ordenei que fossem fechadas e só fossem abertas depois que o sábado tivesse terminado. Coloquei alguns de meus homens de confiança junto às portas, para que nenhum carregamento pudesse ser introduzido no dia de sábado.</verse>
		<verse number="20">Uma ou duas vezes os comerciantes e vendedores de todo tipo de mercadoria passaram a noite do lado de fora de Jerusalém.</verse>
		<verse number="21">Mas eu os adverti, dizendo: Por que vocês passam a noite junto ao muro? Se fizerem isso de novo, mandarei prendê-los. Depois disso não vieram mais no sábado.</verse>
		<verse number="22">Então ordenei aos levitas que se purificassem e fossem vigiar as portas a fim de que o dia de sábado fosse respeitado como sagrado. Lembra-te de mim também por isso, ó meu Deus, e tenha misericórdia de mim conforme o teu grande amor.</verse>
		<verse number="23">Além disso, naqueles dias vi alguns judeus que se haviam casado com mulheres de Asdode, de Amom e de Moabe.</verse>
		<verse number="24">A metade dos seus filhos falavam a língua de Asdode ou a língua de um dos outros povos, e não sabiam falar a língua de Judá.</verse>
		<verse number="25">Eu os repreendi e invoquei maldições sobre eles. Bati em alguns deles e arranquei os seus cabelos. Fiz com que jurassem em nome de Deus e disse-lhes: &quot;Não consintam mais em dar suas filhas em casamento aos filhos deles, nem haja casamento das filhas deles com seus filhos ou com vocês.</verse>
		<verse number="26">Não foi por causa de casamentos como esses que Salomão, rei de Israel, pecou? Entre as muitas nações não havia rei algum como ele. Ele era amado de seu Deus, e Deus o fez rei sobre todo o Israel, mas até mesmo ele foi induzido ao pecado por mulheres estrangeiras.</verse>
		<verse number="27">Como podemos tolerar o que ouvimos? Como podem vocês cometer essa terrível maldade e serem infiéis ao nosso Deus, casando-se com mulheres estrangeiras? &quot;</verse>
		<verse number="28">Um dos filhos de Joiada, filho do sumo sacerdote Eliasibe, era genro de Sambalate, o horonita. E eu o expulsei para longe de mim.</verse>
		<verse number="29">Não te esqueças deles, ó meu Deus, pois profanaram o ofício sacerdotal e a aliança do sacerdócio e dos levitas.</verse>
		<verse number="30">Dessa forma purifiquei os sacerdotes e os levitas de tudo o que era estrangeiro, e designei-lhes responsabilidades, cada um em seu próprio cargo.</verse>
		<verse number="31">Também estabeleci regras para as provisões de lenha, determinando as datas certas para serem trazidas, e para os primeiros frutos. Em tua bondade, lembra-te de mim, ó meu Deus.</verse>
	</chapter>
</book>