﻿<?xml version="1.0" encoding="UTF-8"?>
<book name="Eclesiastes" abbrev="ec" chapters="12">
	<chapter number="1">
		<verse number="1">As palavras do Mestre, filho de Davi, rei em Jerusalém:</verse>
		<verse number="2">&quot;Que grande inutilidade! &quot;, diz o Mestre. &quot;Que grande inutilidade! Nada faz sentido! &quot;</verse>
		<verse number="3">O que o homem ganha com todo o seu trabalho em que tanto se esforça debaixo do sol?</verse>
		<verse number="4">Gerações vêm e gerações vão, mas a terra permanece para sempre.</verse>
		<verse number="5">O sol se levanta e o sol se põe, e depressa volta ao lugar de onde se levanta.</verse>
		<verse number="6">O vento sopra para o sul e vira para o norte; dá voltas e mais voltas, seguindo sempre o seu curso.</verse>
		<verse number="7">Todos os rios vão para o mar, contudo o mar nunca se enche; ainda que sempre corram para lá, para lá voltam a correr.</verse>
		<verse number="8">Todas as coisas trazem canseira. O homem não é capaz de descrevê-las; os olhos nunca se saciam de ver, nem os ouvidos de ouvir.</verse>
		<verse number="9">O que foi tornará a ser, o que foi feito se fará novamente; não há nada novo debaixo do sol.</verse>
		<verse number="10">Haverá algo de que se possa dizer: &quot;Veja! Isto é novo! &quot;? Não! Já existiu há muito tempo; bem antes da nossa época.</verse>
		<verse number="11">Ninguém se lembra dos que viveram na antigüidade, e aqueles que ainda virão tampouco serão lembrados pelos que vierem depois deles.</verse>
		<verse number="12">Eu, o mestre, fui rei de Israel em Jerusalém.</verse>
		<verse number="13">Dediquei-me a investigar e a usar a sabedoria para explorar tudo que é feito debaixo do céu. Que fardo pesado Deus pôs sobre os homens!</verse>
		<verse number="14">Tenho visto tudo o que é feito debaixo do sol; tudo é inútil, é correr atrás do vento!</verse>
		<verse number="15">O que é torto não pode ser endireitado; o que está faltando não pode ser contado.</verse>
		<verse number="16">Pensei comigo mesmo: Eu me tornei famoso e ultrapassei em sabedoria todos os que governaram Jerusalém antes de mim; de fato adquiri muita sabedoria e conhecimento.</verse>
		<verse number="17">Assim eu me esforcei para compreender a sabedoria, bem como a loucura e a insensatez, mas aprendi que isso também é correr atrás do vento.</verse>
		<verse number="18">Pois quanto maior a sabedoria maior o sofrimento; e quanto maior o conhecimento, maior o desgosto.</verse>
	</chapter>
	<chapter number="2">
		<verse number="1">Pensei comigo mesmo: Vamos. Vou experimentar a alegria. Descubra as coisas boas da vida! Mas isso também se revelou inútil.</verse>
		<verse number="2">Concluí que o rir é loucura, e a alegria de nada vale.</verse>
		<verse number="3">Decidi-me entregar ao vinho e à extravagância; mantendo, porém, a mente orientada pela sabedoria. Eu queria saber o que valesse a pena, debaixo do céu, nos poucos dias da vida humana.</verse>
		<verse number="4">Lancei-me a grandes projetos: construí casas e plantei vinhas para mim.</verse>
		<verse number="5">Fiz jardins e pomares, e neles plantei todo tipo de árvore frutífera.</verse>
		<verse number="6">Construí também reservatórios para regar os meus bosques verdejantes.</verse>
		<verse number="7">Comprei escravos e escravas e tive escravos que nasceram em minha casa. Além disso tive também mais bois e ovelhas do que todos os que viveram antes de mim em Jerusalém.</verse>
		<verse number="8">Ajuntei para mim prata e ouro, tesouros de reis e de províncias. Servi-me de cantores e cantoras, e também de um harém, as delícias do homem.</verse>
		<verse number="9">Tornei-me mais famoso e poderoso do que todos os que viveram em Jerusalém antes de mim, conservando comigo a minha sabedoria.</verse>
		<verse number="10">Não me neguei nada que os meus olhos desejaram; não me recusei a dar prazer algum ao meu coração. Na verdade, eu me alegrei em todo o meu trabalho; essa foi a recompensa de todo o meu esforço.</verse>
		<verse number="11">Contudo, quando avaliei tudo o que as minhas mãos haviam feito e o trabalho que eu tanto me esforçara para realizar, percebi que tudo foi inútil, foi correr atrás do vento; não há qualquer proveito no que se faz debaixo do sol.</verse>
		<verse number="12">Então passei a refletir na sabedoria, na loucura e na insensatez. O que pode fazer o sucessor do rei a não ser repetir o que já foi feito?</verse>
		<verse number="13">Percebi que a sabedoria é melhor que a insensatez, assim como a luz é melhor do que as trevas.</verse>
		<verse number="14">O homem sábio tem olhos que enxergam, mas o tolo anda nas trevas; todavia, percebi que ambos têm o mesmo destino.</verse>
		<verse number="15">Então pensei comigo mesmo: O que acontece ao tolo também me acontecerá. Que proveito eu tive em ser sábio? Então eu disse no meu íntimo: Isso não faz o menor sentido!</verse>
		<verse number="16">Nem o sábio, nem o tolo, serão lembrados para sempre; nos dias futuros ambos serão esquecidos. Como pode o sábio morrer como morre o tolo?</verse>
		<verse number="17">Por isso desprezei a vida, pois o trabalho que se faz debaixo do sol pareceu-me muito pesado. Tudo era inútil, era correr atrás do vento.</verse>
		<verse number="18">Desprezei todas as coisas pelas quais eu tanto me esforçara debaixo do sol, pois terei que deixá-las para aquele que me suceder.</verse>
		<verse number="19">E quem pode dizer se ele será sábio ou tolo? Contudo, terá domínio sobre tudo o que realizei com o meu trabalho e com a minha sabedoria debaixo do sol. Isso também não faz sentido.</verse>
		<verse number="20">Cheguei ao ponto de me desesperar por causa de todo o trabalho em que tanto me esforcei debaixo do sol.</verse>
		<verse number="21">Pois um homem pode realizar o seu trabalho com sabedoria, conhecimento e habilidade, mas terá que deixar tudo o que possui como herança para alguém que não se esforçou por aquilo. Isso também é um absurdo e uma grande injustiça.</verse>
		<verse number="22">Que proveito tem um homem de todo o esforço e de toda a ansiedade com que trabalha debaixo do sol?</verse>
		<verse number="23">Durante toda a sua vida, seu trabalho não passa de dor e tristeza; mesmo à noite a sua mente não descansa. Isso também é absurdo.</verse>
		<verse number="24">Para o homem não existe nada melhor do que comer, beber e encontrar prazer em seu trabalho. E vi que isso também vem da mão de Deus.</verse>
		<verse number="25">E quem aproveitou melhor as comidas e os prazeres do que eu?</verse>
		<verse number="26">Ao homem que o agrada, Deus recompensa com sabedoria, conhecimento e felicidade. Quanto ao pecador, Deus o encarrega de ajuntar e armazenar riquezas para entregá-las a quem o agrada. Isso também é inútil, é correr atrás do vento.</verse>
	</chapter>
	<chapter number="3">
		<verse number="1">Para tudo há uma ocasião, e um tempo para cada propósito debaixo do céu:</verse>
		<verse number="2">tempo de nascer e tempo de morrer, tempo de plantar e tempo de arrancar o que se plantou,</verse>
		<verse number="3">tempo de matar e tempo de curar, tempo de derrubar e tempo de construir,</verse>
		<verse number="4">tempo de chorar e tempo de rir, tempo de prantear e tempo de dançar,</verse>
		<verse number="5">tempo de espalhar pedras e tempo de ajuntá-las, tempo de abraçar e tempo de se conter,</verse>
		<verse number="6">tempo de procurar e tempo de desistir, tempo de guardar e tempo de lançar fora,</verse>
		<verse number="7">tempo de rasgar e tempo de costurar, tempo de calar e tempo de falar,</verse>
		<verse number="8">tempo de amar e tempo de odiar, tempo de lutar e tempo de viver em paz.</verse>
		<verse number="9">O que ganha o trabalhador com todo o seu esforço?</verse>
		<verse number="10">Tenho visto o fardo que Deus impôs aos homens.</verse>
		<verse number="11">Ele fez tudo apropriado a seu tempo. Também pôs no coração do homem o anseio pela eternidade; mesmo assim este não consegue compreender inteiramente o que Deus fez.</verse>
		<verse number="12">Descobri que não há nada melhor para o homem do que ser feliz e praticar o bem enquanto vive.</verse>
		<verse number="13">Descobri também que poder comer, beber e ser recompensado pelo seu trabalho, é um presente de Deus.</verse>
		<verse number="14">Sei que tudo o que Deus faz permanecerá para sempre; a isso nada se pode acrescentar, e disso nada se pode tirar. Deus assim faz para que os homens o temam.</verse>
		<verse number="15">Aquilo que é, já foi, e o que será já foi anteriormente; Deus investigará o passado.</verse>
		<verse number="16">Descobri também que debaixo do sol: No lugar da justiça havia impiedade, no lugar da retidão, ainda mais impiedade.</verse>
		<verse number="17">Pensei comigo mesmo: O justo e o ímpio, Deus julgará a ambos, pois há um tempo para todo propósito, um tempo para tudo o que acontece.</verse>
		<verse number="18">Também pensei: Deus prova os homens para que vejam que são como os animais.</verse>
		<verse number="19">O destino do homem é o mesmo do animal; o mesmo destino os aguarda. Assim como morre um, também morre o outro. Todos têm o mesmo fôlego de vida; o homem não tem vantagem alguma sobre o animal. Nada faz sentido!</verse>
		<verse number="20">Todos vão para o mesmo lugar; vieram todos do pó, e ao pó todos retornarão.</verse>
		<verse number="21">Quem pode dizer se o fôlego do homem sobe às alturas e se o fôlego do animal desce para a terra?</verse>
		<verse number="22">Por isso concluí que não há nada melhor para o homem do que desfrutar do seu trabalho, porque esta é a sua recompensa. Pois, quem poderá fazê-lo ver o que acontecerá depois de morto?</verse>
	</chapter>
	<chapter number="4">
		<verse number="1">De novo voltei a minha atenção e vi toda a opressão que ocorre debaixo do sol: Vi as lágrimas dos oprimidos, mas não há quem os console; o poder estava do lado dos seus opressores, e não há quem os console.</verse>
		<verse number="2">Por isso considerei os mortos, mais felizes do que os vivos, pois estes ainda têm que viver!</verse>
		<verse number="3">No entanto, melhor do que ambos é aquele que ainda não nasceu, que não viu o mal que se faz debaixo do sol.</verse>
		<verse number="4">Descobri que todo trabalho e toda realização surgem da competição que existe entre as pessoas. Mas isso também é absurdo, é correr atrás do vento.</verse>
		<verse number="5">O tolo cruza os braços e destrói a própria vida.</verse>
		<verse number="6">Melhor é ter um punhado com tranqüilidade do que dois punhados à custa de muito esforço e de correr atrás do vento.</verse>
		<verse number="7">Descobri ainda outra situação absurda debaixo do sol:</verse>
		<verse number="8">Havia um homem totalmente solitário; não tinha filho nem irmão. Trabalhava sem parar! Contudo, os seus olhos não se satisfaziam com a sua riqueza. Ele sequer perguntava: &quot;Para quem estou trabalhando tanto, e por que razão deixo de me divertir? &quot; Isso também é absurdo. É um trabalho muito ingrato!</verse>
		<verse number="9">É melhor ter companhia do que estar sozinho, porque maior é a recompensa do trabalho de duas pessoas.</verse>
		<verse number="10">Se um cair, o amigo pode ajudá-lo a levantar-se. Mas pobre do homem que cai e não tem quem o ajude a levantar-se!</verse>
		<verse number="11">E se dois dormirem juntos, vão manter-se aquecidos. Como, porém, manter-se aquecido sozinho?</verse>
		<verse number="12">Um homem sozinho pode ser vencido, mas dois conseguem defender-se. Um cordão de três dobras não se rompe com facilidade.</verse>
		<verse number="13">Melhor é um jovem pobre e sábio, do que um rei idoso e tolo, que não mais aceita repreensão.</verse>
		<verse number="14">O jovem pode ter saído da prisão e chegado ao trono, ou pode ter nascido pobre no país daquele rei.</verse>
		<verse number="15">Percebi que, ainda assim, o povo que vivia debaixo do sol seguia o jovem, o sucessor do rei.</verse>
		<verse number="16">O número dos que aderiram a ele era incontável. A geração seguinte, porém, não ficou satisfeita com o sucessor. Isso também não faz sentido, é correr atrás do vento.</verse>
	</chapter>
	<chapter number="5">
		<verse number="1">Quando você for ao santuário de Deus, seja reverente. Quem se aproxima para ouvir é melhor do que os tolos que oferecem sacrifício sem saber que estão agindo mal.</verse>
		<verse number="2">Não seja precipitado de lábios, nem apressado de coração para fazer promessas diante de Deus. Deus está nos céus, e você está na terra, por isso, fale pouco.</verse>
		<verse number="3">Das muitas ocupações brotam sonhos; do muito falar nasce a prosa vã do tolo.</verse>
		<verse number="4">Quando você fizer um voto, cumpra-o sem demora, pois os tolos desagradam a Deus; cumpra o seu voto.</verse>
		<verse number="5">É melhor não fazer voto do que fazer e não cumprir.</verse>
		<verse number="6">Não permita que a sua boca o faça pecar. E não diga ao mensageiro de Deus: &quot;O meu voto foi um engano&quot;. Por que irritar a Deus com o que você diz e deixá-lo destruir o que você realizou?</verse>
		<verse number="7">Em meio a tantos sonhos, absurdos e conversas inúteis, tenha temor de Deus.</verse>
		<verse number="8">Se você vir o pobre oprimido numa província e vir que lhe são negados o direito e a justiça, não fique surpreso; pois todo oficial está subordinado a alguém em posição superior, e sobre os dois há outros em posição ainda mais alta.</verse>
		<verse number="9">Mesmo assim, é vantagem a nação ter um rei que a governe e que se interesse pela agricultura.</verse>
		<verse number="10">Quem ama o dinheiro jamais terá o suficiente; quem ama as riquezas jamais ficará satisfeito com os seus rendimentos. Isso também não faz sentido.</verse>
		<verse number="11">Quando aumentam os bens, também aumentam os que os consomem. E que benefício trazem os bens a quem os possui, senão dar um pouco de alegria aos seus olhos?</verse>
		<verse number="12">O sono do trabalhador é ameno, quer coma pouco quer coma muito, mas a fartura de um homem rico não lhe dá tranqüilidade para dormir.</verse>
		<verse number="13">Há um mal terrível que vi debaixo do sol: riquezas acumuladas para infelicidade do seu possuidor.</verse>
		<verse number="14">Se as riquezas se perdem num mau negócio, nada ficará para o filho que lhe nascer.</verse>
		<verse number="15">O homem sai nu do ventre de sua mãe, e como vem, assim vai. De todo o trabalho em que se esforçou nada levará consigo.</verse>
		<verse number="16">Há também outro mal terrível: Como o homem vem, assim ele vai, e o que obtém, de todo o seu esforço em busca do vento?</verse>
		<verse number="17">Passa toda a sua vida nas trevas, com grande frustração, doença e amargura.</verse>
		<verse number="18">Assim, descobri que o melhor e o que vale a pena é comer, beber, e desfrutar o resultado de todo o esforço que se faz debaixo do sol durante os poucos dias de vida que Deus dá ao homem, pois essa é a sua recompensa.</verse>
		<verse number="19">E, quando Deus concede riquezas e bens a alguém, e o capacita a desfrutá-los, a aceitar a sua sorte e a ser feliz em seu trabalho, isso é um presente de Deus.</verse>
		<verse number="20">Raramente essa pessoa reflete no fato de que a sua vida é curta, porque Deus o mantém ocupado com a alegria do coração.</verse>
	</chapter>
	<chapter number="6">
		<verse number="1">Vi ainda outro mal debaixo do sol, que pesa bastante sobre a humanidade:</verse>
		<verse number="2">Deus dá riquezas, bens e honra ao homem, de modo que não lhe falta nada que os seus olhos desejam; mas Deus não lhe permite desfrutar tais coisas, e outro as desfruta em seu lugar. Isso não faz sentido; é um mal terrível.</verse>
		<verse number="3">Um homem pode ter cem filhos e viver muitos anos. No entanto, se não desfrutar as coisas boas da vida, digo que uma criança que nasce morta e nem recebe um enterro digno, tem melhor sorte do que ele.</verse>
		<verse number="4">Ela nasce em vão, e parte em trevas, e nas trevas o seu nome fica escondido.</verse>
		<verse number="5">Embora jamais tenha visto o sol ou conhecido qualquer coisa, ela tem mais descanso do que tal homem.</verse>
		<verse number="6">Pois, de que lhe valeria viver dois mil anos, e não poder desfrutar a sua prosperidade? Afinal, não vão todos para o mesmo lugar?</verse>
		<verse number="7">Todo o esforço do homem é feito para a sua boca, contudo, o seu apetite jamais se satisfaz.</verse>
		<verse number="8">Que vantagem tem o sábio em relação ao tolo? Que vantagem tem o pobre em saber como se portar diante dos outros?</verse>
		<verse number="9">Melhor é contentar-se com o que os olhos vêem do que vaguear o apetite. Isso também não faz sentido, é correr atrás do vento.</verse>
		<verse number="10">Tudo o que existe já recebeu um nome, e já se sabe o que o homem é; não se pode lutar contra alguém mais forte.</verse>
		<verse number="11">Quanto mais palavras, mais tolices, e sem nenhum proveito.</verse>
		<verse number="12">Pois, quem sabe o que é bom para o homem, nos poucos dias de sua vida vazia, em que ele passa como uma sombra? Quem poderá lhe contar o que acontecerá debaixo do sol depois que ele partir?</verse>
	</chapter>
	<chapter number="7">
		<verse number="1">Um bom nome é melhor do que um perfume finíssimo, e o dia da morte é melhor do que o dia do nascimento.</verse>
		<verse number="2">É melhor ir a uma casa onde há luto do que a uma casa em festa, pois a morte é o destino de todos; os vivos devem levar isso a sério!</verse>
		<verse number="3">A tristeza é melhor do que o riso, porque o rosto triste melhora o coração.</verse>
		<verse number="4">O coração do sábio está na casa onde há luto, mas o dos tolos, na casa da alegria.</verse>
		<verse number="5">É melhor ouvir a repreensão de um sábio do que a canção dos tolos.</verse>
		<verse number="6">Tal como o estalo de espinhos debaixo da panela, assim é o riso dos tolos. Isso também não faz sentido.</verse>
		<verse number="7">A opressão transforma o sábio em tolo, e o suborno corrompe o coração.</verse>
		<verse number="8">O fim das coisas é melhor do que o seu início, e o paciente é melhor que o orgulhoso.</verse>
		<verse number="9">Não permita que a ira domine depressa o seu espírito, pois a ira se aloja no íntimo dos tolos.</verse>
		<verse number="10">Não diga: &quot;Por que os dias do passado foram melhores que os de hoje? &quot; Pois não é sábio fazer tais perguntas.</verse>
		<verse number="11">A sabedoria, como uma herança, é coisa boa e beneficia aqueles que vêem o sol.</verse>
		<verse number="12">A sabedoria oferece proteção, como o faz o dinheiro, mas a vantagem do conhecimento é esta: a sabedoria preserva a vida de quem a possui.</verse>
		<verse number="13">Considere o que Deus fez: Quem pode endireitar o que ele fez torto?</verse>
		<verse number="14">Quando os dias forem bons, aproveite-os bem; mas, quando forem ruins, considere: Deus fez tanto um quanto o outro, para evitar que o homem descubra qualquer coisa sobre o seu futuro.</verse>
		<verse number="15">Nesta vida sem sentido eu já vi de tudo: um justo que morreu apesar da sua justiça, e um ímpio que teve vida longa apesar da sua impiedade.</verse>
		<verse number="16">Não seja excessivamente justo nem demasiadamente sábio; por que destruir-se a si mesmo?</verse>
		<verse number="17">Não seja demasiadamente ímpio e não seja tolo; por que morrer antes do tempo?</verse>
		<verse number="18">É bom reter uma coisa e não abrir mão da outra, pois quem teme a Deus evitará ambos os extremos.  </verse>
		<verse number="19">A sabedoria torna o sábio mais poderoso que uma cidade guardada por dez valentes.</verse>
		<verse number="20">Todavia, não há um só justo na terra, ninguém que pratique o bem e nunca peque.</verse>
		<verse number="21">Não dê atenção a todas as palavras que o povo diz, caso contrário, poderá ouvir o seu próprio servo falando mal de você;</verse>
		<verse number="22">pois em seu coração você sabe que muitas vezes você mesmo também falou mal de outros.</verse>
		<verse number="23">Tudo isso eu examinei mediante a sabedoria e disse: Estou decidido a ser sábio; mas isso estava fora do meu alcance.</verse>
		<verse number="24">A realidade está bem distante e é muito profunda; quem pode descobri-la?</verse>
		<verse number="25">Por isso dediquei-me a aprender, a investigar, a buscar a sabedoria e a razão de ser das coisas, para compreender a insensatez da impiedade e a loucura da insensatez.</verse>
		<verse number="26">Descobri que muito mais amarga do que a morte é a mulher que serve de laço, cujo coração é uma armadilha e cujas mãos são correntes. O homem que agrada a Deus escapará dela, mas ao pecador ela apanhará.</verse>
		<verse number="27">&quot;Veja&quot;, diz o Mestre, &quot;foi isto que descobri: Ao comparar uma coisa com outra para descobrir a sua razão de ser,</verse>
		<verse number="28">sim, durante essa minha busca que ainda não terminou, entre mil homens, descobri apenas um que julgo digno, mas entre as mulheres não achei uma sequer.</verse>
		<verse number="29">Assim, cheguei a esta conclusão: Deus fez os homens justos, mas eles foram em busca de muitas intrigas. &quot;</verse>
	</chapter>
	<chapter number="8">
		<verse number="1">Quem é como o sábio? Quem sabe interpretar as coisas? A sabedoria de um homem Alcança o favor do rei e muda o seu semblante carregado.</verse>
		<verse number="2">Este é o meu conselho: obedeça às ordens do rei porque você fez um juramento diante de Deus.</verse>
		<verse number="3">Não se apresse em deixar a presença do rei, nem se levante em favor de uma causa errada, pois o rei faz o que bem entende.</verse>
		<verse number="4">Pois a palavra do rei é soberana, e ninguém lhe pode perguntar: &quot;Que é que estás fazendo? &quot;</verse>
		<verse number="5">Quem obedece às suas ordens não sofrerá mal algum, pois o coração sábio saberá a hora e a maneira certa de agir.</verse>
		<verse number="6">Pois há uma hora certa e também uma maneira certa de agir para cada situação. O sofrimento de um homem, no entanto, pesa muito sobre ele,</verse>
		<verse number="7">visto que ninguém conhece o futuro. Quem lhe poderá dizer o que vai acontecer?</verse>
		<verse number="8">Ninguém tem o poder de conter o próprio espírito; tampouco tem poder sobre o dia da sua morte, e de escapar dos efeitos da guerra; nem mesmo a maldade livra aqueles que a praticam.</verse>
		<verse number="9">Tudo isso vi quando me pus a refletir em tudo o que se faz debaixo do sol. Há ocasiões em que um homem domina sobre outros para a sua própria infelicidade.</verse>
		<verse number="10">Nessas ocasiões, vi ímpios serem sepultados e gente indo e vindo do lugar onde eles foram enterrados. Todavia, os que haviam praticado o bem foram esquecidos na cidade. Isso também não faz sentido.</verse>
		<verse number="11">Quando os crimes não são castigados logo, o coração do homem se enche de planos para fazer o mal.</verse>
		<verse number="12">O ímpio pode cometer uma centena de crimes e até ter vida longa, mas sei muito bem que as coisas serão melhores para os que temem a Deus, para os que mostram respeito diante dele.</verse>
		<verse number="13">Para os ímpios, no entanto, nada irá bem, porque não temem a Deus, e os seus dias, como sombras, serão poucos.</verse>
		<verse number="14">Há mais uma coisa sem sentido na terra: justos que recebem o que os ímpios merecem, e ímpios que recebem o que os justos merecem. Isto também, penso eu, não faz sentido.</verse>
		<verse number="15">Por isso recomendo que se desfrute a vida, porque debaixo do sol não há nada melhor para o homem do que comer, beber e alegrar-se. Sejam esses os seus companheiros no seu duro trabalho durante todos os dias da vida que Deus lhe der debaixo do sol!</verse>
		<verse number="16">Quando voltei a mente para conhecer a sabedoria e observar as atividades do homem sobre a terra, daquele cujos olhos não vêem sono nem de dia nem de noite,</verse>
		<verse number="17">então percebi tudo o que Deus tem feito. Ninguém é capaz de entender o que se faz debaixo do sol. Por mais que se esforce para descobrir o sentido das coisas, o homem não o encontrará. O sábio pode até afirmar que entende, mas, na realidade não o consegue encontrar.</verse>
	</chapter>
	<chapter number="9">
		<verse number="1">Refleti nisso tudo e cheguei à conclusão de que os justos e os sábios, e aquilo que eles fazem, estão nas mãos de Deus. O que os espera, se amor ou ódio, ninguém sabe.</verse>
		<verse number="2">Todos partilham um destino comum: o justo e o ímpio, o bom e o mau, o puro e o impuro, o que oferece sacrifícios e o que não oferece. O que acontece com o homem bom, acontece com o pecador; o que acontece com quem faz juramentos, acontece com quem teme fazê-los.</verse>
		<verse number="3">Este é o mal que há em tudo o que acontece debaixo do sol: O destino de todos é o mesmo. O coração dos homens, além do mais, está cheio de maldade e de loucura durante toda a vida; e por fim eles se juntarão aos mortos.</verse>
		<verse number="4">Quem está entre os vivos tem esperança; até um cachorro vivo é melhor do que um leão morto!</verse>
		<verse number="5">Pois os vivos sabem que morrerão, mas os mortos nada sabem; para eles não haverá mais recompensa, e já não se tem lembrança deles.</verse>
		<verse number="6">Para eles o amor, o ódio e a inveja há muito desapareceram; nunca mais terão parte em nada do que acontece debaixo do sol.</verse>
		<verse number="7">Portanto, vá, coma com prazer a sua comida, e beba o seu vinho de coração alegre, pois Deus já se agradou do que você faz.</verse>
		<verse number="8">Esteja sempre vestido com roupas de festa, e unja sempre a sua cabeça com óleo.</verse>
		<verse number="9">Desfrute a vida com a mulher a quem você ama, todos os dias desta vida sem sentido que Deus dá a você debaixo do sol; todos os seus dias sem sentido! Pois essa é a sua recompensa na vida pelo seu árduo trabalho debaixo do sol.</verse>
		<verse number="10">O que as suas mãos tiverem que fazer, que o façam com toda a sua força, pois na sepultura, para onde você vai, não há atividade nem planejamento, não há conhecimento nem sabedoria.</verse>
		<verse number="11">Percebi ainda outra coisa debaixo do sol: Os velozes nem sempre vencem a corrida; os fortes nem sempre triunfam na guerra; os sábios nem sempre têm comida; os prudentes nem sempre são ricos; os instruídos nem sempre têm prestígio; pois o tempo e o acaso afetam a todos.</verse>
		<verse number="12">Além do mais, ninguém sabe quando virá a sua hora: Assim como os peixes são apanhados numa rede fatal e os pássaros são pegos num laço, também os homens são enredados pelos tempos de desgraça que caem inesperadamente sobre eles.</verse>
		<verse number="13">Também vi debaixo do sol este exemplo de sabedoria que muito me impressionou.</verse>
		<verse number="14">Havia uma pequena cidade, de poucos habitantes. Um rei poderoso veio contra ela, cercou-a com muitos dispositivos de guerra.</verse>
		<verse number="15">Ora, naquela cidade vivia um homem pobre mas sábio, e com sua sabedoria ele salvou a cidade. No entanto, ninguém se lembrou daquele pobre.</verse>
		<verse number="16">Por isso pensei: Embora a sabedoria seja melhor do que a força, a sabedoria do pobre é desprezada, e logo já não se dá atenção às suas palavras.</verse>
		<verse number="17">As palavras dos sábios devem ser ouvidas com mais atenção do que os gritos de quem domina sobre tolos.</verse>
		<verse number="18">A sabedoria é melhor do que as armas de guerra, mas um só pecador destrói muita coisa boa.</verse>
	</chapter>
	<chapter number="10">
		<verse number="1">Assim como a mosca morta produz mau cheiro e estraga o perfume, também um pouco de insensatez pesa mais que a sabedoria e a honra.</verse>
		<verse number="2">O coração do sábio se inclina para o bem, mas o coração do tolo, para o mal.</verse>
		<verse number="3">Mesmo quando anda pelo caminho, o tolo age sem o mínimo bom senso e mostra a todos que não passa de um tolo.</verse>
		<verse number="4">Se a ira de uma autoridade se levantar contra você, não abandone o seu posto; a tranqüilidade evita grandes erros.</verse>
		<verse number="5">Há outro mal que vi debaixo do sol, um erro cometido pelos que governam:</verse>
		<verse number="6">Tolos são postos em cargos elevados, enquanto ricos ocupam cargos inferiores.</verse>
		<verse number="7">Tenho visto servos andando a cavalo, e príncipes andando a pé, como servos.</verse>
		<verse number="8">Quem cava um poço cairá nele; quem derruba um muro será picado por uma cobra.</verse>
		<verse number="9">Quem arranca pedras, com elas se ferirá; quem racha lenha se arrisca.</verse>
		<verse number="10">Se o machado está cego e sua lâmina não foi afiada, é preciso golpear com mais força; agir com sabedoria assegura o sucesso.</verse>
		<verse number="11">Se a cobra morder antes de ser encantada, para que servirá o encantador?</verse>
		<verse number="12">As palavras do sábio lhe trazem benefícios, mas os lábios do insensato o destroem.</verse>
		<verse number="13">No início as suas palavras são mera tolice, mas no final são loucura perversa.</verse>
		<verse number="14">Embora o tolo fale sem parar, ninguém sabe o que está para vir; quem poderá dizer a outrem o que lhe acontecerá depois?</verse>
		<verse number="15">O trabalho do tolo o deixa tão exausto que ele nem consegue achar o caminho de casa.</verse>
		<verse number="16">Pobre da terra cujo rei é jovem demais e cujos líderes fazem banquetes logo de manhã.</verse>
		<verse number="17">Feliz é a terra cujo rei é de origem nobre, e cujos líderes comem no devido tempo, para recuperar as forças, e não para embriagar-se.</verse>
		<verse number="18">Por causa da preguiça, o telhado se enverga; por causa das mãos indolentes, a casa tem goteiras.</verse>
		<verse number="19">O banquete é feito para divertir, e o vinho torna a vida alegre, mas isso tudo se paga com dinheiro.</verse>
		<verse number="20">Nem em pensamento insulte o rei! Nem mesmo em seu quarto amaldiçoe o rico! Porque uma ave do céu poderá levar as suas palavras, e seres alados poderão divulgar o que você disser.</verse>
	</chapter>
	<chapter number="11">
		<verse number="1">Atire o seu pão sobre as águas, e depois de muitos dias você tornará a encontrá-lo.</verse>
		<verse number="2">Reparta o que você tem com sete, até mesmo com oito, pois você não sabe que desgraça poderá cair sobre a terra.</verse>
		<verse number="3">Quando as nuvens estão cheias de água, derramam chuva sobre a terra. Quer uma árvore caia para o sul quer para o norte, no lugar em que cair ficará.</verse>
		<verse number="4">Quem observa o vento não plantará; e quem olha para as nuvens não colherá.</verse>
		<verse number="5">Assim como você não conhece o caminho do vento, nem como o corpo é formado no ventre de uma mulher, também não pode compreender as obras de Deus, o Criador de todas as coisas.</verse>
		<verse number="6">Plante de manhã a sua semente, e mesmo ao entardecer não deixe as suas mãos ficarem à toa, pois você não sabe o que acontecerá, se esta ou aquela produzirá, ou se as duas serão igualmente boas.</verse>
		<verse number="7">A luz é agradável, é bom ver o sol.</verse>
		<verse number="8">Por mais que um homem viva, deve desfrutar sua vida toda. Lembre-se, porém, dos dias de trevas, pois serão muitos. Tudo o que está para vir não faz sentido.</verse>
		<verse number="9">Alegre-se, jovem, na sua mocidade! Seja feliz o seu coração nos dias da sua juventude! Siga por onde seu coração mandar, até onde a sua vista alcançar; mas saiba que por todas essas coisas Deus o trará a julgamento.</verse>
		<verse number="10">Afaste do coração a ansiedade e acabe com o sofrimento do seu corpo, pois a juventude e o vigor são passageiros.</verse>
	</chapter>
	<chapter number="12">
		<verse number="1">Lembre-se do seu Criador nos dias da sua juventude, antes que venham os dias difíceis e antes que se aproximem os anos em que você dirá: &quot;Não tenho satisfação neles&quot;;</verse>
		<verse number="2">antes que se escureçam o sol e a luz, a lua e as estrelas, e as nuvens voltem depois da chuva;</verse>
		<verse number="3">quando os guardas da casa tremerem e os homens fortes caminharem encurvados, e pararem os moedores por serem poucos, e aqueles que olham pelas janelas enxergarem embaçado;</verse>
		<verse number="4">quando as portas da rua forem fechadas e diminuir o som da moagem; quando o barulho das aves o fizer despertar, mas o som de todas as canções lhe parecer fraco;</verse>
		<verse number="5">quando você tiver medo de altura, e dos perigos das ruas; quando florir a amendoeira, o gafanhoto for um peso e o desejo já não se despertar. Então o homem se vai para o seu lar eterno, e os pranteadores já vagueiam pelas ruas.</verse>
		<verse number="6">Sim, lembre-se dele, antes que se rompa o cordão de prata, ou se quebre a taça de ouro; antes que o cântaro se despedace junto à fonte, a roda se quebre junto ao poço,</verse>
		<verse number="7">o pó volte à terra, de onde veio, e o espírito volte a Deus, que o deu.</verse>
		<verse number="8">&quot;Tudo sem sentido! Sem sentido! &quot;, diz o mestre. &quot;Nada faz sentido! Nada faz sentido! &quot;</verse>
		<verse number="9">Além de ser sábio, o mestre também ensinou conhecimento ao povo. Ele escutou, examinou e colecionou muitos provérbios.</verse>
		<verse number="10">Procurou também encontrar as palavras certas, e o que ele escreveu era reto e verdadeiro.</verse>
		<verse number="11">As palavras dos sábios são como aguilhões, a coleção dos seus ditos como pregos bem fixados, provenientes do único Pastor.</verse>
		<verse number="12">Cuidado, meu filho; nada acrescente a eles. Não há limite para a produção de livros, e estudar demais deixa exausto o corpo.</verse>
		<verse number="13">Agora que já se ouviu tudo, aqui está a conclusão: Tema a Deus e guarde os seus mandamentos, pois isso é o essencial para o homem.</verse>
		<verse number="14">Pois Deus trará a julgamento tudo o que foi feito, inclusive tudo o que está escondido, seja bom, seja mal.</verse>
	</chapter>
</book>