﻿<?xml version="1.0" encoding="UTF-8"?>
<book name="1ª Timóteo" abbrev="1tm" chapters="6">
	<chapter number="1">
		<verse number="1">Paulo, apóstolo de Cristo Jesus, segundo o mandado de Deus, nosso Salvador, e de Cristo Jesus, esperança nossa.</verse>
		<verse number="2">a Timóteo, meu verdadeiro filho na fé: graça, misericórdia e paz da parte de Deus Pai e de Cristo Jesus, nosso Senhor.</verse>
		<verse number="3">Como te roguei, quando partia para a Macedônia, que ficasse em Éfeso, para advertires a alguns que não ensinassem doutrina diversa,</verse>
		<verse number="4">nem se preocupassem com fábulas ou genealogias intermináveis, pois que produzem antes discussões que edificação para com Deus, que se funda na fé...</verse>
		<verse number="5">Mas o fim desta admoestação é o amor que procede de um coração puro, de uma boa consciência, e de uma fé não fingida;</verse>
		<verse number="6">das quais coisas alguns se desviaram, e se entregaram a discursos vãos,</verse>
		<verse number="7">querendo ser doutores da lei, embora não entendam nem o que dizem nem o que com tanta confiança afirmam.</verse>
		<verse number="8">Sabemos, porém, que a lei é boa, se alguém dela usar legitimamente,</verse>
		<verse number="9">reconhecendo que a lei não é feita para o justo, mas para os transgressores e insubordinados, os irreverentes e pecadores, os ímpios e profanos, para os parricidas, matricidas e homicidas,</verse>
		<verse number="10">para os devassos, os sodomitas, os roubadores de homens, os mentirosos, os perjuros, e para tudo que for contrário à sã doutrina,</verse>
		<verse number="11">segundo o evangelho da glória do Deus bendito, que me foi confiado.</verse>
		<verse number="12">Dou graças àquele que me fortaleceu, a Cristo Jesus nosso Senhor, porque me julgou fiel, pondo-me no seu ministério,</verse>
		<verse number="13">ainda que outrora eu era blasfemador, perseguidor, e injuriador; mas alcancei misericórdia, porque o fiz por ignorância, na incredulidade;</verse>
		<verse number="14">e a graça de nosso Senhor superabundou com a fé e o amor que há em Cristo Jesus.</verse>
		<verse number="15">Fiel é esta palavra e digna de toda a aceitação; que Cristo Jesus veio ao mundo para salvar os pecadores, dos quais sou eu o principal;</verse>
		<verse number="16">mas por isso alcancei misericórdia, para que em mim, o principal, Cristo Jesus mostrasse toda a sua longanimidade, a fim de que eu servisse de exemplo aos que haviam de crer nele para a vida eterna.</verse>
		<verse number="17">Ora, ao Rei dos séculos, imortal, invisível, ao único Deus, seja honra e glória para todo o sempre. Amém.</verse>
		<verse number="18">Esta admoestação te dirijo, filho Timóteo, que segundo as profecias que houve acerca de ti, por elas pelejes a boa peleja,</verse>
		<verse number="19">conservando a fé, e uma boa consciência, a qual alguns havendo rejeitado, naufragando no tocante à fé;</verse>
		<verse number="20">e entre esses Himeneu e Alexandre, os quais entreguei a Satanás, para que aprendam a não blasfemar.</verse>
	</chapter>
	<chapter number="2">
		<verse number="1">Exorto, pois, antes de tudo que se façam súplicas, orações, intercessões, e ações de graças por todos os homens,</verse>
		<verse number="2">pelos reis, e por todos os que exercem autoridade, para que tenhamos uma vida tranqüila e sossegada, em toda a piedade e honestidade.</verse>
		<verse number="3">Pois isto é bom e agradável diante de Deus nosso Salvador,</verse>
		<verse number="4">o qual deseja que todos os homens sejam salvos e cheguem ao pleno conhecimento da verdade.</verse>
		<verse number="5">Porque há um só Deus, e um só Mediador entre Deus e os homens, Cristo Jesus, homem,</verse>
		<verse number="6">o qual se deu a si mesmo em resgate por todos, para servir de testemunho a seu tempo;</verse>
		<verse number="7">para o que {digo a verdade, não minto} eu fui constituído pregador e apóstolo, mestre dos gentios na fé e na verdade.</verse>
		<verse number="8">Quero, pois, que os homens orem em todo lugar, levantando mãos santas, sem ira nem contenda.</verse>
		<verse number="9">Quero, do mesmo modo, que as mulheres se ataviem com traje decoroso, com modéstia e sobriedade, não com tranças, ou com ouro, ou pérolas, ou vestidos custosos,</verse>
		<verse number="10">mas {como convém a mulheres que fazem profissão de servir a Deus} com boas obras.</verse>
		<verse number="11">A mulher aprenda em silêncio com toda a submissão.</verse>
		<verse number="12">Pois não permito que a mulher ensine, nem tenha domínio sobre o homem, mas que esteja em silêncio.</verse>
		<verse number="13">Porque primeiro foi formado Adão, depois Eva.</verse>
		<verse number="14">E Adão não foi enganado, mas a mulher, sendo enganada, caiu em transgressão;</verse>
		<verse number="15">salvar-se-á, todavia, dando à luz filhos, se permanecer com sobriedade na fé, no amor e na santificação.</verse>
	</chapter>
	<chapter number="3">
		<verse number="1">Fiel é esta palavra: Se alguém aspira ao episcopado, excelente obra deseja.</verse>
		<verse number="2">É necessário, pois, que o bispo seja irrepreensível, marido de uma só mulher, temperante, sóbrio, ordeiro, hospitaleiro, apto para ensinar;</verse>
		<verse number="3">não dado ao vinho, não espancador, mas moderado, inimigo de contendas, não ganancioso;</verse>
		<verse number="4">que governe bem a sua própria casa, tendo seus filhos em sujeição, com todo o respeito</verse>
		<verse number="5">{pois, se alguém não sabe governar a sua própria casa, como cuidará da igreja de Deus?};</verse>
		<verse number="6">não neófito, para que não se ensoberbeça e venha a cair na condenação do Diabo.</verse>
		<verse number="7">Também é necessário que tenha bom testemunho dos que estão de fora, para que não caia em opróbrio, e no laço do Diabo.</verse>
		<verse number="8">Da mesma forma os diáconos sejam sérios, não de língua dobre, não dados a muito vinho, não cobiçosos de torpe ganância,</verse>
		<verse number="9">guardando o mistério da fé numa consciência pura.</verse>
		<verse number="10">E também estes sejam primeiro provados, depois exercitem o diaconato, se forem irrepreensíveis.</verse>
		<verse number="11">Da mesma sorte as mulheres sejam sérias, não maldizentes, temperantes, e fiéis em tudo.</verse>
		<verse number="12">Os diáconos sejam maridos de uma só mulher, e governem bem a seus filhos e suas próprias casas.</verse>
		<verse number="13">Porque os que servirem bem como diáconos, adquirirão para si um lugar honroso e muita confiança na fé que há em Cristo Jesus.</verse>
		<verse number="14">Escrevo-te estas coisas, embora esperando ir ver-te em breve,</verse>
		<verse number="15">para que, no caso de eu tardar, saibas como se deve proceder na casa de Deus, a qual é a igreja do Deus vivo, coluna e esteio da verdade.</verse>
		<verse number="16">E, sem dúvida alguma, grande é o mistério da piedade: Aquele que se manifestou em carne, foi justificado em espírito, visto dos anjos, pregado entre os gentios, crido no mundo, e recebido acima na glória.</verse>
	</chapter>
	<chapter number="4">
		<verse number="1">Mas o Espírito expressamente diz que em tempos posteriores alguns apostatarão da fé, dando ouvidos a espíritos enganadores, e a doutrinas de demônios,</verse>
		<verse number="2">pela hipocrisia de homens que falam mentiras e têm a sua própria consciência cauterizada,</verse>
		<verse number="3">proibindo o casamento, e ordenando a abstinência de alimentos que Deus criou para serem recebidos com ações de graças pelos que são fiéis e que conhecem bem a verdade;</verse>
		<verse number="4">pois todas as coisas criadas por Deus são boas, e nada deve ser rejeitado se é recebido com ações de graças;</verse>
		<verse number="5">porque pela palavra de Deus e pela oração são santificadas.</verse>
		<verse number="6">Propondo estas coisas aos irmãos, serás bom ministro de Cristo Jesus, nutrido pelas palavras da fé e da boa doutrina que tens seguido;</verse>
		<verse number="7">mas rejeita as fábulas profanas e de velhas. Exercita-te a ti mesmo na piedade.</verse>
		<verse number="8">Pois o exercício corporal para pouco aproveita, mas a piedade para tudo é proveitosa, visto que tem a promessa da vida presente e da que há de vir.</verse>
		<verse number="9">Fiel é esta palavra e digna de toda aceitação.</verse>
		<verse number="10">Pois para isto é que trabalhamos e lutamos, porque temos posto a nossa esperança no Deus vivo, que é o Salvador de todos os homens, especialmente dos que crêem.</verse>
		<verse number="11">Manda estas coisas e ensina-as.</verse>
		<verse number="12">Ninguém despreze a tua mocidade, mas sê um exemplo para os fiéis na palavra, no procedimento, no amor, na fé, na pureza.</verse>
		<verse number="13">até que eu vá, aplica-te à leitura, à exortação, e ao ensino.</verse>
		<verse number="14">Não negligencies o dom que há em ti, o qual te foi dado por profecia, com a imposição das mãos do presbítero.</verse>
		<verse number="15">Ocupa-te destas coisas, dedica-te inteiramente a elas, para que o teu progresso seja manifesto a todos.</verse>
		<verse number="16">Tem cuidado de ti mesmo e do teu ensino; persevera nestas coisas; porque, fazendo isto, te salvarás, tanto a ti mesmo como aos que te ouvem.</verse>
	</chapter>
	<chapter number="5">
		<verse number="1">Não repreendas asperamente a um velho, mas admoesta-o como a um pai; aos moços, como a irmãos;</verse>
		<verse number="2">às mulheres idosas, como a mães; às moças, como a irmãs, com toda a pureza.</verse>
		<verse number="3">Honra as viúvas que são verdadeiramente viúvas.</verse>
		<verse number="4">Mas, se alguma viúva tiver filhos, ou netos, aprendam eles primeiro a exercer piedade para com a sua própria família, e a recompensar seus progenitores; porque isto é agradável a Deus.</verse>
		<verse number="5">Ora, a que é verdadeiramente viúva e desamparada espera em Deus, e persevera de noite e de dia em súplicas e orações;</verse>
		<verse number="6">mas a que vive em prazeres, embora viva, está morta.</verse>
		<verse number="7">Manda, pois, estas coisas, para que elas sejam irrepreensíveis.</verse>
		<verse number="8">Mas, se alguém não cuida dos seus, e especialmente dos da sua família, tem negado a fé, e é pior que um incrédulo.</verse>
		<verse number="9">Não seja inscrita como viúva nenhuma que tenha menos de sessenta anos, e só a que tenha sido mulher de um só marido,</verse>
		<verse number="10">aprovada com testemunho de boas obras, se criou filhos, se exercitou hospitalidade, se lavou os pés aos santos, se socorreu os atribulados, se praticou toda sorte de boas obras.</verse>
		<verse number="11">Mas rejeita as viúvas mais novas, porque, quando se tornam levianas contra Cristo, querem casar-se;</verse>
		<verse number="12">tendo já a sua condenação por haverem violado a primeira fé;</verse>
		<verse number="13">e, além disto, aprendem também a ser ociosas, andando de casa em casa; e não somente ociosas, mas também faladeiras e intrigantes, falando o que não convém.</verse>
		<verse number="14">Quero pois que as mais novas se casem, tenham filhos, dirijam a sua casa, e não dêem ocasião ao adversário de maldizer;</verse>
		<verse number="15">porque já algumas se desviaram, indo após Satanás.</verse>
		<verse number="16">Se alguma mulher crente tem viúvas, socorra-as, e não se sobrecarregue a igreja, para que esta possa socorrer as que são verdadeiramente viúvas.</verse>
		<verse number="17">Os anciãos que governam bem sejam tidos por dignos de duplicada honra, especialmente os que labutam na pregação e no ensino.</verse>
		<verse number="18">Porque diz a Escritura: Não atarás a boca ao boi quando debulha. E: Digno é o trabalhador do seu salário.</verse>
		<verse number="19">Não aceites acusação contra um ancião, senão com duas ou três testemunhas.</verse>
		<verse number="20">Aos que vivem no pecado, repreende-os na presença de todos, para que também os outros tenham temor.</verse>
		<verse number="21">Conjuro-te diante de Deus, e de Cristo Jesus, e dos anjos eleitos, que sem prevenção guardes estas coisas, nada fazendo com parcialidade.</verse>
		<verse number="22">A ninguém imponhas precipitadamente as mãos, nem participes dos pecados alheios; conserva-te a ti mesmo puro.</verse>
		<verse number="23">Não bebas mais água só, mas usa um pouco de vinho, por causa do teu estômago e das tuas freqüentes enfermidades.</verse>
		<verse number="24">Os pecados de alguns homens são manifestos antes de entrarem em juízo, enquanto os de outros descobrem-se depois.</verse>
		<verse number="25">Da mesma forma também as boas obras são manifestas antecipadamente; e as que não o são não podem ficar ocultas.</verse>
	</chapter>
	<chapter number="6">
		<verse number="1">Todos os servos que estão debaixo do jugo considerem seus senhores dignos de toda honra, para que o nome de Deus e a doutrina não sejam blasfemados.</verse>
		<verse number="2">E os que têm senhores crentes não os desprezem, porque são irmãos; antes os sirvam melhor, porque eles, que se utilizam do seu bom serviço, são crentes e amados. Ensina estas coisas.</verse>
		<verse number="3">Se alguém ensina alguma doutrina diversa, e não se conforma com as sãs palavras de nosso Senhor Jesus Cristo, e com a doutrina que é segundo a piedade,</verse>
		<verse number="4">é soberbo, e nada sabe, mas delira acerca de questões e contendas de palavras, das quais nascem invejas, porfias, injúrias, suspeitas maliciosas,</verse>
		<verse number="5">disputas de homens corruptos de entendimento, e privados da verdade, cuidando que a piedade é fonte de lucro;</verse>
		<verse number="6">e, de fato, é grande fonte de lucro a piedade com o contentamento.</verse>
		<verse number="7">Porque nada trouxe para este mundo, e nada podemos daqui levar;</verse>
		<verse number="8">tendo, porém, alimento e vestuário, estaremos com isso contentes.</verse>
		<verse number="9">Mas os que querem tornar-se ricos caem em tentação e em laço, e em muitas concupiscências loucas e nocivas, as quais submergem os homens na ruína e na perdição.</verse>
		<verse number="10">Porque o amor ao dinheiro é raiz de todos os males; e nessa cobiça alguns se desviaram da fé, e se traspassaram a si mesmos com muitas dores.</verse>
		<verse number="11">Mas tu, ó homem de Deus, foge destas coisas, e segue a justiça, a piedade, a fé, o amor, a constância, a mansidão.</verse>
		<verse number="12">Peleja a boa peleja da fé, apodera-te da vida eterna, para a qual foste chamado, tendo já feito boa confissão diante de muitas testemunhas.</verse>
		<verse number="13">Diante de Deus, que todas as coisas vivifica, e de Cristo Jesus, que perante Pôncio Pilatos deu o testemunho da boa confissão, exorto-te</verse>
		<verse number="14">a que guardes este mandamento sem mácula e irrepreensível até a vinda de nosso Senhor Jesus Cristo;</verse>
		<verse number="15">a qual, no tempo próprio, manifestará o bem-aventurado e único soberano, Rei dos reis e Senhor dos senhores;</verse>
		<verse number="16">aquele que possui, ele só, a imortalidade, e habita em luz inacessível; a quem nenhum dos homens tem visto nem pode ver; ao qual seja honra e poder sempiterno. Amém.</verse>
		<verse number="17">manda aos ricos deste mundo que não sejam altivos, nem ponham a sua esperança na incerteza das riquezas, mas em Deus, que nos concede abundantemente todas as coisas para delas gozarmos;</verse>
		<verse number="18">que pratiquem o bem, que se enriqueçam de boas obras, que sejam liberais e generosos,</verse>
		<verse number="19">entesourando para si mesmos um bom fundamento para o futuro, para que possam alcançar a verdadeira vida.</verse>
		<verse number="20">Ó Timóteo, guarda o depósito que te foi confiado, evitando as conversas vãs e profanas e as oposições da falsamente chamada ciência;</verse>
		<verse number="21">a qual professando-a alguns, se desviaram da fé. A graça seja convosco.</verse>
	</chapter>
</book>