﻿<?xml version="1.0" encoding="UTF-8"?>
<book name="2ª Timóteo" abbrev="2tm" chapters="4">
	<chapter number="1">
		<verse number="1">Paulo, apóstolo de Cristo Jesus pela vontade de Deus, segundo a promessa da vida que está em Cristo Jesus,</verse>
		<verse number="2">a Timóteo, amado filho: Graça, misericórdia e paz da parte de Deus Pai e de Cristo Jesus nosso Senhor.</verse>
		<verse number="3">Dou graças a Deus, a quem desde os meus antepassados sirvo com uma consciência pura, de que sem cessar faço menção de ti em minhas súplicas de noite e de dia;</verse>
		<verse number="4">e, recordando-me das tuas lágrimas, desejo muito ver-te, para me encher de gozo;</verse>
		<verse number="5">trazendo à memória a fé não fingida que há em ti, a qual habitou primeiro em tua avó Loide, e em tua mãe Eunice e estou certo de que também habita em ti.</verse>
		<verse number="6">Por esta razão te lembro que despertes o dom de Deus, que há em ti pela imposição das minhas mãos.</verse>
		<verse number="7">Porque Deus não nos deu o espírito de covardia, mas de poder, de amor e de moderação.</verse>
		<verse number="8">Portanto não te envergonhes do testemunho de nosso Senhor, nem de mim, que sou prisioneiro seu; antes participa comigo dos sofrimentos do evangelho segundo o poder de Deus,</verse>
		<verse number="9">que nos salvou, e chamou com uma santa vocação, não segundo as nossas obras, mas segundo o seu próprio propósito e a graça que nos foi dada em Cristo Jesus antes dos tempos eternos,</verse>
		<verse number="10">e que agora se manifestou pelo aparecimento de nosso Salvador Cristo Jesus, o qual destruiu a morte, e trouxe à luz a vida e a imortalidade pelo evangelho,</verse>
		<verse number="11">do qual fui constituído pregador, apóstolo e mestre.</verse>
		<verse number="12">Por esta razão sofro também estas coisas, mas não me envergonho; porque eu sei em quem tenho crido, e estou certo de que ele é poderoso para guardar o meu depósito até aquele dia.</verse>
		<verse number="13">Conserva o modelo das sãs palavras que de mim tens ouvido na fé e no amor que há em Cristo Jesus;</verse>
		<verse number="14">guarda o bom depósito com o auxílio do Espírito Santo, que habita em nós.</verse>
		<verse number="15">Bem sabes isto, que me abandonaram todos os que estão na Ásia, entre eles Fígelo e Hermógenes.</verse>
		<verse number="16">O Senhor conceda misericórdia à casa de Onesíforo, porque muitas vezes ele me recreou, e não se envergonhou das minhas cadeias;</verse>
		<verse number="17">antes quando veio a Roma, diligentemente me procurou e me achou.</verse>
		<verse number="18">O Senhor lhe conceda que naquele dia ache misericórdia diante do Senhor. E quantos serviços prestou em Éfeso melhor o sabes tu.</verse>
	</chapter>
	<chapter number="2">
		<verse number="1">Tu, pois, meu filho, fortifica-te na graça que há em Cristo Jesus;</verse>
		<verse number="2">e o que de mim ouviste de muitas testemunhas, transmite-o a homens fiéis, que sejam idôneos para também ensinarem os outros.</verse>
		<verse number="3">Sofre comigo como bom soldado de Cristo Jesus.</verse>
		<verse number="4">Nenhum soldado em serviço se embaraça com negócios desta vida, a fim de agradar àquele que o alistou para a guerra.</verse>
		<verse number="5">E também se um atleta lutar nos jogos públicos, não será coroado se não lutar legitimamente.</verse>
		<verse number="6">O lavrador que trabalha deve ser o primeiro a gozar dos frutos.</verse>
		<verse number="7">Considera o que digo, porque o Senhor te dará entendimento em tudo.</verse>
		<verse number="8">Lembra-te de Jesus Cristo, ressurgido dentre os mortos, descendente de Davi, segundo o meu evangelho,</verse>
		<verse number="9">pelo qual sofro a ponto de ser preso como malfeitor; mas a palavra de Deus não está presa.</verse>
		<verse number="10">Por isso, tudo suporto por amor dos eleitos, para que também eles alcancem a salvação que há em Cristo Jesus com glória eterna.</verse>
		<verse number="11">Fiel é esta palavra: Se, pois, já morremos com ele, também com ele viveremos;</verse>
		<verse number="12">se perseveramos, com ele também reinaremos; se o negarmos, também ele nos negará;</verse>
		<verse number="13">se somos infiéis, ele permanece fiel; porque não pode negar-se a si mesmo.</verse>
		<verse number="14">Lembra-lhes estas coisas, conjurando-os diante de Deus que não tenham contendas de palavras, que para nada aproveitam, senão para subverter os ouvintes.</verse>
		<verse number="15">Procura apresentar-te diante de Deus aprovado, como obreiro que não tem de que se envergonhar, que maneja bem a palavra da verdade.</verse>
		<verse number="16">Mas evita as conversas vãs e profanas; porque os que delas usam passarão a impiedade ainda maior,</verse>
		<verse number="17">e as suas palavras alastrarão como gangrena; entre os quais estão Himeneu e Fileto,</verse>
		<verse number="18">que se desviaram da verdade, dizendo que a ressurreição é já passada, e assim pervertem a fé a alguns.</verse>
		<verse number="19">Todavia o firme fundamento de Deus permanece, tendo este selo: O Senhor conhece os seus, e: Aparte-se da injustiça todo aquele que profere o nome do Senhor.</verse>
		<verse number="20">Ora, numa grande casa, não somente há vasos de ouro e de prata, mas também de madeira e de barro; e uns, na verdade, para uso honroso, outros, porém, para uso desonroso.</verse>
		<verse number="21">Se, pois, alguém se purificar destas coisas, será vaso para honra, santificado e útil ao Senhor, preparado para toda boa obra.</verse>
		<verse number="22">Foge também das paixões da mocidade, e segue a justiça, a fé, o amor, a paz com os que, de coração puro, invocam o Senhor.</verse>
		<verse number="23">E rejeita as questões tolas e desassisadas, sabendo que geram contendas;</verse>
		<verse number="24">e ao servo do Senhor não convém contender, mas sim ser brando para com todos, apto para ensinar, paciente;</verse>
		<verse number="25">corrigindo com mansidão os que resistem, na esperança de que Deus lhes conceda o arrependimento para conhecerem plenamente a verdade,</verse>
		<verse number="26">e que se desprendam dos laços do Diabo {por quem haviam sido presos}, para cumprirem a vontade de Deus.</verse>
	</chapter>
	<chapter number="3">
		<verse number="1">Sabe, porém, isto, que nos últimos dias sobrevirão tempos penosos;</verse>
		<verse number="2">pois os homens serão amantes de si mesmos, gananciosos, presunçosos, soberbos, blasfemos, desobedientes a seus pais, ingratos, ímpios,</verse>
		<verse number="3">sem afeição natural, implacáveis, caluniadores, incontinentes, cruéis, inimigos do bem,</verse>
		<verse number="4">traidores, atrevidos, orgulhosos, mais amigos dos deleites do que amigos de Deus,</verse>
		<verse number="5">tendo aparência de piedade, mas negando-lhe o poder. Afasta-te também desses.</verse>
		<verse number="6">Porque deste número são os que se introduzem pelas casas, e levam cativas mulheres néscias carregadas de pecados, levadas de várias concupiscências;</verse>
		<verse number="7">sempre aprendendo, mas nunca podendo chegar ao pleno conhecimento da verdade.</verse>
		<verse number="8">E assim como Janes e Jambres resistiram a Moisés, assim também estes resistem à verdade, sendo homens corruptos de entendimento e réprobos quanto à fé.</verse>
		<verse number="9">Não irão, porém, avante; porque a todos será manifesta a sua insensatez, como também o foi a daqueles.</verse>
		<verse number="10">Tu, porém, tens observado a minha doutrina, procedimento, intenção, fé, longanimidade, amor, perseverança,</verse>
		<verse number="11">as minhas perseguições e aflições, quais as que sofri em Antioquia, em Icônio, em Listra; quantas perseguições suportei! e de todas o Senhor me livrou.</verse>
		<verse number="12">E na verdade todos os que querem viver piamente em Cristo Jesus padecerão perseguições.</verse>
		<verse number="13">Mas os homens maus e impostores irão de mal a pior, enganando e sendo enganados.</verse>
		<verse number="14">Tu, porém, permanece naquilo que aprendeste, e de que foste inteirado, sabendo de quem o tens aprendido,</verse>
		<verse number="15">e que desde a infância sabes as sagradas letras, que podem fazer-te sábio para a salvação, pela que há em Cristo Jesus.</verse>
		<verse number="16">Toda Escritura é divinamente inspirada e proveitosa para ensinar, para repreender, para corrigir, para instruir em justiça;</verse>
		<verse number="17">para que o homem de Deus seja perfeito, e perfeitamente preparado para toda boa obra.</verse>
	</chapter>
	<chapter number="4">
		<verse number="1">Conjuro-te diante de Deus e de Cristo Jesus, que há de julgar os vivos e os mortos, pela sua vinda e pelo seu reino;</verse>
		<verse number="2">prega a palavra, insta a tempo e fora de tempo, admoesta, repreende, exorta, com toda longanimidade e ensino.</verse>
		<verse number="3">Porque virá tempo em que não suportarão a sã doutrina; mas, tendo grande desejo de ouvir coisas agradáveis, ajuntarão para si mestres segundo os seus próprios desejos,</verse>
		<verse number="4">e não só desviarão os ouvidos da verdade, mas se voltarão às fábulas.</verse>
		<verse number="5">Tu, porém, sê sóbrio em tudo, sofre as aflições, faze a obra de um evangelista, cumpre o teu ministério.</verse>
		<verse number="6">Quanto a mim, já estou sendo derramado como libação, e o tempo da minha partida está próximo.</verse>
		<verse number="7">Combati o bom combate, acabei a carreira, guardei a fé.</verse>
		<verse number="8">Desde agora, a coroa da justiça me está guardada, a qual o Senhor, justo juiz, me dará naquele dia; e não somente a mim, mas também a todos os que amarem a sua vinda.</verse>
		<verse number="9">Procura vir ter comigo breve;</verse>
		<verse number="10">pois Demas me abandonou, tendo amado o mundo presente, e foi para Tessalônica, Crescente para a Galácia, Tito para a Dalmácia;</verse>
		<verse number="11">só Lucas está comigo. Toma a Marcos e traze-o contigo, porque me é muito útil para o ministério.</verse>
		<verse number="12">Quanto a Tíquico, enviei-o a Éfeso.</verse>
		<verse number="13">Quando vieres traze a capa que deixei em Trôade, em casa de Carpo, e os livros, especialmente os pergaminhos.</verse>
		<verse number="14">Alexandre, o latoeiro, me fez muito mal; o Senhor lhe retribuirá segundo as suas obras.</verse>
		<verse number="15">Tu também guarda-te dele; porque resistiu muito às nossas palavras.</verse>
		<verse number="16">Na minha primeira defesa ninguém me assistiu, antes todos me desampararam. Que isto não lhes seja imputado.</verse>
		<verse number="17">Mas o Senhor esteve ao meu lado e me fortaleceu, para que por mim fosse cumprida a pregação, e a ouvissem todos os gentios; e fiquei livre da boca do leão,</verse>
		<verse number="18">E o Senhor me livrará de toda má obra, e me levará salvo para o seu reino celestial; a quem seja glória para todo o sempre. Amém.</verse>
		<verse number="19">Saúda a Prisca e a Áquila e à casa de Onesíforo.</verse>
		<verse number="20">Erasto ficou em Corinto; a Trófimo deixei doente em Mileto.</verse>
		<verse number="21">Apressa-te a vir antes do inverno. Saúdam-te Êubulo, Pudente, Lino, Cláudia, e todos os irmãos.</verse>
		<verse number="22">O Senhor seja com o teu espírito. A graça seja convosco. ^Z</verse>
	</chapter>
</book>