﻿<?xml version="1.0" encoding="UTF-8"?>
<book name="2ª João" abbrev="2jo" chapters="1">
	<chapter number="1">
		<verse number="1">O ancião à senhora eleita, e a seus filhos, aos quais eu amo em verdade, e não somente eu, mas também todos os que conhecem a verdade,</verse>
		<verse number="2">por causa da verdade que permanece em nós, e para sempre estará conosco:</verse>
		<verse number="3">Graça, misericórdia, paz, da parte de Deus Pai e da parte de Jesus Cristo, o Filho do Pai, serão conosco em verdade e amor.</verse>
		<verse number="4">Muito me alegro por ter achado alguns de teus filhos andando na verdade, assim como recebemos mandamento do Pai.</verse>
		<verse number="5">E agora, senhora, rogo-te, não como te escrevendo um novo mandamento, mas aquele mesmo que desde o princípio tivemos: que nos amemos uns aos outros.</verse>
		<verse number="6">E o amor é este: que andemos segundo os seus mandamentos. Este é o mandamento, como já desde o princípio ouvistes, para que nele andeis.</verse>
		<verse number="7">Porque já muitos enganadores saíram pelo mundo, os quais não confessam que Jesus Cristo veio em carne. Tal é o enganador e o anticristo.</verse>
		<verse number="8">Olhai por vós mesmos, para que não percais o fruto do nosso trabalho, antes recebeis plena recompensa.</verse>
		<verse number="9">Todo aquele que vai além do ensino de Cristo e não permanece nele, não tem a Deus; quem permanece neste ensino, esse tem tanto ao Pai como ao Filho.</verse>
		<verse number="10">Se alguém vem ter convosco, e não traz este ensino, não o recebais em casa, nem tampouco o saudeis.</verse>
		<verse number="11">Porque quem o saúda participa de suas más obras.</verse>
		<verse number="12">Embora tenha eu muitas coisas para vos escrever, não o quis fazer com papel e tinta; mas espero visitar-vos e falar face a face, para que o nosso gozo seja completo.</verse>
		<verse number="13">Saúdam-te os filhos de tua irmã, a eleita.</verse>
	</chapter>
</book>