﻿<?xml version="1.0" encoding="UTF-8"?>
<book name="Filemom" abbrev="fm" chapters="1">
	<chapter number="1">
		<verse number="1">Paulo, prisioneiro de Cristo Jesus, e o irmão Timóteo, ao amado Filemom, nosso companheiro de trabalho,</verse>
		<verse number="2">e à nossa irmã Áfia, e a Arquipo, nosso companheiro de lutas, e à igreja que está em tua casa:</verse>
		<verse number="3">Graças a vós, e paz da parte de Deus nosso Pai, e do Senhor Jesus Cristo.</verse>
		<verse number="4">Sempre dou graças ao meu Deus, lembrando-me de ti nas minhas orações,</verse>
		<verse number="5">ao ouvir falar do amor e da fé que tens para com o Senhor Jesus e para com todos os santos;</verse>
		<verse number="6">para que a comunicação da tua fé se torne eficaz, no pleno conhecimento de todo o bem que em nós há para com Cristo.</verse>
		<verse number="7">Pois tive grande gozo e consolação no teu amor, porque por ti, irmão, os corações dos santos têm sido reanimados.</verse>
		<verse number="8">Pelo que, embora tenha em Cristo plena liberdade para te mandar o que convém,</verse>
		<verse number="9">todavia prefiro rogar-te por esse teu amor, sendo eu como sou, Paulo o velho, e agora até prisioneiro de Cristo Jesus,</verse>
		<verse number="10">sim, rogo-te por meu filho Onésimo, que gerei nas minhas prisões;</verse>
		<verse number="11">o qual outrora te foi inútil, mas agora a ti e a mim é muito útil;</verse>
		<verse number="12">eu to torno a enviar, a ele que é o meu próprio coração.</verse>
		<verse number="13">Eu bem quisera retê-lo comigo, para que em teu lugar me servisse nas prisões do evangelho;</verse>
		<verse number="14">mas sem o teu consentimento nada quis fazer, para que o teu benefício não fosse como por força, mas, sim, espontâneo.</verse>
		<verse number="15">Porque bem pode ser que ele se tenha separado de ti por algum tempo, para que o recobrasses para sempre,</verse>
		<verse number="16">não já como escravo, antes mais do que escravo, como irmão amado, particularmente de mim, e quanto mais de ti, tanto na carne como também no Senhor.</verse>
		<verse number="17">Assim pois, se me tens por companheiro, recebe-o como a mim mesmo.</verse>
		<verse number="18">E, se te fez algum dano, ou te deve alguma coisa, lança-o minha conta.</verse>
		<verse number="19">Eu, Paulo, de meu próprio punho o escrevo, eu o pagarei, para não te dizer que ainda a ti mesmo a mim te deves.</verse>
		<verse number="20">Sim, irmão, eu quisera regozijar-me de ti no Senhor; reanima o meu coração em Cristo.</verse>
		<verse number="21">Escrevo-te confiado na tua obediência, sabendo que farás ainda mais do que peço.</verse>
		<verse number="22">E ao mesmo tempo, prepara-me também pousada, pois espero que pelas vossas orações hei de ser concedido.</verse>
		<verse number="23">Saúda-te Epafras, meu companheiro de prisão em Cristo Jesus,</verse>
		<verse number="24">assim como Marcos, Aristarco, Demas e Lucas, meus cooperadores.</verse>
		<verse number="25">A graça do Senhor Jesus Cristo seja com o vosso espírito.</verse>
	</chapter>
</book>