﻿<?xml version="1.0" encoding="UTF-8"?>
<book name="Judas" abbrev="jd" chapters="1">
	<chapter number="1">
		<verse number="1">Judas, servo de Jesus Cristo, e irmão de Tiago, aos chamados, amados em Deus Pai, e guardados em Jesus Cristo:</verse>
		<verse number="2">Misericórdia, paz e amor vos sejam multiplicados.</verse>
		<verse number="3">Amados, enquanto eu empregava toda a diligência para escrever-vos acerca da salvação que nos é comum, senti a necessidade de vos escrever, exortando-vos a pelejar pela fé que de uma vez para sempre foi entregue aos santos.</verse>
		<verse number="4">Porque se introduziram furtivamente certos homens, que já desde há muito estavam destinados para este juízo, homens ímpios, que convertem em dissolução a graça de nosso Deus, e negam o nosso único Soberano e Senhor, Jesus Cristo.</verse>
		<verse number="5">Ora, quero lembrar-vos, se bem que já de uma vez para sempre soubestes tudo isto, que, havendo o Senhor salvo um povo, tirando-o da terra do Egito, destruiu depois os que não creram;</verse>
		<verse number="6">aos anjos que não guardaram o seu principado, mas deixaram a sua própria habitação, ele os tem reservado em prisões eternas na escuridão para o juízo do grande dia,</verse>
		<verse number="7">assim como Sodoma e Gomorra, e as cidades circunvizinhas, que, havendo-se prostituído como aqueles anjos, e ido após outra carne, foram postas como exemplo, sofrendo a pena do fogo eterno.</verse>
		<verse number="8">Contudo, semelhantemente também estes falsos mestres, sonhando, contaminam a sua carne, rejeitam toda autoridade e blasfemam das dignidades.</verse>
		<verse number="9">Mas quando o arcanjo Miguel, discutindo com o Diabo, disputava a respeito do corpo de Moisés, não ousou pronunciar contra ele juízo de maldição, mas disse: O Senhor te repreenda</verse>
		<verse number="10">Estes, porém, blasfemam de tudo o que não entendem; e, naquilo que compreendem de modo natural, como os seres irracionais, mesmo nisso se corrompem.</verse>
		<verse number="11">Ai deles! porque foram pelo caminho de Caim, e por amor do lucro se atiraram ao erro de Balaão, e pereceram na rebelião de Coré.</verse>
		<verse number="12">Estes são os escolhidos em vossos ágapes, quando se banqueteiam convosco, pastores que se apascentam a si mesmos sem temor; são nuvens sem água, levadas pelos ventos; são árvores sem folhas nem fruto, duas vezes mortas, desarraigadas;</verse>
		<verse number="13">ondas furiosas do mar, espumando as suas próprias torpezas, estrelas errantes, para as quais tem sido reservado para sempre o negrume das trevas.</verse>
		<verse number="14">Para estes também profetizou Enoque, o sétimo depois de Adão, dizendo: Eis que veio o Senhor com os seus milhares de santos,</verse>
		<verse number="15">para executar juízo sobre todos e convencer a todos os ímpios de todas as obras de impiedade, que impiamente cometeram, e de todas as duras palavras que ímpios pecadores contra ele proferiram.</verse>
		<verse number="16">Estes são murmuradores, queixosos, andando segundo as suas concupiscências; e a sua boca diz coisas muito arrogantes, adulando pessoas por causa do interesse.</verse>
		<verse number="17">Mas vós, amados, lembrai-vos das palavras que foram preditas pelos apóstolos de nosso Senhor Jesus Cristo;</verse>
		<verse number="18">os quais vos diziam: Nos últimos tempos haverá escarnecedores, andando segundo as suas ímpias concupiscências.</verse>
		<verse number="19">Estes são os que causam divisões; são sensuais, e não têm o Espírito.</verse>
		<verse number="20">Mas vós, amados, edificando-vos sobre a vossa santíssima fé, orando no Espírito Santo,</verse>
		<verse number="21">conservai-vos no amor de Deus, esperando a misericórdia de nosso Senhor Jesus Cristo para a vida eterna.</verse>
		<verse number="22">E apiedai-vos de alguns que estão na dúvida,</verse>
		<verse number="23">e salvai-os, arrebatando-os do fogo; e de outros tende misericórdia com temor, abominação até a túnica manchada pela carne.</verse>
		<verse number="24">Ora, àquele que é poderoso para vos guardar de tropeçar, e apresentar-vos ante a sua glória imaculados e jubilosos,</verse>
		<verse number="25">ao único Deus, nosso Salvador, por Jesus Cristo nosso Senhor, glória, majestade, domínio e poder, antes de todos os séculos, e agora, e para todo o sempre. Amém.</verse>
	</chapter>
</book>