﻿<?xml version="1.0" encoding="UTF-8"?>
<book name="Obadias" abbrev="ob" chapters="1">
	<chapter number="1">
		<verse number="1">Visão de Obadias. Assim diz o Senhor Deus a respeito de Edom: Temos ouvido novas da parte do Senhor, e por entre as nações foi enviado um mensageiro a dizer: Levantai-vos, e levantemo-nos contra ela para a guerra.</verse>
		<verse number="2">Eis que te farei pequeno entre as nações; serás muito desprezado.</verse>
		<verse number="3">A soberba do teu coração te enganou, ó tu que habitas nas fendas do penhasco, na tua alta morada, que dizes no teu coração: Quem me derrubará em terra?</verse>
		<verse number="4">Embora subas ao alto como águia, e embora se ponha o teu ninho entre as estrelas, dali te derrubarei, diz o Senhor.</verse>
		<verse number="5">Se a ti viessem ladrões, ou roubadores de noite {como estás destruído!}, não furtariam somente o que lhes bastasse? se a ti viessem os vindimadores, não deixariam umas uvas de rabisco?</verse>
		<verse number="6">Como foram rebuscados os bens de Esaú! como foram esquadrinhados os seus tesouros ocultos!</verse>
		<verse number="7">Todos os teus confederados te levaram para fora dos teus limites; os que estavam de paz contigo te enganaram, e prevaleceram contra ti; os que comem o teu pão põem debaixo de ti uma armadilha; não há em Edom entendimento.</verse>
		<verse number="8">Acaso não acontecerá naquele dia, diz o Senhor, que farei perecer os sábios de Edom, e o entendimento do monte de Esaú?</verse>
		<verse number="9">E os teus valentes, ó Temã, estarão atemorizados, para que do monte de Esaú seja cada um exterminado pela matança.</verse>
		<verse number="10">Por causa da violência feita a teu irmão Jacó, cobrir-te-á a confusão, e serás exterminado para sempre.</verse>
		<verse number="11">No dia em que estiveste do lado oposto, no dia em que estranhos lhe levaram os bens, e os estrangeiros lhe entraram pelas portas e lançaram sortes sobre Jerusalém, tu mesmo eras como um deles.</verse>
		<verse number="12">Mas tu não devias olhar com prazer para o dia de teu irmão no dia do seu desterro, nem alegrar-te sobre os filhos de Judá no dia da sua ruína, nem falar arrogantemente no dia da tribulação;</verse>
		<verse number="13">nem entrar pela porta do meu povo no dia da sua calamidade; sim, tu não devias olhar, satisfeito, para o seu mal, no dia da sua calamidade; nem lançar mão dos seus bens no dia da sua calamidade;</verse>
		<verse number="14">nem te postar nas encruzilhadas, para exterminares os que escapassem; nem entregar os que lhe restassem, no dia da tribulação.</verse>
		<verse number="15">Porquanto o dia do Senhor está perto, sobre todas as nações, como tu fizeste, assim se fará contigo; o teu feito tornará sobre a tua cabeça.</verse>
		<verse number="16">Pois como vós bebestes no meu santo monte, assim beberão de contínuo todas as nações; sim, beberão e sorverão, e serão como se nunca tivessem sido.</verse>
		<verse number="17">Mas no monte de Sião haverá livramento, e ele será santo; e os da casa de Jacó possuirão as suas herdades.</verse>
		<verse number="18">E a casa de Jacó será um fogo, e a casa de José uma chama, e a casa de Esaú restolho; aqueles se acenderão contra estes, e os consumirão; e ninguém mais restará da casa de Esaú; porque o Senhor o disse.</verse>
		<verse number="19">Ora, os do Negebe possuirão o monte de Esaú, e os da planície, os filisteus; possuirão também os campos de Efraim, e os campos de Samária; e Benjamim possuirá a Gileade.</verse>
		<verse number="20">Os cativos deste exército dos filhos de Israel possuirão os cananeus até Zarefate; e os cativos de Jerusalém, que estão em Sefarade, possuirão as cidades do Negebe.</verse>
		<verse number="21">Subirão salvadores ao monte de Sião para julgarem o monte de Esaú; e o reino será do Senhor.</verse>
	</chapter>
</book>