﻿<?xml version="1.0" encoding="UTF-8"?>
<book name="3ª João" abbrev="3jo" chapters="1">
	<chapter number="1">
		<verse number="1">O presbítero ao amado Gaio, a quem em verdade eu amo.</verse>
		<verse number="2">Amado, desejo que te vá bem em todas as coisas, e que tenhas saúde, assim como bem vai a tua alma.</verse>
		<verse number="3">Porque muito me alegrei quando os irmãos vieram, e testificaram da tua verdade, como tu andas na verdade.</verse>
		<verse number="4">Não tenho maior gozo do que este, o de ouvir que os meus filhos andam na verdade.</verse>
		<verse number="5">Amado, procedes fielmente em tudo o que fazes para com os irmãos, e para com os estranhos,</verse>
		<verse number="6">Que em presença da igreja testificaram do teu amor; aos quais, se conduzires como é digno para com Deus, bem farás;</verse>
		<verse number="7">Porque pelo seu Nome saíram, nada tomando dos gentios.</verse>
		<verse number="8">Portanto, aos tais devemos receber, para que sejamos cooperadores da verdade.</verse>
		<verse number="9">Tenho escrito à igreja; mas Diótrefes, que procura ter entre eles o primado, não nos recebe.</verse>
		<verse number="10">Por isso, se eu for, trarei à memória as obras que ele faz, proferindo contra nós palavras maliciosas; e, não contente com isto, não recebe os irmãos, e impede os que querem recebê-los, e os lança fora da igreja.</verse>
		<verse number="11">Amado, não sigas o mal, mas o bem. Quem faz o bem é de Deus; mas quem faz o mal não tem visto a Deus.</verse>
		<verse number="12">Todos dão testemunho de Demétrio, até a mesma verdade; e também nós testemunhamos; e vós bem sabeis que o nosso testemunho é verdadeiro.</verse>
		<verse number="13">Tinha muito que escrever, mas não quero escrever-te com tinta e pena.</verse>
		<verse number="14">Espero, porém, ver-te brevemente, e falaremos face a face.</verse>
		<verse number="15">Paz seja contigo. Os amigos te saúdam. Saúda os amigos por nome.</verse>
	</chapter>
</book>