﻿<?xml version="1.0" encoding="UTF-8"?>
<book name="1ª Tessalonicenses" abbrev="1ts" chapters="5">
	<chapter number="1">
		<verse number="1">Paulo, e Silvano, e Timóteo, à igreja dos tessalonicenses em Deus, o Pai, e no Senhor Jesus Cristo: Graça e paz tenhais de Deus nosso Pai e do Senhor Jesus Cristo.</verse>
		<verse number="2">Sempre damos graças a Deus por vós todos, fazendo menção de vós em nossas orações,</verse>
		<verse number="3">Lembrando-nos sem cessar da obra da vossa fé, do trabalho do amor, e da paciência da esperança em nosso Senhor Jesus Cristo, diante de nosso Deus e Pai,</verse>
		<verse number="4">Sabendo, amados irmãos, que a vossa eleição é de Deus;</verse>
		<verse number="5">Porque o nosso evangelho não foi a vós somente em palavras, mas também em poder, e no Espírito Santo, e em muita certeza, como bem sabeis quais fomos entre vós, por amor de vós.</verse>
		<verse number="6">E vós fostes feitos nossos imitadores, e do Senhor, recebendo a palavra em muita tribulação, com gozo do Espírito Santo.</verse>
		<verse number="7">De maneira que fostes exemplo para todos os fiéis na macedônia e Acaia.</verse>
		<verse number="8">Porque por vós soou a palavra do Senhor, não somente na macedônia e Acaia, mas também em todos os lugares a vossa fé para com Deus se espalhou, de tal maneira que já dela não temos necessidade de falar coisa alguma;</verse>
		<verse number="9">Porque eles mesmos anunciam de nós qual a entrada que tivemos para convosco, e como dos ídolos vos convertestes a Deus, para servir o Deus vivo e verdadeiro,</verse>
		<verse number="10">E esperar dos céus o seu Filho, a quem ressuscitou dentre os mortos, a saber, Jesus, que nos livra da ira futura.</verse>
	</chapter>
	<chapter number="2">
		<verse number="1">Porque vós mesmos, irmãos, bem sabeis que a nossa entrada para convosco não foi vã;</verse>
		<verse number="2">Mas, mesmo depois de termos antes padecido, e sido agravados em Filipos, como sabeis, tornamo-nos ousados em nosso Deus, para vos falar o evangelho de Deus com grande combate.</verse>
		<verse number="3">Porque a nossa exortação não foi com engano, nem com imundícia, nem com fraudulência;</verse>
		<verse number="4">Mas, como fomos aprovados de Deus para que o evangelho nos fosse confiado, assim falamos, não como para agradar aos homens, mas a Deus, que prova os nossos corações.</verse>
		<verse number="5">Porque, como bem sabeis, nunca usamos de palavras lisonjeiras, nem houve um pretexto de avareza; Deus é testemunha;</verse>
		<verse number="6">E não buscamos glória dos homens, nem de vós, nem de outros, ainda que podíamos, como apóstolos de Cristo, ser-vos pesados;</verse>
		<verse number="7">Antes fomos brandos entre vós, como a ama que cria seus filhos.</verse>
		<verse number="8">Assim nós, sendo-vos tão afeiçoados, de boa vontade quiséramos comunicar-vos, não somente o evangelho de Deus, mas ainda as nossas próprias almas; porquanto nos éreis muito queridos.</verse>
		<verse number="9">Porque bem vos lembrais, irmãos, do nosso trabalho e fadiga; pois, trabalhando noite e dia, para não sermos pesados a nenhum de vós, vos pregamos o evangelho de Deus.</verse>
		<verse number="10">Vós e Deus sois testemunhas de quão santa, e justa, e irrepreensivelmente nos houvemos para convosco, os que crestes.</verse>
		<verse number="11">Assim como bem sabeis de que modo vos exortávamos e consolávamos e testemunhávamos, a cada um de vós, como o pai a seus filhos;</verse>
		<verse number="12">Para que vos conduzísseis dignamente para com Deus, que vos chama para o seu reino e glória.</verse>
		<verse number="13">Por isso também damos, sem cessar, graças a Deus, pois, havendo recebido de nós a palavra da pregação de Deus, a recebestes, não como palavra de homens, mas (segundo é, na verdade), como palavra de Deus, a qual também opera em vós, os que crestes.</verse>
		<verse number="14">Porque vós, irmãos, haveis sido feitos imitadores das igrejas de Deus que na Judéia estão em Jesus Cristo; porquanto também padecestes de vossos próprios concidadãos o mesmo que os judeus lhes fizeram a eles,</verse>
		<verse number="15">Os quais também mataram o Senhor Jesus e os seus próprios profetas, e nos têm perseguido; e não agradam a Deus, e são contrários a todos os homens,</verse>
		<verse number="16">E nos impedem de pregar aos gentios as palavras da salvação, a fim de encherem sempre a medida de seus pecados; mas a ira de Deus caiu sobre eles até ao fim.</verse>
		<verse number="17">Nós, porém, irmãos, sendo privados de vós por um momento de tempo, de vista, mas não do coração, tanto mais procuramos com grande desejo ver o vosso rosto;</verse>
		<verse number="18">Por isso bem quisemos uma e outra vez ir ter convosco, pelo menos eu, Paulo, mas Satanás no-lo impediu.</verse>
		<verse number="19">Porque, qual é a nossa esperança, ou gozo, ou coroa de glória? Porventura não o sois vós também diante de nosso Senhor Jesus Cristo em sua vinda?</verse>
		<verse number="20">Na verdade vós sois a nossa glória e gozo.</verse>
	</chapter>
	<chapter number="3">
		<verse number="1">Por isso, não podendo esperar mais, achamos por bem ficar sozinhos em Atenas;</verse>
		<verse number="2">E enviamos Timóteo, nosso irmão, e ministro de Deus, e nosso cooperador no evangelho de Cristo, para vos confortar e vos exortar acerca da vossa fé;</verse>
		<verse number="3">Para que ninguém se comova por estas tribulações; porque vós mesmos sabeis que para isto fomos ordenados,</verse>
		<verse number="4">Pois, estando ainda convosco, vos predizíamos que havíamos de ser afligidos, como sucedeu, e vós o sabeis.</verse>
		<verse number="5">Portanto, não podendo eu também esperar mais, mandei-o saber da vossa fé, temendo que o tentador vos tentasse, e o nosso trabalho viesse a ser inútil.</verse>
		<verse number="6">Vindo, porém, agora Timóteo de vós para nós, e trazendo-nos boas novas da vossa fé e amor, e de como sempre tendes boa lembrança de nós, desejando muito ver-nos, como nós também a vós;</verse>
		<verse number="7">Por esta razão, irmãos, ficamos consolados acerca de vós, em toda a nossa aflição e necessidade, pela vossa fé,</verse>
		<verse number="8">Porque agora vivemos, se estais firmes no Senhor.</verse>
		<verse number="9">Porque, que ação de graças poderemos dar a Deus por vós, por todo o gozo com que nos regozijamos por vossa causa diante do nosso Deus,</verse>
		<verse number="10">Orando abundantemente dia e noite, para que possamos ver o vosso rosto, e supramos o que falta à vossa fé?</verse>
		<verse number="11">Ora, o mesmo nosso Deus e Pai, e nosso Senhor Jesus Cristo, encaminhem a nossa viagem para vós.</verse>
		<verse number="12">E o Senhor vos aumente, e faça crescer em amor uns para com os outros, e para com todos, como também o fazemos para convosco;</verse>
		<verse number="13">Para confirmar os vossos corações, para que sejais irrepreensíveis em santidade diante de nosso Deus e Pai, na vinda de nosso Senhor Jesus Cristo com todos os seus santos.</verse>
	</chapter>
	<chapter number="4">
		<verse number="1">Finalmente, irmãos, vos rogamos e exortamos no Senhor Jesus, que assim como recebestes de nós, de que maneira convém andar e agradar a Deus, assim andai, para que possais progredir cada vez mais.</verse>
		<verse number="2">Porque vós bem sabeis que mandamentos vos temos dado pelo Senhor Jesus.</verse>
		<verse number="3">Porque esta é a vontade de Deus, a vossa santificação; que vos abstenhais da fornicação;</verse>
		<verse number="4">Que cada um de vós saiba possuir o seu vaso em santificação e honra;</verse>
		<verse number="5">Não na paixão da concupiscência, como os gentios, que não conhecem a Deus.</verse>
		<verse number="6">Ninguém oprima ou engane a seu irmão em negócio algum, porque o Senhor é vingador de todas estas coisas, como também antes vo-lo dissemos e testificamos.</verse>
		<verse number="7">Porque não nos chamou Deus para a imundícia, mas para a santificação.</verse>
		<verse number="8">Portanto, quem despreza isto não despreza ao homem, mas sim a Deus, que nos deu também o seu Espírito Santo.</verse>
		<verse number="9">Quanto, porém, ao amor fraternal, não necessitais de que vos escreva, visto que vós mesmos estais instruídos por Deus que vos ameis uns aos outros;</verse>
		<verse number="10">Porque também já assim o fazeis para com todos os irmãos que estão por toda a macedônia. Exortamo-vos, porém, a que ainda nisto aumenteis cada vez mais.</verse>
		<verse number="11">E procureis viver quietos, e tratar dos vossos próprios negócios, e trabalhar com vossas próprias mãos, como já vo-lo temos mandado;</verse>
		<verse number="12">Para que andeis honestamente para com os que estão de fora, e não necessiteis de coisa alguma.</verse>
		<verse number="13">Não quero, porém, irmãos, que sejais ignorantes acerca dos que já dormem, para que não vos entristeçais, como os demais, que não têm esperança.</verse>
		<verse number="14">Porque, se cremos que Jesus morreu e ressuscitou, assim também aos que em Jesus dormem, Deus os tornará a trazer com ele.</verse>
		<verse number="15">Dizemo-vos, pois, isto, pela palavra do Senhor: que nós, os que ficarmos vivos para a vinda do Senhor, não precederemos os que dormem.</verse>
		<verse number="16">Porque o mesmo Senhor descerá do céu com alarido, e com voz de arcanjo, e com a trombeta de Deus; e os que morreram em Cristo ressuscitarão primeiro.</verse>
		<verse number="17">Depois nós, os que ficarmos vivos, seremos arrebatados juntamente com eles nas nuvens, a encontrar o Senhor nos ares, e assim estaremos sempre com o Senhor.</verse>
		<verse number="18">Portanto, consolai-vos uns aos outros com estas palavras.</verse>
	</chapter>
	<chapter number="5">
		<verse number="1">Mas, irmãos, acerca dos tempos e das estações, não necessitais de que se vos escreva;</verse>
		<verse number="2">Porque vós mesmos sabeis muito bem que o dia do Senhor virá como o ladrão de noite;</verse>
		<verse number="3">Pois que, quando disserem: Há paz e segurança, então lhes sobrevirá repentina destruição, como as dores de parto àquela que está grávida, e de modo nenhum escaparão.</verse>
		<verse number="4">Mas vós, irmãos, já não estais em trevas, para que aquele dia vos surpreenda como um ladrão;</verse>
		<verse number="5">Porque todos vós sois filhos da luz e filhos do dia; nós não somos da noite nem das trevas.</verse>
		<verse number="6">Não durmamos, pois, como os demais, mas vigiemos, e sejamos sóbrios;</verse>
		<verse number="7">Porque os que dormem, dormem de noite, e os que se embebedam, embebedam-se de noite.</verse>
		<verse number="8">Mas nós, que somos do dia, sejamos sóbrios, vestindo-nos da couraça da fé e do amor, e tendo por capacete a esperança da salvação;</verse>
		<verse number="9">Porque Deus não nos destinou para a ira, mas para a aquisição da salvação, por nosso Senhor Jesus Cristo,</verse>
		<verse number="10">Que morreu por nós, para que, quer vigiemos, quer durmamos, vivamos juntamente com ele.</verse>
		<verse number="11">Por isso exortai-vos uns aos outros, e edificai-vos uns aos outros, como também o fazeis.</verse>
		<verse number="12">E rogamo-vos, irmãos, que reconheçais os que trabalham entre vós e que presidem sobre vós no Senhor, e vos admoestam;</verse>
		<verse number="13">E que os tenhais em grande estima e amor, por causa da sua obra. Tende paz entre vós.</verse>
		<verse number="14">Rogamo-vos, também, irmãos, que admoesteis os desordeiros, consoleis os de pouco ânimo, sustenteis os fracos, e sejais pacientes para com todos.</verse>
		<verse number="15">Vede que ninguém dê a outrem mal por mal, mas segui sempre o bem, tanto uns para com os outros, como para com todos.</verse>
		<verse number="16">Regozijai-vos sempre.</verse>
		<verse number="17">Orai sem cessar.</verse>
		<verse number="18">Em tudo dai graças, porque esta é a vontade de Deus em Cristo Jesus para convosco.</verse>
		<verse number="19">Não extingais o Espírito.</verse>
		<verse number="20">Não desprezeis as profecias.</verse>
		<verse number="21">Examinai tudo. Retende o bem.</verse>
		<verse number="22">Abstende-vos de toda a aparência do mal.</verse>
		<verse number="23">E o mesmo Deus de paz vos santifique em tudo; e todo o vosso espírito, e alma, e corpo, sejam plenamente conservados irrepreensíveis para a vinda de nosso Senhor Jesus Cristo.</verse>
		<verse number="24">Fiel é o que vos chama, o qual também o fará.</verse>
		<verse number="25">Irmãos, orai por nós.</verse>
		<verse number="26">Saudai a todos os irmãos com ósculo santo.</verse>
		<verse number="27">Pelo Senhor vos conjuro que esta epístola seja lida a todos os santos irmãos.</verse>
		<verse number="28">A graça de nosso Senhor Jesus Cristo seja convosco. Amém.</verse>
	</chapter>
</book>