﻿<?xml version="1.0" encoding="UTF-8"?>
<book name="Ageu" abbrev="ag" chapters="2">
	<chapter number="1">
		<verse number="1">No segundo ano do rei Dario, no sexto mês, no primeiro dia do mês, veio a palavra do SENHOR, por intermédio do profeta Ageu, a Zorobabel, filho de Sealtiel, governador de Judá, e a Josué, filho de Jozadaque, o sumo sacerdote, dizendo:</verse>
		<verse number="2">Assim fala o Senhor dos Exércitos, dizendo: Este povo diz: Não veio ainda o tempo, o tempo em que a casa do Senhor deve ser edificada.</verse>
		<verse number="3">Veio, pois, a palavra do Senhor, por intermédio do profeta Ageu, dizendo:</verse>
		<verse number="4">Porventura é para vós tempo de habitardes nas vossas casas forradas, enquanto esta casa fica deserta?</verse>
		<verse number="5">Ora, pois, assim diz o Senhor dos Exércitos: Considerai os vossos caminhos.</verse>
		<verse number="6">Semeais muito, e recolheis pouco; comeis, porém não vos fartais; bebeis, porém não vos saciais; vestis-vos, porém ninguém se aquece; e o que recebe salário, recebe-o num saco furado.</verse>
		<verse number="7">Assim diz o Senhor dos Exércitos: Considerai os vossos caminhos.</verse>
		<verse number="8">Subi ao monte, e trazei madeira, e edificai a casa; e dela me agradarei, e serei glorificado, diz o Senhor.</verse>
		<verse number="9">Esperastes o muito, mas eis que veio a ser pouco; e esse pouco, quando o trouxestes para casa, eu dissipei com um sopro. Por que causa? disse o Senhor dos Exércitos. Por causa da minha casa, que está deserta, enquanto cada um de vós corre à sua própria casa.</verse>
		<verse number="10">Por isso retém os céus sobre vós o orvalho, e a terra detém os seus frutos.</verse>
		<verse number="11">E mandei vir a seca sobre a terra, e sobre os montes, e sobre o trigo, e sobre o mosto, e sobre o azeite, e sobre o que a terra produz; como também sobre os homens, e sobre o gado, e sobre todo o trabalho das mãos.</verse>
		<verse number="12">Então Zorobabel, filho de Sealtiel, e Josué, filho de Jozadaque, sumo sacerdote, e todo o restante do povo obedeceram à voz do Senhor seu Deus, e às palavras do profeta Ageu, assim como o Senhor seu Deus o enviara; e temeu o povo diante do Senhor.</verse>
		<verse number="13">Então Ageu, o mensageiro do Senhor, falou ao povo conforme a mensagem do Senhor, dizendo: Eu sou convosco, diz o Senhor.</verse>
		<verse number="14">E o Senhor suscitou o espírito de Zorobabel, filho de Sealtiel, governador de Judá, e o espírito de Josué, filho de Jozadaque, sumo sacerdote, e o espírito de todo o restante do povo, e eles vieram, e fizeram a obra na casa do Senhor dos Exércitos, seu Deus,</verse>
		<verse number="15">Ao vigésimo quarto dia do sexto mês, no segundo ano do rei Dario.</verse>
	</chapter>
	<chapter number="2">
		<verse number="1">No sétimo mês, ao vigésimo primeiro dia do mês, veio a palavra do SENHOR por intermédio do profeta Ageu, dizendo:</verse>
		<verse number="2">Fala agora a Zorobabel, filho de Sealtiel, governador de Judá, e a Josué, filho de Jozadaque, sumo sacerdote, e ao restante do povo, dizendo:</verse>
		<verse number="3">Quem há entre vós que, tendo ficado, viu esta casa na sua primeira glória? E como a vedes agora? Não é esta como nada diante dos vossos olhos, comparada com aquela?</verse>
		<verse number="4">Ora, pois, esforça-te, Zorobabel, diz o Senhor, e esforça-te, Josué, filho de Jozadaque, sumo sacerdote, e esforça-te, todo o povo da terra, diz o Senhor, e trabalhai; porque eu sou convosco, diz o Senhor dos Exércitos.</verse>
		<verse number="5">Segundo a palavra da aliança que fiz convosco, quando saístes do Egito, o meu Espírito permanece no meio de vós; não temais.</verse>
		<verse number="6">Porque assim diz o Senhor dos Exércitos: Ainda uma vez, daqui a pouco, farei tremer os céus e a terra, o mar e a terra seca;</verse>
		<verse number="7">E farei tremer todas as nações, e virão coisas preciosas de todas as nações, e encherei esta casa de glória, diz o Senhor dos Exércitos.</verse>
		<verse number="8">Minha é a prata, e meu é o ouro, disse o Senhor dos Exércitos.</verse>
		<verse number="9">A glória desta última casa será maior do que a da primeira, diz o Senhor dos Exércitos, e neste lugar darei a paz, diz o Senhor dos Exércitos.</verse>
		<verse number="10">Ao vigésimo quarto dia do mês nono, no segundo ano de Dario, veio a palavra do Senhor por intermédio do profeta Ageu, dizendo:</verse>
		<verse number="11">Assim diz o Senhor dos Exércitos: Pergunta agora aos sacerdotes, acerca da lei, dizendo:</verse>
		<verse number="12">Se alguém leva carne santa na orla das suas vestes, e com ela tocar no pão, ou no guisado, ou no vinho, ou no azeite, ou em outro qualquer mantimento, porventura ficará isto santificado? E os sacerdotes responderam: Não.</verse>
		<verse number="13">E disse Ageu: Se alguém que for contaminado pelo contato com o corpo morto, tocar nalguma destas coisas, ficará ela imunda? E os sacerdotes responderam, dizendo: Ficará imunda.</verse>
		<verse number="14">Então respondeu Ageu, dizendo: Assim é este povo, e assim é esta nação diante de mim, diz o Senhor; e assim é toda a obra das suas mãos; e tudo o que ali oferecem imundo é.</verse>
		<verse number="15">Agora, pois, eu vos rogo, considerai isto, desde este dia em diante, antes que se lançasse pedra sobre pedra no templo do Senhor,</verse>
		<verse number="16">Antes que sucedessem estas coisas, vinha alguém a um montão de grão, de vinte medidas, e havia somente dez; quando vinha ao lagar para tirar cinqüenta, havia somente vinte.</verse>
		<verse number="17">Feri-vos com queimadura, e com ferrugem, e com saraiva, em toda a obra das vossas mãos, e não houve entre vós quem voltasse para mim, diz o Senhor.</verse>
		<verse number="18">Considerai, pois, vos rogo, desde este dia em diante; desde o vigésimo quarto dia do mês nono, desde o dia em que se fundou o templo do Senhor, considerai essas coisas.</verse>
		<verse number="19">Porventura há ainda semente no celeiro? Além disso a videira, a figueira, a romeira, a oliveira, não têm dado os seus frutos; mas desde este dia vos abençoarei.</verse>
		<verse number="20">E veio a palavra do Senhor segunda vez a Ageu, aos vinte e quatro dias do mês, dizendo:</verse>
		<verse number="21">Fala a Zorobabel, governador de Judá, dizendo: Farei tremer os céus e a terra;</verse>
		<verse number="22">E transtornarei o trono dos reinos, e destruirei a força dos reinos dos gentios; e transtornarei os carros e os que neles andam; e os cavalos e os seus cavaleiros cairão, cada um pela espada do seu irmão.</verse>
		<verse number="23">Naquele dia, diz o Senhor dos Exércitos, tomar-te-ei, ó Zorobabel, servo meu, filho de Sealtiel, diz o Senhor, e far-te-ei como um anel de selar; porque te escolhi, diz o Senhor dos Exércitos.</verse>
	</chapter>
</book>