﻿<?xml version="1.0" encoding="UTF-8"?>
<book name="Miquéias" abbrev="mq" chapters="7">
	<chapter number="1">
		<verse number="1">Palavra do SENHOR, que veio a Miquéias, morastita, nos dias de Jotão, Acaz e Ezequias, reis de Judá, a qual ele viu sobre Samaria e Jerusalém.</verse>
		<verse number="2">Ouvi, todos os povos, presta atenção, ó terra, e tudo o que nela há; e seja o Senhor DEUS testemunha contra vós, o Senhor, desde o seu santo templo.</verse>
		<verse number="3">Porque eis que o Senhor está para sair do seu lugar, e descerá, e andará sobre as alturas da terra.</verse>
		<verse number="4">E os montes debaixo dele se derreterão, e os vales se fenderão, como a cera diante do fogo, como as águas que se precipitam num abismo.</verse>
		<verse number="5">Tudo isto por causa da transgressão de Jacó, e dos pecados da casa de Israel. Qual é a transgressão de Jacó? Não é Samaria? E quais os altos de Judá? Não é Jerusalém?</verse>
		<verse number="6">Por isso farei de Samaria um montão de pedras do campo, uma terra de plantar vinhas, e farei rolar as suas pedras no vale, e descobrirei os seus fundamentos.</verse>
		<verse number="7">E todas as suas imagens de escultura serão despedaçadas, e todas as suas ofertas serão queimadas pelo fogo, e de todos os seus ídolos eu farei uma assolação; porque pela paga de prostituta os ajuntou, e para a paga de prostituta voltarão.</verse>
		<verse number="8">Por isso lamentarei, e gemerei, andarei despojado e nu; farei lamentação como de chacais, e pranto como de avestruzes.</verse>
		<verse number="9">Porque a sua chaga é incurável, porque chegou até Judá; estendeu-se até à porta do meu povo, até Jerusalém.</verse>
		<verse number="10">Não o anuncieis em Gate, nem choreis muito; revolve-te no pó, na casa de Afra.</verse>
		<verse number="11">Passa, ó moradora de Safir, em vergonhosa nudez; a moradora de Zaanã não saiu; o pranto de Bete-Ezel tirará de vós a sua posição.</verse>
		<verse number="12">Porque a moradora de Marote sofre pelo bem; porque desceu do Senhor o mal até à porta de Jerusalém.</verse>
		<verse number="13">Ata os animais ligeiros ao carro, ó moradora de Laquis; esta foi o princípio do pecado para a filha de Sião, porque em ti se acharam as transgressões de Israel.</verse>
		<verse number="14">Por isso darás presentes a Moresete-Gate; as casas de Aczibe se tornarão em engano para os reis de Israel.</verse>
		<verse number="15">Ainda trarei a ti, ó moradora de Maressa, aquele que te possuirá; chegará até Adulão a glória de Israel.</verse>
		<verse number="16">Faze-te calva, e tosquia-te, por causa dos filhos das tuas delícias; alarga a tua calva como a águia, porque de ti foram levados cativos.</verse>
	</chapter>
	<chapter number="2">
		<verse number="1">Ai daqueles que nas suas camas intentam a iniqüidade, e maquinam o mal; à luz da alva o praticam, porque está no poder da sua mão!</verse>
		<verse number="2">E cobiçam campos, e roubam-nos, cobiçam casas, e arrebatam-nas; assim fazem violência a um homem e à sua casa, a uma pessoa e à sua herança.</verse>
		<verse number="3">Portanto, assim diz o Senhor: Eis que projeto um mal contra esta família, do qual não tirareis os vossos pescoços, e não andareis tão altivos, porque o tempo será mau.</verse>
		<verse number="4">Naquele dia se levantará sobre vós um provérbio, e se lamentará pranto lastimoso, dizendo: Nós estamos inteiramente desolados; a porção do meu povo ele a troca; como me despoja! Tira os nossos campos e os reparte!</verse>
		<verse number="5">Portanto, não terás tu na congregação do Senhor quem lance o cordel pela sorte.</verse>
		<verse number="6">Não profetizeis aos que profetizam; eles não profetizarão para eles, pois não se apartará a sua vergonha.</verse>
		<verse number="7">Ó vós que sois chamados casa de Jacó, porventura encurtou-se o Espírito do Senhor? São estas as suas obras? E não é assim que fazem bem as minhas palavras ao que anda retamente?</verse>
		<verse number="8">Mas ontem, se levantou o meu povo como inimigo; de sobre a vestidura tirastes a capa daqueles que passavam seguros, como homens que voltavam da guerra.</verse>
		<verse number="9">Lançastes fora as mulheres do meu povo, da casa das suas delícias; das suas crianças tirastes para sempre a minha glória.</verse>
		<verse number="10">Levantai-vos, e ide-vos, porque este não é lugar de descanso; por causa da imundícia que traz destruição, sim, destruição enorme.</verse>
		<verse number="11">Se houver alguém que, andando com espírito de falsidade, mentir, dizendo: Eu te profetizarei sobre o vinho e a bebida forte; será esse tal o profeta deste povo.</verse>
		<verse number="12">Certamente te ajuntarei todo, ó Jacó; certamente congregarei o restante de Israel; pô-los-ei todos juntos, como ovelhas de Bozra; como o rebanho no meio do seu pasto, farão estrondo por causa da multidão dos homens.</verse>
		<verse number="13">Subirá diante deles o que abrirá o caminho; eles romperão, e entrarão pela porta, e sairão por ela; e o rei irá adiante deles, e o Senhor à testa deles.</verse>
	</chapter>
	<chapter number="3">
		<verse number="1">E disse eu: Ouvi, peço-vos, ó chefes de Jacó, e vós, príncipes da casa de Israel; não é a vós que pertence saber o juízo?</verse>
		<verse number="2">A vós que odiais o bem, e amais o mal, que arrancais a pele de cima deles, e a carne de cima dos seus ossos;</verse>
		<verse number="3">E que comeis a carne do meu povo, e lhes arrancais a pele, e lhes esmiuçais os ossos, e os repartis como para a panela e como carne dentro do caldeirão.</verse>
		<verse number="4">Então clamarão ao Senhor, mas não os ouvirá; antes esconderá deles a sua face naquele tempo, visto que eles fizeram mal nas suas obras.</verse>
		<verse number="5">Assim diz o Senhor acerca dos profetas que fazem errar o meu povo, que mordem com os seus dentes, e clamam paz; mas contra aquele que nada lhes dá na boca preparam guerra.</verse>
		<verse number="6">Portanto, se vos fará noite sem visão, e tereis trevas sem adivinhação, e haverá o sol sobre os profetas, e o dia sobre eles se enegrecerá.</verse>
		<verse number="7">E os videntes se envergonharão, e os adivinhadores se confundirão; sim, todos eles cobrirão os seus lábios, porque não haverá resposta de Deus.</verse>
		<verse number="8">Mas eu estou cheio do poder do Espírito do Senhor, e de juízo e de força, para anunciar a Jacó a sua transgressão e a Israel o seu pecado.</verse>
		<verse number="9">Ouvi agora isto, vós, chefes da casa de Jacó, e príncipes da casa de Israel, que abominais o juízo e perverteis tudo o que é direito,</verse>
		<verse number="10">Edificando a Sião com sangue, e a Jerusalém com iniqüidade.</verse>
		<verse number="11">Os seus chefes dão as sentenças por suborno, e os seus sacerdotes ensinam por interesse, e os seus profetas adivinham por dinheiro; e ainda se encostam ao Senhor, dizendo: Não está o Senhor no meio de nós? Nenhum mal nos sobrevirá.</verse>
		<verse number="12">Portanto, por causa de vós, Sião será lavrada como um campo, e Jerusalém se tornará em montões de pedras, e o monte desta casa como os altos de um bosque.</verse>
	</chapter>
	<chapter number="4">
		<verse number="1">Mas nos últimos dias acontecerá que o monte da casa do SENHOR será estabelecido no cume dos montes, e se elevará sobre os outeiros, e a ele afluirão os povos.</verse>
		<verse number="2">E irão muitas nações, e dirão: Vinde, e subamos ao monte do Senhor, e à casa do Deus de Jacó, para que nos ensine os seus caminhos, e andemos pelas suas veredas; porque de Sião sairá a lei, e de Jerusalém a palavra do Senhor.</verse>
		<verse number="3">E julgará entre muitos povos, e castigará nações poderosas e longínquas, e converterão as suas espadas em pás, e as suas lanças em foices; uma nação não levantará a espada contra outra nação, nem aprenderão mais a guerra.</verse>
		<verse number="4">Mas assentar-se-á cada um debaixo da sua videira, e debaixo da sua figueira, e não haverá quem os espante, porque a boca do Senhor dos Exércitos o disse.</verse>
		<verse number="5">Porque todos os povos andam, cada um em nome do seu deus; mas nós andaremos em nome do Senhor nosso Deus, para todo o sempre.</verse>
		<verse number="6">Naquele dia, diz o Senhor, congregarei a que coxeava, e recolherei a que tinha sido expulsa, e a que eu tinha maltratado.</verse>
		<verse number="7">E da que coxeava farei um remanescente, e da que tinha sido arrojada para longe, uma nação poderosa; e o Senhor reinará sobre eles no monte Sião, desde agora e para sempre.</verse>
		<verse number="8">E a ti, ó torre do rebanho, fortaleza da filha de Sião, a ti virá; sim, a ti virá o primeiro domínio, o reino da filha de Jerusalém.</verse>
		<verse number="9">E agora, por que fazes tão grande pranto? Não há em ti rei? Pereceu o teu conselheiro? Apoderou-se de ti a dor, como da que está de parto?</verse>
		<verse number="10">Sofre dores, e trabalha, para dar à luz, ó filha de Sião, como a que está de parto, porque agora sairás da cidade, e morarás no campo, e virás até babilônia; ali, porém, serás livrada; ali te remirá o SENHOR da mão de teus inimigos.</verse>
		<verse number="11">Agora se congregaram muitas nações contra ti, que dizem: Seja profanada, e vejam os nossos olhos o seu desejo sobre Sião.</verse>
		<verse number="12">Mas não sabem os pensamentos do Senhor, nem entendem o seu conselho; porque as ajuntou como gavelas numa eira.</verse>
		<verse number="13">Levanta-te e trilha, ó filha de Sião; porque eu farei de ferro o teu chifre, e de bronze as tuas unhas; e esmiuçarás a muitos povos, e o seu ganho será consagrado ao Senhor, e os seus bens ao Senhor de toda a terra.</verse>
	</chapter>
	<chapter number="5">
		<verse number="1">Agora ajunta-te em tropas, ó filha de tropas; pôr-se-á cerco contra nós; ferirão com a vara na face ao juiz de Israel.</verse>
		<verse number="2">E tu, Belém Efrata, posto que pequena entre os milhares de Judá, de ti me sairá o que governará em Israel, e cujas saídas são desde os tempos antigos, desde os dias da eternidade.</verse>
		<verse number="3">Portanto os entregará até ao tempo em que a que está de parto tiver dado à luz; então o restante de seus irmãos voltará aos filhos de Israel.</verse>
		<verse number="4">E ele permanecerá, e apascentará ao povo na força do Senhor, na excelência do nome do Senhor seu Deus; e eles permanecerão, porque agora será engrandecido até aos fins da terra.</verse>
		<verse number="5">E este será a nossa paz; quando a Assíria vier à nossa terra, e quando pisar em nossos palácios, levantaremos contra ela sete pastores e oito príncipes dentre os homens.</verse>
		<verse number="6">Esses consumirão a terra da Assíria à espada, e a terra de Ninrode nas suas entradas. Assim nos livrará da Assíria, quando vier à nossa terra, e quando calcar os nossos termos.</verse>
		<verse number="7">E o remanescente de Jacó estará no meio de muitos povos, como orvalho da parte do Senhor, como chuvisco sobre a erva, que não espera pelo homem, nem aguarda a filhos de homens.</verse>
		<verse number="8">E o restante de Jacó estará entre os gentios, no meio de muitos povos, como um leão entre os animais do bosque, como um leãozinho entre os rebanhos de ovelhas, o qual, quando passar, pisará e despedaçará, sem que haja quem as livre.</verse>
		<verse number="9">A tua mão se exaltará sobre os teus adversários; e todos os teus inimigos serão exterminados.</verse>
		<verse number="10">E sucederá naquele dia, diz o Senhor, que eu exterminarei do meio de ti os teus cavalos, e destruirei os teus carros.</verse>
		<verse number="11">E destruirei as cidades da tua terra, e derrubarei todas as tuas fortalezas;</verse>
		<verse number="12">E exterminarei as feitiçarias da tua mão; e não terás adivinhadores;</verse>
		<verse number="13">E destruirei do meio de ti as tuas imagens de escultura e as tuas estátuas; e tu não te inclinarás mais diante da obra das tuas mãos.</verse>
		<verse number="14">E arrancarei os teus bosques do meio de ti; e destruirei as tuas cidades.</verse>
		<verse number="15">E com ira e com furor farei vingança sobre os gentios que não ouvem.</verse>
	</chapter>
	<chapter number="6">
		<verse number="1">Ouvi agora o que diz o SENHOR: Levanta-te, contende com os montes, e ouçam os outeiros a tua voz.</verse>
		<verse number="2">Ouvi, montes, a demanda do Senhor, e vós, fortes fundamentos da terra; porque o Senhor tem uma demanda com o seu povo, e com Israel entrará em juízo.</verse>
		<verse number="3">Ó povo meu; que te tenho feito? E com que te enfadei? Testifica contra mim.</verse>
		<verse number="4">Pois te fiz subir da terra do Egito, e da casa da servidão te remi; e enviei adiante de ti a Moisés, Arão e Miriã.</verse>
		<verse number="5">Povo meu, lembra-te agora do que consultou Balaque, rei de Moabe, e o que lhe respondeu Balaão, filho de Beor, e do que aconteceu desde Sitim até Gilgal, para que conheças as justiças do Senhor.</verse>
		<verse number="6">Com que me apresentarei ao Senhor, e me inclinarei diante do Deus altíssimo? Apresentar-me-ei diante dele com holocaustos, com bezerros de um ano?</verse>
		<verse number="7">Agradar-se-á o Senhor de milhares de carneiros, ou de dez mil ribeiros de azeite? Darei o meu primogênito pela minha transgressão, o fruto do meu ventre pelo pecado da minha alma?</verse>
		<verse number="8">Ele te declarou, ó homem, o que é bom; e que é o que o Senhor pede de ti, senão que pratiques a justiça, e ames a benignidade, e andes humildemente com o teu Deus?</verse>
		<verse number="9">A voz do Senhor clama à cidade e o que é sábio verá o teu nome. Ouvi a vara, e quem a ordenou.</verse>
		<verse number="10">Ainda há na casa do ímpio tesouros da impiedade, e medida escassa, que é detestável?</verse>
		<verse number="11">Seria eu limpo com balanças falsas, e com uma bolsa de pesos enganosos?</verse>
		<verse number="12">Porque os seus ricos estão cheios de violência, e os seus habitantes falam mentiras e a sua língua é enganosa na sua boca.</verse>
		<verse number="13">Assim eu também te enfraquecerei, ferindo-te e assolando-te por causa dos teus pecados.</verse>
		<verse number="14">Tu comerás, mas não te fartarás, e a tua humilhação estará no meio de ti; removerás os teus bens mas não livrarás; e aquilo que livrares, eu o entregarei à espada.</verse>
		<verse number="15">Tu semearás, mas não segarás; pisarás a azeitona, mas não te ungirás com azeite; e pisarás o mosto, mas não beberás vinho.</verse>
		<verse number="16">Porque se observam os estatutos de Onri, e toda a obra da casa de Acabe, e andais nos conselhos deles; para que eu te faça uma desolação, e dos seus habitantes um assobio; assim trareis sobre vós o opróbrio do meu povo.</verse>
	</chapter>
	<chapter number="7">
		<verse number="1">Ai de mim! porque estou feito como as colheitas de frutas do verão, como os rabiscos da vindima; não há cacho de uvas para comer, nem figos temporãos que a minha alma deseja.</verse>
		<verse number="2">Já pereceu da terra o homem piedoso, e não há entre os homens um que seja justo; todos armam ciladas para sangue; cada um caça a seu irmão com a rede,</verse>
		<verse number="3">As suas mãos fazem diligentemente o mal; assim demanda o príncipe, e o juiz julga pela recompensa, e o grande fala da corrupção da sua alma, e assim todos eles tecem o mal.</verse>
		<verse number="4">O melhor deles é como um espinho; o mais reto é pior do que a sebe de espinhos; veio o dia dos teus vigias, veio o dia da tua punição; agora será a sua confusão.</verse>
		<verse number="5">Não creiais no amigo, nem confieis no vosso guia; daquela que repousa no teu seio, guarda as portas da tua boca.</verse>
		<verse number="6">Porque o filho despreza ao pai, a filha se levanta contra sua mãe, a nora contra sua sogra, os inimigos do homem são os da sua própria casa.</verse>
		<verse number="7">Eu, porém, olharei para o Senhor; esperarei no Deus da minha salvação; o meu Deus me ouvirá.</verse>
		<verse number="8">Ó inimiga minha, não te alegres a meu respeito; ainda que eu tenha caído, levantar-me-ei; se morar nas trevas, o Senhor será a minha luz.</verse>
		<verse number="9">Sofrerei a ira do Senhor, porque pequei contra ele, até que julgue a minha causa, e execute o meu direito; ele me tirará para a luz, e eu verei a sua justiça.</verse>
		<verse number="10">E a minha inimiga verá isso, e cobri-la-á a vergonha, que me diz: Onde está o Senhor teu Deus? Os meus olhos a contemplarão; agora será ela pisada como a lama das ruas.</verse>
		<verse number="11">No dia em que reedificar os teus muros, nesse dia estará longe e dilatado o estatuto.</verse>
		<verse number="12">Naquele dia virá a ti, desde a Assíria e das cidades fortificadas, e das cidades fortificadas até ao rio, e do mar até ao mar, e da montanha até à montanha.</verse>
		<verse number="13">Mas esta terra será posta em desolação, por causa dos seus moradores, por causa do fruto das suas obras.</verse>
		<verse number="14">Apascenta o teu povo com a tua vara, o rebanho da tua herança, que habita a sós, no bosque, no meio do Carmelo; apascentem-se em Basã e Gileade, como nos dias do passado.</verse>
		<verse number="15">Eu lhes mostrarei maravilhas, como nos dias da tua saída da terra do Egito.</verse>
		<verse number="16">As nações o verão, e envergonhar-se-ão, por causa de todo o seu poder; porão a mão sobre a boca, e os seus ouvidos ficarão surdos.</verse>
		<verse number="17">Lamberão o pó como serpente, como vermes da terra, tremendo, sairão dos seus esconderijos; com pavor virão ao Senhor nosso Deus, e terão medo de ti.</verse>
		<verse number="18">Quem é Deus semelhante a ti, que perdoa a iniqüidade, e que passa por cima da rebelião do restante da sua herança? Ele não retém a sua ira para sempre, porque tem prazer na sua benignidade.</verse>
		<verse number="19">Tornará a apiedar-se de nós; sujeitará as nossas iniqüidades, e tu lançarás todos os seus pecados nas profundezas do mar.</verse>
		<verse number="20">Darás a Jacó a fidelidade, e a Abraão a benignidade, que juraste a nossos pais desde os dias antigos.</verse>
	</chapter>
</book>